#include "syn68k_private.h"

const uint16 opcode_map_index[65536] = {
  0x0382, 0x0382, 0x0382, 0x0382, 0x0382, 0x0382, 0x0382, 0x0382,  /* 0x0000 */
  0x03E1, 0x03E1, 0x03E1, 0x03E1, 0x03E1, 0x03E1, 0x03E1, 0x03E1,  /* 0x0008 */
  0x0388, 0x0388, 0x0388, 0x0388, 0x0388, 0x0388, 0x0388, 0x0388,  /* 0x0010 */
  0x039A, 0x039A, 0x039A, 0x039A, 0x039A, 0x039A, 0x039A, 0x039A,  /* 0x0018 */
  0x0394, 0x0394, 0x0394, 0x0394, 0x0394, 0x0394, 0x0394, 0x0394,  /* 0x0020 */
  0x038E, 0x038E, 0x038E, 0x038E, 0x038E, 0x038E, 0x038E, 0x038E,  /* 0x0028 */
  0x03C2, 0x03C2, 0x03C2, 0x03C2, 0x03C2, 0x03C2, 0x03C2, 0x03C2,  /* 0x0030 */
  0x03C2, 0x03C2, 0x03E1, 0x03E1, 0x03D2, 0x03E1, 0x03E1, 0x03E1,  /* 0x0038 */
  0x0384, 0x0384, 0x0384, 0x0384, 0x0384, 0x0384, 0x0384, 0x0384,  /* 0x0040 */
  0x03E1, 0x03E1, 0x03E1, 0x03E1, 0x03E1, 0x03E1, 0x03E1, 0x03E1,  /* 0x0048 */
  0x038A, 0x038A, 0x038A, 0x038A, 0x038A, 0x038A, 0x038A, 0x038A,  /* 0x0050 */
  0x039C, 0x039C, 0x039C, 0x039C, 0x039C, 0x039C, 0x039C, 0x039C,  /* 0x0058 */
  0x0396, 0x0396, 0x0396, 0x0396, 0x0396, 0x0396, 0x0396, 0x0396,  /* 0x0060 */
  0x0390, 0x0390, 0x0390, 0x0390, 0x0390, 0x0390, 0x0390, 0x0390,  /* 0x0068 */
  0x03C8, 0x03C8, 0x03C8, 0x03C8, 0x03C8, 0x03C8, 0x03C8, 0x03C8,  /* 0x0070 */
  0x03C8, 0x03C8, 0x03E1, 0x03E1, 0x03DE, 0x03E1, 0x03E1, 0x03E1,  /* 0x0078 */
  0x0386, 0x0386, 0x0386, 0x0386, 0x0386, 0x0386, 0x0386, 0x0386,  /* 0x0080 */
  0x03E1, 0x03E1, 0x03E1, 0x03E1, 0x03E1, 0x03E1, 0x03E1, 0x03E1,  /* 0x0088 */
  0x038C, 0x038C, 0x038C, 0x038C, 0x038C, 0x038C, 0x038C, 0x038C,  /* 0x0090 */
  0x039E, 0x039E, 0x039E, 0x039E, 0x039E, 0x039E, 0x039E, 0x039E,  /* 0x0098 */
  0x0398, 0x0398, 0x0398, 0x0398, 0x0398, 0x0398, 0x0398, 0x0398,  /* 0x00A0 */
  0x0392, 0x0392, 0x0392, 0x0392, 0x0392, 0x0392, 0x0392, 0x0392,  /* 0x00A8 */
  0x03CE, 0x03CE, 0x03CE, 0x03CE, 0x03CE, 0x03CE, 0x03CE, 0x03CE,  /* 0x00B0 */
  0x03CE, 0x03CE, 0x03E1, 0x03E1, 0x03E1, 0x03E1, 0x03E1, 0x03E1,  /* 0x00B8 */
  0x03E1, 0x03E1, 0x03E1, 0x03E1, 0x03E1, 0x03E1, 0x03E1, 0x03E1,  /* 0x00C0 */
  0x03E1, 0x03E1, 0x03E1, 0x03E1, 0x03E1, 0x03E1, 0x03E1, 0x03E1,  /* 0x00C8 */
  0x0479, 0x0479, 0x0479, 0x0479, 0x0479, 0x0479, 0x0479, 0x0479,  /* 0x00D0 */
  0x03E1, 0x03E1, 0x03E1, 0x03E1, 0x03E1, 0x03E1, 0x03E1, 0x03E1,  /* 0x00D8 */
  0x03E1, 0x03E1, 0x03E1, 0x03E1, 0x03E1, 0x03E1, 0x03E1, 0x03E1,  /* 0x00E0 */
  0x0479, 0x0479, 0x0479, 0x0479, 0x0479, 0x0479, 0x0479, 0x0479,  /* 0x00E8 */
  0x0479, 0x0479, 0x0479, 0x0479, 0x0479, 0x0479, 0x0479, 0x0479,  /* 0x00F0 */
  0x0479, 0x0479, 0x0479, 0x0479, 0x03E1, 0x03E1, 0x03E1, 0x03E1,  /* 0x00F8 */
  0x0459, 0x0459, 0x0459, 0x0459, 0x0459, 0x0459, 0x0459, 0x0459,  /* 0x0100 */
  0x05C5, 0x05C5, 0x05C5, 0x05C5, 0x05C5, 0x05C5, 0x05C5, 0x05C5,  /* 0x0108 */
  0x045A, 0x045A, 0x045A, 0x045A, 0x045A, 0x045A, 0x045A, 0x045A,  /* 0x0110 */
  0x045A, 0x045A, 0x045A, 0x045A, 0x045A, 0x045A, 0x045A, 0x045A,  /* 0x0118 */
  0x045A, 0x045A, 0x045A, 0x045A, 0x045A, 0x045A, 0x045A, 0x045A,  /* 0x0120 */
  0x045A, 0x045A, 0x045A, 0x045A, 0x045A, 0x045A, 0x045A, 0x045A,  /* 0x0128 */
  0x045A, 0x045A, 0x045A, 0x045A, 0x045A, 0x045A, 0x045A, 0x045A,  /* 0x0130 */
  0x045A, 0x045A, 0x045A, 0x045A, 0x03E1, 0x03E1, 0x03E1, 0x03E1,  /* 0x0138 */
  0x0441, 0x0441, 0x0441, 0x0441, 0x0441, 0x0441, 0x0441, 0x0441,  /* 0x0140 */
  0x05C6, 0x05C6, 0x05C6, 0x05C6, 0x05C6, 0x05C6, 0x05C6, 0x05C6,  /* 0x0148 */
  0x0443, 0x0443, 0x0443, 0x0443, 0x0443, 0x0443, 0x0443, 0x0443,  /* 0x0150 */
  0x0443, 0x0443, 0x0443, 0x0443, 0x0443, 0x0443, 0x0443, 0x0443,  /* 0x0158 */
  0x0443, 0x0443, 0x0443, 0x0443, 0x0443, 0x0443, 0x0443, 0x0443,  /* 0x0160 */
  0x0443, 0x0443, 0x0443, 0x0443, 0x0443, 0x0443, 0x0443, 0x0443,  /* 0x0168 */
  0x0443, 0x0443, 0x0443, 0x0443, 0x0443, 0x0443, 0x0443, 0x0443,  /* 0x0170 */
  0x0443, 0x0443, 0x03E1, 0x03E1, 0x03E1, 0x03E1, 0x03E1, 0x03E1,  /* 0x0178 */
  0x0451, 0x0451, 0x0451, 0x0451, 0x0451, 0x0451, 0x0451, 0x0451,  /* 0x0180 */
  0x05C3, 0x05C3, 0x05C3, 0x05C3, 0x05C3, 0x05C3, 0x05C3, 0x05C3,  /* 0x0188 */
  0x0453, 0x0453, 0x0453, 0x0453, 0x0453, 0x0453, 0x0453, 0x0453,  /* 0x0190 */
  0x0453, 0x0453, 0x0453, 0x0453, 0x0453, 0x0453, 0x0453, 0x0453,  /* 0x0198 */
  0x0453, 0x0453, 0x0453, 0x0453, 0x0453, 0x0453, 0x0453, 0x0453,  /* 0x01A0 */
  0x0453, 0x0453, 0x0453, 0x0453, 0x0453, 0x0453, 0x0453, 0x0453,  /* 0x01A8 */
  0x0453, 0x0453, 0x0453, 0x0453, 0x0453, 0x0453, 0x0453, 0x0453,  /* 0x01B0 */
  0x0453, 0x0453, 0x03E1, 0x03E1, 0x03E1, 0x03E1, 0x03E1, 0x03E1,  /* 0x01B8 */
  0x0449, 0x0449, 0x0449, 0x0449, 0x0449, 0x0449, 0x0449, 0x0449,  /* 0x01C0 */
  0x05C4, 0x05C4, 0x05C4, 0x05C4, 0x05C4, 0x05C4, 0x05C4, 0x05C4,  /* 0x01C8 */
  0x044B, 0x044B, 0x044B, 0x044B, 0x044B, 0x044B, 0x044B, 0x044B,  /* 0x01D0 */
  0x044B, 0x044B, 0x044B, 0x044B, 0x044B, 0x044B, 0x044B, 0x044B,  /* 0x01D8 */
  0x044B, 0x044B, 0x044B, 0x044B, 0x044B, 0x044B, 0x044B, 0x044B,  /* 0x01E0 */
  0x044B, 0x044B, 0x044B, 0x044B, 0x044B, 0x044B, 0x044B, 0x044B,  /* 0x01E8 */
  0x044B, 0x044B, 0x044B, 0x044B, 0x044B, 0x044B, 0x044B, 0x044B,  /* 0x01F0 */
  0x044B, 0x044B, 0x03E1, 0x03E1, 0x03E1, 0x03E1, 0x03E1, 0x03E1,  /* 0x01F8 */
  0x0364, 0x0364, 0x0364, 0x0364, 0x0364, 0x0364, 0x0364, 0x0364,  /* 0x0200 */
  0x03E1, 0x03E1, 0x03E1, 0x03E1, 0x03E1, 0x03E1, 0x03E1, 0x03E1,  /* 0x0208 */
  0x036A, 0x036A, 0x036A, 0x036A, 0x036A, 0x036A, 0x036A, 0x036A,  /* 0x0210 */
  0x037C, 0x037C, 0x037C, 0x037C, 0x037C, 0x037C, 0x037C, 0x037C,  /* 0x0218 */
  0x0376, 0x0376, 0x0376, 0x0376, 0x0376, 0x0376, 0x0376, 0x0376,  /* 0x0220 */
  0x0370, 0x0370, 0x0370, 0x0370, 0x0370, 0x0370, 0x0370, 0x0370,  /* 0x0228 */
  0x03C0, 0x03C0, 0x03C0, 0x03C0, 0x03C0, 0x03C0, 0x03C0, 0x03C0,  /* 0x0230 */
  0x03C0, 0x03C0, 0x03E1, 0x03E1, 0x03D0, 0x03E1, 0x03E1, 0x03E1,  /* 0x0238 */
  0x0366, 0x0366, 0x0366, 0x0366, 0x0366, 0x0366, 0x0366, 0x0366,  /* 0x0240 */
  0x03E1, 0x03E1, 0x03E1, 0x03E1, 0x03E1, 0x03E1, 0x03E1, 0x03E1,  /* 0x0248 */
  0x036C, 0x036C, 0x036C, 0x036C, 0x036C, 0x036C, 0x036C, 0x036C,  /* 0x0250 */
  0x037E, 0x037E, 0x037E, 0x037E, 0x037E, 0x037E, 0x037E, 0x037E,  /* 0x0258 */
  0x0378, 0x0378, 0x0378, 0x0378, 0x0378, 0x0378, 0x0378, 0x0378,  /* 0x0260 */
  0x0372, 0x0372, 0x0372, 0x0372, 0x0372, 0x0372, 0x0372, 0x0372,  /* 0x0268 */
  0x03C6, 0x03C6, 0x03C6, 0x03C6, 0x03C6, 0x03C6, 0x03C6, 0x03C6,  /* 0x0270 */
  0x03C6, 0x03C6, 0x03E1, 0x03E1, 0x03DD, 0x03E1, 0x03E1, 0x03E1,  /* 0x0278 */
  0x0368, 0x0368, 0x0368, 0x0368, 0x0368, 0x0368, 0x0368, 0x0368,  /* 0x0280 */
  0x03E1, 0x03E1, 0x03E1, 0x03E1, 0x03E1, 0x03E1, 0x03E1, 0x03E1,  /* 0x0288 */
  0x036E, 0x036E, 0x036E, 0x036E, 0x036E, 0x036E, 0x036E, 0x036E,  /* 0x0290 */
  0x0380, 0x0380, 0x0380, 0x0380, 0x0380, 0x0380, 0x0380, 0x0380,  /* 0x0298 */
  0x037A, 0x037A, 0x037A, 0x037A, 0x037A, 0x037A, 0x037A, 0x037A,  /* 0x02A0 */
  0x0374, 0x0374, 0x0374, 0x0374, 0x0374, 0x0374, 0x0374, 0x0374,  /* 0x02A8 */
  0x03CC, 0x03CC, 0x03CC, 0x03CC, 0x03CC, 0x03CC, 0x03CC, 0x03CC,  /* 0x02B0 */
  0x03CC, 0x03CC, 0x03E1, 0x03E1, 0x03E1, 0x03E1, 0x03E1, 0x03E1,  /* 0x02B8 */
  0x03E1, 0x03E1, 0x03E1, 0x03E1, 0x03E1, 0x03E1, 0x03E1, 0x03E1,  /* 0x02C0 */
  0x03E1, 0x03E1, 0x03E1, 0x03E1, 0x03E1, 0x03E1, 0x03E1, 0x03E1,  /* 0x02C8 */
  0x047A, 0x047A, 0x047A, 0x047A, 0x047A, 0x047A, 0x047A, 0x047A,  /* 0x02D0 */
  0x03E1, 0x03E1, 0x03E1, 0x03E1, 0x03E1, 0x03E1, 0x03E1, 0x03E1,  /* 0x02D8 */
  0x03E1, 0x03E1, 0x03E1, 0x03E1, 0x03E1, 0x03E1, 0x03E1, 0x03E1,  /* 0x02E0 */
  0x047A, 0x047A, 0x047A, 0x047A, 0x047A, 0x047A, 0x047A, 0x047A,  /* 0x02E8 */
  0x047A, 0x047A, 0x047A, 0x047A, 0x047A, 0x047A, 0x047A, 0x047A,  /* 0x02F0 */
  0x047A, 0x047A, 0x047A, 0x047A, 0x03E1, 0x03E1, 0x03E1, 0x03E1,  /* 0x02F8 */
  0x0459, 0x0459, 0x0459, 0x0459, 0x0459, 0x0459, 0x0459, 0x0459,  /* 0x0300 */
  0x05C5, 0x05C5, 0x05C5, 0x05C5, 0x05C5, 0x05C5, 0x05C5, 0x05C5,  /* 0x0308 */
  0x045A, 0x045A, 0x045A, 0x045A, 0x045A, 0x045A, 0x045A, 0x045A,  /* 0x0310 */
  0x045A, 0x045A, 0x045A, 0x045A, 0x045A, 0x045A, 0x045A, 0x045A,  /* 0x0318 */
  0x045A, 0x045A, 0x045A, 0x045A, 0x045A, 0x045A, 0x045A, 0x045A,  /* 0x0320 */
  0x045A, 0x045A, 0x045A, 0x045A, 0x045A, 0x045A, 0x045A, 0x045A,  /* 0x0328 */
  0x045A, 0x045A, 0x045A, 0x045A, 0x045A, 0x045A, 0x045A, 0x045A,  /* 0x0330 */
  0x045A, 0x045A, 0x045A, 0x045A, 0x03E1, 0x03E1, 0x03E1, 0x03E1,  /* 0x0338 */
  0x0441, 0x0441, 0x0441, 0x0441, 0x0441, 0x0441, 0x0441, 0x0441,  /* 0x0340 */
  0x05C6, 0x05C6, 0x05C6, 0x05C6, 0x05C6, 0x05C6, 0x05C6, 0x05C6,  /* 0x0348 */
  0x0443, 0x0443, 0x0443, 0x0443, 0x0443, 0x0443, 0x0443, 0x0443,  /* 0x0350 */
  0x0443, 0x0443, 0x0443, 0x0443, 0x0443, 0x0443, 0x0443, 0x0443,  /* 0x0358 */
  0x0443, 0x0443, 0x0443, 0x0443, 0x0443, 0x0443, 0x0443, 0x0443,  /* 0x0360 */
  0x0443, 0x0443, 0x0443, 0x0443, 0x0443, 0x0443, 0x0443, 0x0443,  /* 0x0368 */
  0x0443, 0x0443, 0x0443, 0x0443, 0x0443, 0x0443, 0x0443, 0x0443,  /* 0x0370 */
  0x0443, 0x0443, 0x03E1, 0x03E1, 0x03E1, 0x03E1, 0x03E1, 0x03E1,  /* 0x0378 */
  0x0451, 0x0451, 0x0451, 0x0451, 0x0451, 0x0451, 0x0451, 0x0451,  /* 0x0380 */
  0x05C3, 0x05C3, 0x05C3, 0x05C3, 0x05C3, 0x05C3, 0x05C3, 0x05C3,  /* 0x0388 */
  0x0453, 0x0453, 0x0453, 0x0453, 0x0453, 0x0453, 0x0453, 0x0453,  /* 0x0390 */
  0x0453, 0x0453, 0x0453, 0x0453, 0x0453, 0x0453, 0x0453, 0x0453,  /* 0x0398 */
  0x0453, 0x0453, 0x0453, 0x0453, 0x0453, 0x0453, 0x0453, 0x0453,  /* 0x03A0 */
  0x0453, 0x0453, 0x0453, 0x0453, 0x0453, 0x0453, 0x0453, 0x0453,  /* 0x03A8 */
  0x0453, 0x0453, 0x0453, 0x0453, 0x0453, 0x0453, 0x0453, 0x0453,  /* 0x03B0 */
  0x0453, 0x0453, 0x03E1, 0x03E1, 0x03E1, 0x03E1, 0x03E1, 0x03E1,  /* 0x03B8 */
  0x0449, 0x0449, 0x0449, 0x0449, 0x0449, 0x0449, 0x0449, 0x0449,  /* 0x03C0 */
  0x05C4, 0x05C4, 0x05C4, 0x05C4, 0x05C4, 0x05C4, 0x05C4, 0x05C4,  /* 0x03C8 */
  0x044B, 0x044B, 0x044B, 0x044B, 0x044B, 0x044B, 0x044B, 0x044B,  /* 0x03D0 */
  0x044B, 0x044B, 0x044B, 0x044B, 0x044B, 0x044B, 0x044B, 0x044B,  /* 0x03D8 */
  0x044B, 0x044B, 0x044B, 0x044B, 0x044B, 0x044B, 0x044B, 0x044B,  /* 0x03E0 */
  0x044B, 0x044B, 0x044B, 0x044B, 0x044B, 0x044B, 0x044B, 0x044B,  /* 0x03E8 */
  0x044B, 0x044B, 0x044B, 0x044B, 0x044B, 0x044B, 0x044B, 0x044B,  /* 0x03F0 */
  0x044B, 0x044B, 0x03E1, 0x03E1, 0x03E1, 0x03E1, 0x03E1, 0x03E1,  /* 0x03F8 */
  0x0146, 0x0146, 0x0146, 0x0146, 0x0146, 0x0146, 0x0146, 0x0146,  /* 0x0400 */
  0x03E1, 0x03E1, 0x03E1, 0x03E1, 0x03E1, 0x03E1, 0x03E1, 0x03E1,  /* 0x0408 */
  0x0158, 0x0158, 0x0158, 0x0158, 0x0158, 0x0158, 0x0158, 0x0158,  /* 0x0410 */
  0x016A, 0x016A, 0x016A, 0x016A, 0x016A, 0x016A, 0x016A, 0x016A,  /* 0x0418 */
  0x0164, 0x0164, 0x0164, 0x0164, 0x0164, 0x0164, 0x0164, 0x0164,  /* 0x0420 */
  0x015E, 0x015E, 0x015E, 0x015E, 0x015E, 0x015E, 0x015E, 0x015E,  /* 0x0428 */
  0x018B, 0x018B, 0x018B, 0x018B, 0x018B, 0x018B, 0x018B, 0x018B,  /* 0x0430 */
  0x014C, 0x0152, 0x03E1, 0x03E1, 0x03E1, 0x03E1, 0x03E1, 0x03E1,  /* 0x0438 */
  0x0148, 0x0148, 0x0148, 0x0148, 0x0148, 0x0148, 0x0148, 0x0148,  /* 0x0440 */
  0x03E1, 0x03E1, 0x03E1, 0x03E1, 0x03E1, 0x03E1, 0x03E1, 0x03E1,  /* 0x0448 */
  0x015A, 0x015A, 0x015A, 0x015A, 0x015A, 0x015A, 0x015A, 0x015A,  /* 0x0450 */
  0x016C, 0x016C, 0x016C, 0x016C, 0x016C, 0x016C, 0x016C, 0x016C,  /* 0x0458 */
  0x0166, 0x0166, 0x0166, 0x0166, 0x0166, 0x0166, 0x0166, 0x0166,  /* 0x0460 */
  0x0160, 0x0160, 0x0160, 0x0160, 0x0160, 0x0160, 0x0160, 0x0160,  /* 0x0468 */
  0x018F, 0x018F, 0x018F, 0x018F, 0x018F, 0x018F, 0x018F, 0x018F,  /* 0x0470 */
  0x014E, 0x0154, 0x03E1, 0x03E1, 0x03E1, 0x03E1, 0x03E1, 0x03E1,  /* 0x0478 */
  0x014A, 0x014A, 0x014A, 0x014A, 0x014A, 0x014A, 0x014A, 0x014A,  /* 0x0480 */
  0x03E1, 0x03E1, 0x03E1, 0x03E1, 0x03E1, 0x03E1, 0x03E1, 0x03E1,  /* 0x0488 */
  0x015C, 0x015C, 0x015C, 0x015C, 0x015C, 0x015C, 0x015C, 0x015C,  /* 0x0490 */
  0x016E, 0x016E, 0x016E, 0x016E, 0x016E, 0x016E, 0x016E, 0x016E,  /* 0x0498 */
  0x0168, 0x0168, 0x0168, 0x0168, 0x0168, 0x0168, 0x0168, 0x0168,  /* 0x04A0 */
  0x0162, 0x0162, 0x0162, 0x0162, 0x0162, 0x0162, 0x0162, 0x0162,  /* 0x04A8 */
  0x0193, 0x0193, 0x0193, 0x0193, 0x0193, 0x0193, 0x0193, 0x0193,  /* 0x04B0 */
  0x0150, 0x0156, 0x03E1, 0x03E1, 0x03E1, 0x03E1, 0x03E1, 0x03E1,  /* 0x04B8 */
  0x03E1, 0x03E1, 0x03E1, 0x03E1, 0x03E1, 0x03E1, 0x03E1, 0x03E1,  /* 0x04C0 */
  0x03E1, 0x03E1, 0x03E1, 0x03E1, 0x03E1, 0x03E1, 0x03E1, 0x03E1,  /* 0x04C8 */
  0x047B, 0x047B, 0x047B, 0x047B, 0x047B, 0x047B, 0x047B, 0x047B,  /* 0x04D0 */
  0x03E1, 0x03E1, 0x03E1, 0x03E1, 0x03E1, 0x03E1, 0x03E1, 0x03E1,  /* 0x04D8 */
  0x03E1, 0x03E1, 0x03E1, 0x03E1, 0x03E1, 0x03E1, 0x03E1, 0x03E1,  /* 0x04E0 */
  0x047B, 0x047B, 0x047B, 0x047B, 0x047B, 0x047B, 0x047B, 0x047B,  /* 0x04E8 */
  0x047B, 0x047B, 0x047B, 0x047B, 0x047B, 0x047B, 0x047B, 0x047B,  /* 0x04F0 */
  0x047B, 0x047B, 0x047B, 0x047B, 0x03E1, 0x03E1, 0x03E1, 0x03E1,  /* 0x04F8 */
  0x0459, 0x0459, 0x0459, 0x0459, 0x0459, 0x0459, 0x0459, 0x0459,  /* 0x0500 */
  0x05C5, 0x05C5, 0x05C5, 0x05C5, 0x05C5, 0x05C5, 0x05C5, 0x05C5,  /* 0x0508 */
  0x045A, 0x045A, 0x045A, 0x045A, 0x045A, 0x045A, 0x045A, 0x045A,  /* 0x0510 */
  0x045A, 0x045A, 0x045A, 0x045A, 0x045A, 0x045A, 0x045A, 0x045A,  /* 0x0518 */
  0x045A, 0x045A, 0x045A, 0x045A, 0x045A, 0x045A, 0x045A, 0x045A,  /* 0x0520 */
  0x045A, 0x045A, 0x045A, 0x045A, 0x045A, 0x045A, 0x045A, 0x045A,  /* 0x0528 */
  0x045A, 0x045A, 0x045A, 0x045A, 0x045A, 0x045A, 0x045A, 0x045A,  /* 0x0530 */
  0x045A, 0x045A, 0x045A, 0x045A, 0x03E1, 0x03E1, 0x03E1, 0x03E1,  /* 0x0538 */
  0x0441, 0x0441, 0x0441, 0x0441, 0x0441, 0x0441, 0x0441, 0x0441,  /* 0x0540 */
  0x05C6, 0x05C6, 0x05C6, 0x05C6, 0x05C6, 0x05C6, 0x05C6, 0x05C6,  /* 0x0548 */
  0x0443, 0x0443, 0x0443, 0x0443, 0x0443, 0x0443, 0x0443, 0x0443,  /* 0x0550 */
  0x0443, 0x0443, 0x0443, 0x0443, 0x0443, 0x0443, 0x0443, 0x0443,  /* 0x0558 */
  0x0443, 0x0443, 0x0443, 0x0443, 0x0443, 0x0443, 0x0443, 0x0443,  /* 0x0560 */
  0x0443, 0x0443, 0x0443, 0x0443, 0x0443, 0x0443, 0x0443, 0x0443,  /* 0x0568 */
  0x0443, 0x0443, 0x0443, 0x0443, 0x0443, 0x0443, 0x0443, 0x0443,  /* 0x0570 */
  0x0443, 0x0443, 0x03E1, 0x03E1, 0x03E1, 0x03E1, 0x03E1, 0x03E1,  /* 0x0578 */
  0x0451, 0x0451, 0x0451, 0x0451, 0x0451, 0x0451, 0x0451, 0x0451,  /* 0x0580 */
  0x05C3, 0x05C3, 0x05C3, 0x05C3, 0x05C3, 0x05C3, 0x05C3, 0x05C3,  /* 0x0588 */
  0x0453, 0x0453, 0x0453, 0x0453, 0x0453, 0x0453, 0x0453, 0x0453,  /* 0x0590 */
  0x0453, 0x0453, 0x0453, 0x0453, 0x0453, 0x0453, 0x0453, 0x0453,  /* 0x0598 */
  0x0453, 0x0453, 0x0453, 0x0453, 0x0453, 0x0453, 0x0453, 0x0453,  /* 0x05A0 */
  0x0453, 0x0453, 0x0453, 0x0453, 0x0453, 0x0453, 0x0453, 0x0453,  /* 0x05A8 */
  0x0453, 0x0453, 0x0453, 0x0453, 0x0453, 0x0453, 0x0453, 0x0453,  /* 0x05B0 */
  0x0453, 0x0453, 0x03E1, 0x03E1, 0x03E1, 0x03E1, 0x03E1, 0x03E1,  /* 0x05B8 */
  0x0449, 0x0449, 0x0449, 0x0449, 0x0449, 0x0449, 0x0449, 0x0449,  /* 0x05C0 */
  0x05C4, 0x05C4, 0x05C4, 0x05C4, 0x05C4, 0x05C4, 0x05C4, 0x05C4,  /* 0x05C8 */
  0x044B, 0x044B, 0x044B, 0x044B, 0x044B, 0x044B, 0x044B, 0x044B,  /* 0x05D0 */
  0x044B, 0x044B, 0x044B, 0x044B, 0x044B, 0x044B, 0x044B, 0x044B,  /* 0x05D8 */
  0x044B, 0x044B, 0x044B, 0x044B, 0x044B, 0x044B, 0x044B, 0x044B,  /* 0x05E0 */
  0x044B, 0x044B, 0x044B, 0x044B, 0x044B, 0x044B, 0x044B, 0x044B,  /* 0x05E8 */
  0x044B, 0x044B, 0x044B, 0x044B, 0x044B, 0x044B, 0x044B, 0x044B,  /* 0x05F0 */
  0x044B, 0x044B, 0x03E1, 0x03E1, 0x03E1, 0x03E1, 0x03E1, 0x03E1,  /* 0x05F8 */
  0x011C, 0x011C, 0x011C, 0x011C, 0x011C, 0x011C, 0x011C, 0x011C,  /* 0x0600 */
  0x03E1, 0x03E1, 0x03E1, 0x03E1, 0x03E1, 0x03E1, 0x03E1, 0x03E1,  /* 0x0608 */
  0x012E, 0x012E, 0x012E, 0x012E, 0x012E, 0x012E, 0x012E, 0x012E,  /* 0x0610 */
  0x0140, 0x0140, 0x0140, 0x0140, 0x0140, 0x0140, 0x0140, 0x0140,  /* 0x0618 */
  0x013A, 0x013A, 0x013A, 0x013A, 0x013A, 0x013A, 0x013A, 0x013A,  /* 0x0620 */
  0x0134, 0x0134, 0x0134, 0x0134, 0x0134, 0x0134, 0x0134, 0x0134,  /* 0x0628 */
  0x0189, 0x0189, 0x0189, 0x0189, 0x0189, 0x0189, 0x0189, 0x0189,  /* 0x0630 */
  0x0122, 0x0128, 0x03E1, 0x03E1, 0x03E1, 0x03E1, 0x03E1, 0x03E1,  /* 0x0638 */
  0x011E, 0x011E, 0x011E, 0x011E, 0x011E, 0x011E, 0x011E, 0x011E,  /* 0x0640 */
  0x03E1, 0x03E1, 0x03E1, 0x03E1, 0x03E1, 0x03E1, 0x03E1, 0x03E1,  /* 0x0648 */
  0x0130, 0x0130, 0x0130, 0x0130, 0x0130, 0x0130, 0x0130, 0x0130,  /* 0x0650 */
  0x0142, 0x0142, 0x0142, 0x0142, 0x0142, 0x0142, 0x0142, 0x0142,  /* 0x0658 */
  0x013C, 0x013C, 0x013C, 0x013C, 0x013C, 0x013C, 0x013C, 0x013C,  /* 0x0660 */
  0x0136, 0x0136, 0x0136, 0x0136, 0x0136, 0x0136, 0x0136, 0x0136,  /* 0x0668 */
  0x018D, 0x018D, 0x018D, 0x018D, 0x018D, 0x018D, 0x018D, 0x018D,  /* 0x0670 */
  0x0124, 0x012A, 0x03E1, 0x03E1, 0x03E1, 0x03E1, 0x03E1, 0x03E1,  /* 0x0678 */
  0x0120, 0x0120, 0x0120, 0x0120, 0x0120, 0x0120, 0x0120, 0x0120,  /* 0x0680 */
  0x03E1, 0x03E1, 0x03E1, 0x03E1, 0x03E1, 0x03E1, 0x03E1, 0x03E1,  /* 0x0688 */
  0x0132, 0x0132, 0x0132, 0x0132, 0x0132, 0x0132, 0x0132, 0x0132,  /* 0x0690 */
  0x0144, 0x0144, 0x0144, 0x0144, 0x0144, 0x0144, 0x0144, 0x0144,  /* 0x0698 */
  0x013E, 0x013E, 0x013E, 0x013E, 0x013E, 0x013E, 0x013E, 0x013E,  /* 0x06A0 */
  0x0138, 0x0138, 0x0138, 0x0138, 0x0138, 0x0138, 0x0138, 0x0138,  /* 0x06A8 */
  0x0191, 0x0191, 0x0191, 0x0191, 0x0191, 0x0191, 0x0191, 0x0191,  /* 0x06B0 */
  0x0126, 0x012C, 0x03E1, 0x03E1, 0x03E1, 0x03E1, 0x03E1, 0x03E1,  /* 0x06B8 */
  0x03E1, 0x03E1, 0x03E1, 0x03E1, 0x03E1, 0x03E1, 0x03E1, 0x03E1,  /* 0x06C0 */
  0x03E1, 0x03E1, 0x03E1, 0x03E1, 0x03E1, 0x03E1, 0x03E1, 0x03E1,  /* 0x06C8 */
  0x03E1, 0x03E1, 0x03E1, 0x03E1, 0x03E1, 0x03E1, 0x03E1, 0x03E1,  /* 0x06D0 */
  0x03E1, 0x03E1, 0x03E1, 0x03E1, 0x03E1, 0x03E1, 0x03E1, 0x03E1,  /* 0x06D8 */
  0x03E1, 0x03E1, 0x03E1, 0x03E1, 0x03E1, 0x03E1, 0x03E1, 0x03E1,  /* 0x06E0 */
  0x03E1, 0x03E1, 0x03E1, 0x03E1, 0x03E1, 0x03E1, 0x03E1, 0x03E1,  /* 0x06E8 */
  0x03E1, 0x03E1, 0x03E1, 0x03E1, 0x03E1, 0x03E1, 0x03E1, 0x03E1,  /* 0x06F0 */
  0x03E1, 0x03E1, 0x03E1, 0x03E1, 0x03E1, 0x03E1, 0x03E1, 0x03E1,  /* 0x06F8 */
  0x0459, 0x0459, 0x0459, 0x0459, 0x0459, 0x0459, 0x0459, 0x0459,  /* 0x0700 */
  0x05C5, 0x05C5, 0x05C5, 0x05C5, 0x05C5, 0x05C5, 0x05C5, 0x05C5,  /* 0x0708 */
  0x045A, 0x045A, 0x045A, 0x045A, 0x045A, 0x045A, 0x045A, 0x045A,  /* 0x0710 */
  0x045A, 0x045A, 0x045A, 0x045A, 0x045A, 0x045A, 0x045A, 0x045A,  /* 0x0718 */
  0x045A, 0x045A, 0x045A, 0x045A, 0x045A, 0x045A, 0x045A, 0x045A,  /* 0x0720 */
  0x045A, 0x045A, 0x045A, 0x045A, 0x045A, 0x045A, 0x045A, 0x045A,  /* 0x0728 */
  0x045A, 0x045A, 0x045A, 0x045A, 0x045A, 0x045A, 0x045A, 0x045A,  /* 0x0730 */
  0x045A, 0x045A, 0x045A, 0x045A, 0x03E1, 0x03E1, 0x03E1, 0x03E1,  /* 0x0738 */
  0x0441, 0x0441, 0x0441, 0x0441, 0x0441, 0x0441, 0x0441, 0x0441,  /* 0x0740 */
  0x05C6, 0x05C6, 0x05C6, 0x05C6, 0x05C6, 0x05C6, 0x05C6, 0x05C6,  /* 0x0748 */
  0x0443, 0x0443, 0x0443, 0x0443, 0x0443, 0x0443, 0x0443, 0x0443,  /* 0x0750 */
  0x0443, 0x0443, 0x0443, 0x0443, 0x0443, 0x0443, 0x0443, 0x0443,  /* 0x0758 */
  0x0443, 0x0443, 0x0443, 0x0443, 0x0443, 0x0443, 0x0443, 0x0443,  /* 0x0760 */
  0x0443, 0x0443, 0x0443, 0x0443, 0x0443, 0x0443, 0x0443, 0x0443,  /* 0x0768 */
  0x0443, 0x0443, 0x0443, 0x0443, 0x0443, 0x0443, 0x0443, 0x0443,  /* 0x0770 */
  0x0443, 0x0443, 0x03E1, 0x03E1, 0x03E1, 0x03E1, 0x03E1, 0x03E1,  /* 0x0778 */
  0x0451, 0x0451, 0x0451, 0x0451, 0x0451, 0x0451, 0x0451, 0x0451,  /* 0x0780 */
  0x05C3, 0x05C3, 0x05C3, 0x05C3, 0x05C3, 0x05C3, 0x05C3, 0x05C3,  /* 0x0788 */
  0x0453, 0x0453, 0x0453, 0x0453, 0x0453, 0x0453, 0x0453, 0x0453,  /* 0x0790 */
  0x0453, 0x0453, 0x0453, 0x0453, 0x0453, 0x0453, 0x0453, 0x0453,  /* 0x0798 */
  0x0453, 0x0453, 0x0453, 0x0453, 0x0453, 0x0453, 0x0453, 0x0453,  /* 0x07A0 */
  0x0453, 0x0453, 0x0453, 0x0453, 0x0453, 0x0453, 0x0453, 0x0453,  /* 0x07A8 */
  0x0453, 0x0453, 0x0453, 0x0453, 0x0453, 0x0453, 0x0453, 0x0453,  /* 0x07B0 */
  0x0453, 0x0453, 0x03E1, 0x03E1, 0x03E1, 0x03E1, 0x03E1, 0x03E1,  /* 0x07B8 */
  0x0449, 0x0449, 0x0449, 0x0449, 0x0449, 0x0449, 0x0449, 0x0449,  /* 0x07C0 */
  0x05C4, 0x05C4, 0x05C4, 0x05C4, 0x05C4, 0x05C4, 0x05C4, 0x05C4,  /* 0x07C8 */
  0x044B, 0x044B, 0x044B, 0x044B, 0x044B, 0x044B, 0x044B, 0x044B,  /* 0x07D0 */
  0x044B, 0x044B, 0x044B, 0x044B, 0x044B, 0x044B, 0x044B, 0x044B,  /* 0x07D8 */
  0x044B, 0x044B, 0x044B, 0x044B, 0x044B, 0x044B, 0x044B, 0x044B,  /* 0x07E0 */
  0x044B, 0x044B, 0x044B, 0x044B, 0x044B, 0x044B, 0x044B, 0x044B,  /* 0x07E8 */
  0x044B, 0x044B, 0x044B, 0x044B, 0x044B, 0x044B, 0x044B, 0x044B,  /* 0x07F0 */
  0x044B, 0x044B, 0x03E1, 0x03E1, 0x03E1, 0x03E1, 0x03E1, 0x03E1,  /* 0x07F8 */
  0x045B, 0x045B, 0x045B, 0x045B, 0x045B, 0x045B, 0x045B, 0x045B,  /* 0x0800 */
  0x03E1, 0x03E1, 0x03E1, 0x03E1, 0x03E1, 0x03E1, 0x03E1, 0x03E1,  /* 0x0808 */
  0x045C, 0x045C, 0x045C, 0x045C, 0x045C, 0x045C, 0x045C, 0x045C,  /* 0x0810 */
  0x045C, 0x045C, 0x045C, 0x045C, 0x045C, 0x045C, 0x045C, 0x045C,  /* 0x0818 */
  0x045C, 0x045C, 0x045C, 0x045C, 0x045C, 0x045C, 0x045C, 0x045C,  /* 0x0820 */
  0x045C, 0x045C, 0x045C, 0x045C, 0x045C, 0x045C, 0x045C, 0x045C,  /* 0x0828 */
  0x045C, 0x045C, 0x045C, 0x045C, 0x045C, 0x045C, 0x045C, 0x045C,  /* 0x0830 */
  0x045C, 0x045C, 0x045C, 0x045C, 0x03E1, 0x03E1, 0x03E1, 0x03E1,  /* 0x0838 */
  0x0445, 0x0445, 0x0445, 0x0445, 0x0445, 0x0445, 0x0445, 0x0445,  /* 0x0840 */
  0x03E1, 0x03E1, 0x03E1, 0x03E1, 0x03E1, 0x03E1, 0x03E1, 0x03E1,  /* 0x0848 */
  0x0447, 0x0447, 0x0447, 0x0447, 0x0447, 0x0447, 0x0447, 0x0447,  /* 0x0850 */
  0x0447, 0x0447, 0x0447, 0x0447, 0x0447, 0x0447, 0x0447, 0x0447,  /* 0x0858 */
  0x0447, 0x0447, 0x0447, 0x0447, 0x0447, 0x0447, 0x0447, 0x0447,  /* 0x0860 */
  0x0447, 0x0447, 0x0447, 0x0447, 0x0447, 0x0447, 0x0447, 0x0447,  /* 0x0868 */
  0x0447, 0x0447, 0x0447, 0x0447, 0x0447, 0x0447, 0x0447, 0x0447,  /* 0x0870 */
  0x0447, 0x0447, 0x03E1, 0x03E1, 0x03E1, 0x03E1, 0x03E1, 0x03E1,  /* 0x0878 */
  0x0455, 0x0455, 0x0455, 0x0455, 0x0455, 0x0455, 0x0455, 0x0455,  /* 0x0880 */
  0x03E1, 0x03E1, 0x03E1, 0x03E1, 0x03E1, 0x03E1, 0x03E1, 0x03E1,  /* 0x0888 */
  0x0457, 0x0457, 0x0457, 0x0457, 0x0457, 0x0457, 0x0457, 0x0457,  /* 0x0890 */
  0x0457, 0x0457, 0x0457, 0x0457, 0x0457, 0x0457, 0x0457, 0x0457,  /* 0x0898 */
  0x0457, 0x0457, 0x0457, 0x0457, 0x0457, 0x0457, 0x0457, 0x0457,  /* 0x08A0 */
  0x0457, 0x0457, 0x0457, 0x0457, 0x0457, 0x0457, 0x0457, 0x0457,  /* 0x08A8 */
  0x0457, 0x0457, 0x0457, 0x0457, 0x0457, 0x0457, 0x0457, 0x0457,  /* 0x08B0 */
  0x0457, 0x0457, 0x03E1, 0x03E1, 0x03E1, 0x03E1, 0x03E1, 0x03E1,  /* 0x08B8 */
  0x044D, 0x044D, 0x044D, 0x044D, 0x044D, 0x044D, 0x044D, 0x044D,  /* 0x08C0 */
  0x03E1, 0x03E1, 0x03E1, 0x03E1, 0x03E1, 0x03E1, 0x03E1, 0x03E1,  /* 0x08C8 */
  0x044F, 0x044F, 0x044F, 0x044F, 0x044F, 0x044F, 0x044F, 0x044F,  /* 0x08D0 */
  0x044F, 0x044F, 0x044F, 0x044F, 0x044F, 0x044F, 0x044F, 0x044F,  /* 0x08D8 */
  0x044F, 0x044F, 0x044F, 0x044F, 0x044F, 0x044F, 0x044F, 0x044F,  /* 0x08E0 */
  0x044F, 0x044F, 0x044F, 0x044F, 0x044F, 0x044F, 0x044F, 0x044F,  /* 0x08E8 */
  0x044F, 0x044F, 0x044F, 0x044F, 0x044F, 0x044F, 0x044F, 0x044F,  /* 0x08F0 */
  0x044F, 0x044F, 0x03E1, 0x03E1, 0x03E1, 0x03E1, 0x03E1, 0x03E1,  /* 0x08F8 */
  0x0459, 0x0459, 0x0459, 0x0459, 0x0459, 0x0459, 0x0459, 0x0459,  /* 0x0900 */
  0x05C5, 0x05C5, 0x05C5, 0x05C5, 0x05C5, 0x05C5, 0x05C5, 0x05C5,  /* 0x0908 */
  0x045A, 0x045A, 0x045A, 0x045A, 0x045A, 0x045A, 0x045A, 0x045A,  /* 0x0910 */
  0x045A, 0x045A, 0x045A, 0x045A, 0x045A, 0x045A, 0x045A, 0x045A,  /* 0x0918 */
  0x045A, 0x045A, 0x045A, 0x045A, 0x045A, 0x045A, 0x045A, 0x045A,  /* 0x0920 */
  0x045A, 0x045A, 0x045A, 0x045A, 0x045A, 0x045A, 0x045A, 0x045A,  /* 0x0928 */
  0x045A, 0x045A, 0x045A, 0x045A, 0x045A, 0x045A, 0x045A, 0x045A,  /* 0x0930 */
  0x045A, 0x045A, 0x045A, 0x045A, 0x03E1, 0x03E1, 0x03E1, 0x03E1,  /* 0x0938 */
  0x0441, 0x0441, 0x0441, 0x0441, 0x0441, 0x0441, 0x0441, 0x0441,  /* 0x0940 */
  0x05C6, 0x05C6, 0x05C6, 0x05C6, 0x05C6, 0x05C6, 0x05C6, 0x05C6,  /* 0x0948 */
  0x0443, 0x0443, 0x0443, 0x0443, 0x0443, 0x0443, 0x0443, 0x0443,  /* 0x0950 */
  0x0443, 0x0443, 0x0443, 0x0443, 0x0443, 0x0443, 0x0443, 0x0443,  /* 0x0958 */
  0x0443, 0x0443, 0x0443, 0x0443, 0x0443, 0x0443, 0x0443, 0x0443,  /* 0x0960 */
  0x0443, 0x0443, 0x0443, 0x0443, 0x0443, 0x0443, 0x0443, 0x0443,  /* 0x0968 */
  0x0443, 0x0443, 0x0443, 0x0443, 0x0443, 0x0443, 0x0443, 0x0443,  /* 0x0970 */
  0x0443, 0x0443, 0x03E1, 0x03E1, 0x03E1, 0x03E1, 0x03E1, 0x03E1,  /* 0x0978 */
  0x0451, 0x0451, 0x0451, 0x0451, 0x0451, 0x0451, 0x0451, 0x0451,  /* 0x0980 */
  0x05C3, 0x05C3, 0x05C3, 0x05C3, 0x05C3, 0x05C3, 0x05C3, 0x05C3,  /* 0x0988 */
  0x0453, 0x0453, 0x0453, 0x0453, 0x0453, 0x0453, 0x0453, 0x0453,  /* 0x0990 */
  0x0453, 0x0453, 0x0453, 0x0453, 0x0453, 0x0453, 0x0453, 0x0453,  /* 0x0998 */
  0x0453, 0x0453, 0x0453, 0x0453, 0x0453, 0x0453, 0x0453, 0x0453,  /* 0x09A0 */
  0x0453, 0x0453, 0x0453, 0x0453, 0x0453, 0x0453, 0x0453, 0x0453,  /* 0x09A8 */
  0x0453, 0x0453, 0x0453, 0x0453, 0x0453, 0x0453, 0x0453, 0x0453,  /* 0x09B0 */
  0x0453, 0x0453, 0x03E1, 0x03E1, 0x03E1, 0x03E1, 0x03E1, 0x03E1,  /* 0x09B8 */
  0x0449, 0x0449, 0x0449, 0x0449, 0x0449, 0x0449, 0x0449, 0x0449,  /* 0x09C0 */
  0x05C4, 0x05C4, 0x05C4, 0x05C4, 0x05C4, 0x05C4, 0x05C4, 0x05C4,  /* 0x09C8 */
  0x044B, 0x044B, 0x044B, 0x044B, 0x044B, 0x044B, 0x044B, 0x044B,  /* 0x09D0 */
  0x044B, 0x044B, 0x044B, 0x044B, 0x044B, 0x044B, 0x044B, 0x044B,  /* 0x09D8 */
  0x044B, 0x044B, 0x044B, 0x044B, 0x044B, 0x044B, 0x044B, 0x044B,  /* 0x09E0 */
  0x044B, 0x044B, 0x044B, 0x044B, 0x044B, 0x044B, 0x044B, 0x044B,  /* 0x09E8 */
  0x044B, 0x044B, 0x044B, 0x044B, 0x044B, 0x044B, 0x044B, 0x044B,  /* 0x09F0 */
  0x044B, 0x044B, 0x03E1, 0x03E1, 0x03E1, 0x03E1, 0x03E1, 0x03E1,  /* 0x09F8 */
  0x03A0, 0x03A0, 0x03A0, 0x03A0, 0x03A0, 0x03A0, 0x03A0, 0x03A0,  /* 0x0A00 */
  0x03E1, 0x03E1, 0x03E1, 0x03E1, 0x03E1, 0x03E1, 0x03E1, 0x03E1,  /* 0x0A08 */
  0x03A6, 0x03A6, 0x03A6, 0x03A6, 0x03A6, 0x03A6, 0x03A6, 0x03A6,  /* 0x0A10 */
  0x03B8, 0x03B8, 0x03B8, 0x03B8, 0x03B8, 0x03B8, 0x03B8, 0x03B8,  /* 0x0A18 */
  0x03B2, 0x03B2, 0x03B2, 0x03B2, 0x03B2, 0x03B2, 0x03B2, 0x03B2,  /* 0x0A20 */
  0x03AC, 0x03AC, 0x03AC, 0x03AC, 0x03AC, 0x03AC, 0x03AC, 0x03AC,  /* 0x0A28 */
  0x03BE, 0x03BE, 0x03BE, 0x03BE, 0x03BE, 0x03BE, 0x03BE, 0x03BE,  /* 0x0A30 */
  0x03BE, 0x03BE, 0x03E1, 0x03E1, 0x03D1, 0x03E1, 0x03E1, 0x03E1,  /* 0x0A38 */
  0x03A2, 0x03A2, 0x03A2, 0x03A2, 0x03A2, 0x03A2, 0x03A2, 0x03A2,  /* 0x0A40 */
  0x03E1, 0x03E1, 0x03E1, 0x03E1, 0x03E1, 0x03E1, 0x03E1, 0x03E1,  /* 0x0A48 */
  0x03A8, 0x03A8, 0x03A8, 0x03A8, 0x03A8, 0x03A8, 0x03A8, 0x03A8,  /* 0x0A50 */
  0x03BA, 0x03BA, 0x03BA, 0x03BA, 0x03BA, 0x03BA, 0x03BA, 0x03BA,  /* 0x0A58 */
  0x03B4, 0x03B4, 0x03B4, 0x03B4, 0x03B4, 0x03B4, 0x03B4, 0x03B4,  /* 0x0A60 */
  0x03AE, 0x03AE, 0x03AE, 0x03AE, 0x03AE, 0x03AE, 0x03AE, 0x03AE,  /* 0x0A68 */
  0x03C4, 0x03C4, 0x03C4, 0x03C4, 0x03C4, 0x03C4, 0x03C4, 0x03C4,  /* 0x0A70 */
  0x03C4, 0x03C4, 0x03E1, 0x03E1, 0x03DF, 0x03E1, 0x03E1, 0x03E1,  /* 0x0A78 */
  0x03A4, 0x03A4, 0x03A4, 0x03A4, 0x03A4, 0x03A4, 0x03A4, 0x03A4,  /* 0x0A80 */
  0x03E1, 0x03E1, 0x03E1, 0x03E1, 0x03E1, 0x03E1, 0x03E1, 0x03E1,  /* 0x0A88 */
  0x03AA, 0x03AA, 0x03AA, 0x03AA, 0x03AA, 0x03AA, 0x03AA, 0x03AA,  /* 0x0A90 */
  0x03BC, 0x03BC, 0x03BC, 0x03BC, 0x03BC, 0x03BC, 0x03BC, 0x03BC,  /* 0x0A98 */
  0x03B6, 0x03B6, 0x03B6, 0x03B6, 0x03B6, 0x03B6, 0x03B6, 0x03B6,  /* 0x0AA0 */
  0x03B0, 0x03B0, 0x03B0, 0x03B0, 0x03B0, 0x03B0, 0x03B0, 0x03B0,  /* 0x0AA8 */
  0x03CA, 0x03CA, 0x03CA, 0x03CA, 0x03CA, 0x03CA, 0x03CA, 0x03CA,  /* 0x0AB0 */
  0x03CA, 0x03CA, 0x03E1, 0x03E1, 0x03E1, 0x03E1, 0x03E1, 0x03E1,  /* 0x0AB8 */
  0x03E1, 0x03E1, 0x03E1, 0x03E1, 0x03E1, 0x03E1, 0x03E1, 0x03E1,  /* 0x0AC0 */
  0x03E1, 0x03E1, 0x03E1, 0x03E1, 0x03E1, 0x03E1, 0x03E1, 0x03E1,  /* 0x0AC8 */
  0x0470, 0x0470, 0x0470, 0x0470, 0x0470, 0x0470, 0x0470, 0x0470,  /* 0x0AD0 */
  0x0470, 0x0470, 0x0470, 0x0470, 0x0470, 0x0470, 0x0470, 0x0470,  /* 0x0AD8 */
  0x0470, 0x0470, 0x0470, 0x0470, 0x0470, 0x0470, 0x0470, 0x0470,  /* 0x0AE0 */
  0x0470, 0x0470, 0x0470, 0x0470, 0x0470, 0x0470, 0x0470, 0x0470,  /* 0x0AE8 */
  0x0470, 0x0470, 0x0470, 0x0470, 0x0470, 0x0470, 0x0470, 0x0470,  /* 0x0AF0 */
  0x0470, 0x0470, 0x03E1, 0x03E1, 0x03E1, 0x03E1, 0x03E1, 0x03E1,  /* 0x0AF8 */
  0x0459, 0x0459, 0x0459, 0x0459, 0x0459, 0x0459, 0x0459, 0x0459,  /* 0x0B00 */
  0x05C5, 0x05C5, 0x05C5, 0x05C5, 0x05C5, 0x05C5, 0x05C5, 0x05C5,  /* 0x0B08 */
  0x045A, 0x045A, 0x045A, 0x045A, 0x045A, 0x045A, 0x045A, 0x045A,  /* 0x0B10 */
  0x045A, 0x045A, 0x045A, 0x045A, 0x045A, 0x045A, 0x045A, 0x045A,  /* 0x0B18 */
  0x045A, 0x045A, 0x045A, 0x045A, 0x045A, 0x045A, 0x045A, 0x045A,  /* 0x0B20 */
  0x045A, 0x045A, 0x045A, 0x045A, 0x045A, 0x045A, 0x045A, 0x045A,  /* 0x0B28 */
  0x045A, 0x045A, 0x045A, 0x045A, 0x045A, 0x045A, 0x045A, 0x045A,  /* 0x0B30 */
  0x045A, 0x045A, 0x045A, 0x045A, 0x03E1, 0x03E1, 0x03E1, 0x03E1,  /* 0x0B38 */
  0x0441, 0x0441, 0x0441, 0x0441, 0x0441, 0x0441, 0x0441, 0x0441,  /* 0x0B40 */
  0x05C6, 0x05C6, 0x05C6, 0x05C6, 0x05C6, 0x05C6, 0x05C6, 0x05C6,  /* 0x0B48 */
  0x0443, 0x0443, 0x0443, 0x0443, 0x0443, 0x0443, 0x0443, 0x0443,  /* 0x0B50 */
  0x0443, 0x0443, 0x0443, 0x0443, 0x0443, 0x0443, 0x0443, 0x0443,  /* 0x0B58 */
  0x0443, 0x0443, 0x0443, 0x0443, 0x0443, 0x0443, 0x0443, 0x0443,  /* 0x0B60 */
  0x0443, 0x0443, 0x0443, 0x0443, 0x0443, 0x0443, 0x0443, 0x0443,  /* 0x0B68 */
  0x0443, 0x0443, 0x0443, 0x0443, 0x0443, 0x0443, 0x0443, 0x0443,  /* 0x0B70 */
  0x0443, 0x0443, 0x03E1, 0x03E1, 0x03E1, 0x03E1, 0x03E1, 0x03E1,  /* 0x0B78 */
  0x0451, 0x0451, 0x0451, 0x0451, 0x0451, 0x0451, 0x0451, 0x0451,  /* 0x0B80 */
  0x05C3, 0x05C3, 0x05C3, 0x05C3, 0x05C3, 0x05C3, 0x05C3, 0x05C3,  /* 0x0B88 */
  0x0453, 0x0453, 0x0453, 0x0453, 0x0453, 0x0453, 0x0453, 0x0453,  /* 0x0B90 */
  0x0453, 0x0453, 0x0453, 0x0453, 0x0453, 0x0453, 0x0453, 0x0453,  /* 0x0B98 */
  0x0453, 0x0453, 0x0453, 0x0453, 0x0453, 0x0453, 0x0453, 0x0453,  /* 0x0BA0 */
  0x0453, 0x0453, 0x0453, 0x0453, 0x0453, 0x0453, 0x0453, 0x0453,  /* 0x0BA8 */
  0x0453, 0x0453, 0x0453, 0x0453, 0x0453, 0x0453, 0x0453, 0x0453,  /* 0x0BB0 */
  0x0453, 0x0453, 0x03E1, 0x03E1, 0x03E1, 0x03E1, 0x03E1, 0x03E1,  /* 0x0BB8 */
  0x0449, 0x0449, 0x0449, 0x0449, 0x0449, 0x0449, 0x0449, 0x0449,  /* 0x0BC0 */
  0x05C4, 0x05C4, 0x05C4, 0x05C4, 0x05C4, 0x05C4, 0x05C4, 0x05C4,  /* 0x0BC8 */
  0x044B, 0x044B, 0x044B, 0x044B, 0x044B, 0x044B, 0x044B, 0x044B,  /* 0x0BD0 */
  0x044B, 0x044B, 0x044B, 0x044B, 0x044B, 0x044B, 0x044B, 0x044B,  /* 0x0BD8 */
  0x044B, 0x044B, 0x044B, 0x044B, 0x044B, 0x044B, 0x044B, 0x044B,  /* 0x0BE0 */
  0x044B, 0x044B, 0x044B, 0x044B, 0x044B, 0x044B, 0x044B, 0x044B,  /* 0x0BE8 */
  0x044B, 0x044B, 0x044B, 0x044B, 0x044B, 0x044B, 0x044B, 0x044B,  /* 0x0BF0 */
  0x044B, 0x044B, 0x03E1, 0x03E1, 0x03E1, 0x03E1, 0x03E1, 0x03E1,  /* 0x0BF8 */
  0x0170, 0x0170, 0x0170, 0x0170, 0x0170, 0x0170, 0x0170, 0x0170,  /* 0x0C00 */
  0x03E1, 0x03E1, 0x03E1, 0x03E1, 0x03E1, 0x03E1, 0x03E1, 0x03E1,  /* 0x0C08 */
  0x0179, 0x0179, 0x0179, 0x0179, 0x0179, 0x0179, 0x0179, 0x0179,  /* 0x0C10 */
  0x0182, 0x0182, 0x0182, 0x0182, 0x0182, 0x0182, 0x0182, 0x0182,  /* 0x0C18 */
  0x017F, 0x017F, 0x017F, 0x017F, 0x017F, 0x017F, 0x017F, 0x017F,  /* 0x0C20 */
  0x017C, 0x017C, 0x017C, 0x017C, 0x017C, 0x017C, 0x017C, 0x017C,  /* 0x0C28 */
  0x025D, 0x025D, 0x025D, 0x025D, 0x025D, 0x025D, 0x025D, 0x025D,  /* 0x0C30 */
  0x0173, 0x0176, 0x025D, 0x025D, 0x03E1, 0x03E1, 0x03E1, 0x03E1,  /* 0x0C38 */
  0x0171, 0x0171, 0x0171, 0x0171, 0x0171, 0x0171, 0x0171, 0x0171,  /* 0x0C40 */
  0x03E1, 0x03E1, 0x03E1, 0x03E1, 0x03E1, 0x03E1, 0x03E1, 0x03E1,  /* 0x0C48 */
  0x017A, 0x017A, 0x017A, 0x017A, 0x017A, 0x017A, 0x017A, 0x017A,  /* 0x0C50 */
  0x0183, 0x0183, 0x0183, 0x0183, 0x0183, 0x0183, 0x0183, 0x0183,  /* 0x0C58 */
  0x0180, 0x0180, 0x0180, 0x0180, 0x0180, 0x0180, 0x0180, 0x0180,  /* 0x0C60 */
  0x017D, 0x017D, 0x017D, 0x017D, 0x017D, 0x017D, 0x017D, 0x017D,  /* 0x0C68 */
  0x025E, 0x025E, 0x025E, 0x025E, 0x025E, 0x025E, 0x025E, 0x025E,  /* 0x0C70 */
  0x0174, 0x0177, 0x025E, 0x025E, 0x03E1, 0x03E1, 0x03E1, 0x03E1,  /* 0x0C78 */
  0x0172, 0x0172, 0x0172, 0x0172, 0x0172, 0x0172, 0x0172, 0x0172,  /* 0x0C80 */
  0x03E1, 0x03E1, 0x03E1, 0x03E1, 0x03E1, 0x03E1, 0x03E1, 0x03E1,  /* 0x0C88 */
  0x017B, 0x017B, 0x017B, 0x017B, 0x017B, 0x017B, 0x017B, 0x017B,  /* 0x0C90 */
  0x0184, 0x0184, 0x0184, 0x0184, 0x0184, 0x0184, 0x0184, 0x0184,  /* 0x0C98 */
  0x0181, 0x0181, 0x0181, 0x0181, 0x0181, 0x0181, 0x0181, 0x0181,  /* 0x0CA0 */
  0x017E, 0x017E, 0x017E, 0x017E, 0x017E, 0x017E, 0x017E, 0x017E,  /* 0x0CA8 */
  0x025F, 0x025F, 0x025F, 0x025F, 0x025F, 0x025F, 0x025F, 0x025F,  /* 0x0CB0 */
  0x0175, 0x0178, 0x025F, 0x025F, 0x03E1, 0x03E1, 0x03E1, 0x03E1,  /* 0x0CB8 */
  0x03E1, 0x03E1, 0x03E1, 0x03E1, 0x03E1, 0x03E1, 0x03E1, 0x03E1,  /* 0x0CC0 */
  0x03E1, 0x03E1, 0x03E1, 0x03E1, 0x03E1, 0x03E1, 0x03E1, 0x03E1,  /* 0x0CC8 */
  0x0471, 0x0471, 0x0471, 0x0471, 0x0471, 0x0471, 0x0471, 0x0471,  /* 0x0CD0 */
  0x0471, 0x0471, 0x0471, 0x0471, 0x0471, 0x0471, 0x0471, 0x0471,  /* 0x0CD8 */
  0x0471, 0x0471, 0x0471, 0x0471, 0x0471, 0x0471, 0x0471, 0x0471,  /* 0x0CE0 */
  0x0471, 0x0471, 0x0471, 0x0471, 0x0471, 0x0471, 0x0471, 0x0471,  /* 0x0CE8 */
  0x0471, 0x0471, 0x0471, 0x0471, 0x0471, 0x0471, 0x0471, 0x0471,  /* 0x0CF0 */
  0x0471, 0x0471, 0x03E1, 0x03E1, 0x046E, 0x03E1, 0x03E1, 0x03E1,  /* 0x0CF8 */
  0x0459, 0x0459, 0x0459, 0x0459, 0x0459, 0x0459, 0x0459, 0x0459,  /* 0x0D00 */
  0x05C5, 0x05C5, 0x05C5, 0x05C5, 0x05C5, 0x05C5, 0x05C5, 0x05C5,  /* 0x0D08 */
  0x045A, 0x045A, 0x045A, 0x045A, 0x045A, 0x045A, 0x045A, 0x045A,  /* 0x0D10 */
  0x045A, 0x045A, 0x045A, 0x045A, 0x045A, 0x045A, 0x045A, 0x045A,  /* 0x0D18 */
  0x045A, 0x045A, 0x045A, 0x045A, 0x045A, 0x045A, 0x045A, 0x045A,  /* 0x0D20 */
  0x045A, 0x045A, 0x045A, 0x045A, 0x045A, 0x045A, 0x045A, 0x045A,  /* 0x0D28 */
  0x045A, 0x045A, 0x045A, 0x045A, 0x045A, 0x045A, 0x045A, 0x045A,  /* 0x0D30 */
  0x045A, 0x045A, 0x045A, 0x045A, 0x03E1, 0x03E1, 0x03E1, 0x03E1,  /* 0x0D38 */
  0x0441, 0x0441, 0x0441, 0x0441, 0x0441, 0x0441, 0x0441, 0x0441,  /* 0x0D40 */
  0x05C6, 0x05C6, 0x05C6, 0x05C6, 0x05C6, 0x05C6, 0x05C6, 0x05C6,  /* 0x0D48 */
  0x0443, 0x0443, 0x0443, 0x0443, 0x0443, 0x0443, 0x0443, 0x0443,  /* 0x0D50 */
  0x0443, 0x0443, 0x0443, 0x0443, 0x0443, 0x0443, 0x0443, 0x0443,  /* 0x0D58 */
  0x0443, 0x0443, 0x0443, 0x0443, 0x0443, 0x0443, 0x0443, 0x0443,  /* 0x0D60 */
  0x0443, 0x0443, 0x0443, 0x0443, 0x0443, 0x0443, 0x0443, 0x0443,  /* 0x0D68 */
  0x0443, 0x0443, 0x0443, 0x0443, 0x0443, 0x0443, 0x0443, 0x0443,  /* 0x0D70 */
  0x0443, 0x0443, 0x03E1, 0x03E1, 0x03E1, 0x03E1, 0x03E1, 0x03E1,  /* 0x0D78 */
  0x0451, 0x0451, 0x0451, 0x0451, 0x0451, 0x0451, 0x0451, 0x0451,  /* 0x0D80 */
  0x05C3, 0x05C3, 0x05C3, 0x05C3, 0x05C3, 0x05C3, 0x05C3, 0x05C3,  /* 0x0D88 */
  0x0453, 0x0453, 0x0453, 0x0453, 0x0453, 0x0453, 0x0453, 0x0453,  /* 0x0D90 */
  0x0453, 0x0453, 0x0453, 0x0453, 0x0453, 0x0453, 0x0453, 0x0453,  /* 0x0D98 */
  0x0453, 0x0453, 0x0453, 0x0453, 0x0453, 0x0453, 0x0453, 0x0453,  /* 0x0DA0 */
  0x0453, 0x0453, 0x0453, 0x0453, 0x0453, 0x0453, 0x0453, 0x0453,  /* 0x0DA8 */
  0x0453, 0x0453, 0x0453, 0x0453, 0x0453, 0x0453, 0x0453, 0x0453,  /* 0x0DB0 */
  0x0453, 0x0453, 0x03E1, 0x03E1, 0x03E1, 0x03E1, 0x03E1, 0x03E1,  /* 0x0DB8 */
  0x0449, 0x0449, 0x0449, 0x0449, 0x0449, 0x0449, 0x0449, 0x0449,  /* 0x0DC0 */
  0x05C4, 0x05C4, 0x05C4, 0x05C4, 0x05C4, 0x05C4, 0x05C4, 0x05C4,  /* 0x0DC8 */
  0x044B, 0x044B, 0x044B, 0x044B, 0x044B, 0x044B, 0x044B, 0x044B,  /* 0x0DD0 */
  0x044B, 0x044B, 0x044B, 0x044B, 0x044B, 0x044B, 0x044B, 0x044B,  /* 0x0DD8 */
  0x044B, 0x044B, 0x044B, 0x044B, 0x044B, 0x044B, 0x044B, 0x044B,  /* 0x0DE0 */
  0x044B, 0x044B, 0x044B, 0x044B, 0x044B, 0x044B, 0x044B, 0x044B,  /* 0x0DE8 */
  0x044B, 0x044B, 0x044B, 0x044B, 0x044B, 0x044B, 0x044B, 0x044B,  /* 0x0DF0 */
  0x044B, 0x044B, 0x03E1, 0x03E1, 0x03E1, 0x03E1, 0x03E1, 0x03E1,  /* 0x0DF8 */
  0x03E1, 0x03E1, 0x03E1, 0x03E1, 0x03E1, 0x03E1, 0x03E1, 0x03E1,  /* 0x0E00 */
  0x03E1, 0x03E1, 0x03E1, 0x03E1, 0x03E1, 0x03E1, 0x03E1, 0x03E1,  /* 0x0E08 */
  0x03E1, 0x03E1, 0x03E1, 0x03E1, 0x03E1, 0x03E1, 0x03E1, 0x03E1,  /* 0x0E10 */
  0x03E1, 0x03E1, 0x03E1, 0x03E1, 0x03E1, 0x03E1, 0x03E1, 0x03E1,  /* 0x0E18 */
  0x03E1, 0x03E1, 0x03E1, 0x03E1, 0x03E1, 0x03E1, 0x03E1, 0x03E1,  /* 0x0E20 */
  0x03E1, 0x03E1, 0x03E1, 0x03E1, 0x03E1, 0x03E1, 0x03E1, 0x03E1,  /* 0x0E28 */
  0x03E1, 0x03E1, 0x03E1, 0x03E1, 0x03E1, 0x03E1, 0x03E1, 0x03E1,  /* 0x0E30 */
  0x03E1, 0x03E1, 0x03E1, 0x03E1, 0x03E1, 0x03E1, 0x03E1, 0x03E1,  /* 0x0E38 */
  0x03E1, 0x03E1, 0x03E1, 0x03E1, 0x03E1, 0x03E1, 0x03E1, 0x03E1,  /* 0x0E40 */
  0x03E1, 0x03E1, 0x03E1, 0x03E1, 0x03E1, 0x03E1, 0x03E1, 0x03E1,  /* 0x0E48 */
  0x03E1, 0x03E1, 0x03E1, 0x03E1, 0x03E1, 0x03E1, 0x03E1, 0x03E1,  /* 0x0E50 */
  0x03E1, 0x03E1, 0x03E1, 0x03E1, 0x03E1, 0x03E1, 0x03E1, 0x03E1,  /* 0x0E58 */
  0x03E1, 0x03E1, 0x03E1, 0x03E1, 0x03E1, 0x03E1, 0x03E1, 0x03E1,  /* 0x0E60 */
  0x03E1, 0x03E1, 0x03E1, 0x03E1, 0x03E1, 0x03E1, 0x03E1, 0x03E1,  /* 0x0E68 */
  0x03E1, 0x03E1, 0x03E1, 0x03E1, 0x03E1, 0x03E1, 0x03E1, 0x03E1,  /* 0x0E70 */
  0x03E1, 0x03E1, 0x03E1, 0x03E1, 0x03E1, 0x03E1, 0x03E1, 0x03E1,  /* 0x0E78 */
  0x03E1, 0x03E1, 0x03E1, 0x03E1, 0x03E1, 0x03E1, 0x03E1, 0x03E1,  /* 0x0E80 */
  0x03E1, 0x03E1, 0x03E1, 0x03E1, 0x03E1, 0x03E1, 0x03E1, 0x03E1,  /* 0x0E88 */
  0x03E1, 0x03E1, 0x03E1, 0x03E1, 0x03E1, 0x03E1, 0x03E1, 0x03E1,  /* 0x0E90 */
  0x03E1, 0x03E1, 0x03E1, 0x03E1, 0x03E1, 0x03E1, 0x03E1, 0x03E1,  /* 0x0E98 */
  0x03E1, 0x03E1, 0x03E1, 0x03E1, 0x03E1, 0x03E1, 0x03E1, 0x03E1,  /* 0x0EA0 */
  0x03E1, 0x03E1, 0x03E1, 0x03E1, 0x03E1, 0x03E1, 0x03E1, 0x03E1,  /* 0x0EA8 */
  0x03E1, 0x03E1, 0x03E1, 0x03E1, 0x03E1, 0x03E1, 0x03E1, 0x03E1,  /* 0x0EB0 */
  0x03E1, 0x03E1, 0x03E1, 0x03E1, 0x03E1, 0x03E1, 0x03E1, 0x03E1,  /* 0x0EB8 */
  0x03E1, 0x03E1, 0x03E1, 0x03E1, 0x03E1, 0x03E1, 0x03E1, 0x03E1,  /* 0x0EC0 */
  0x03E1, 0x03E1, 0x03E1, 0x03E1, 0x03E1, 0x03E1, 0x03E1, 0x03E1,  /* 0x0EC8 */
  0x0472, 0x0472, 0x0472, 0x0472, 0x0472, 0x0472, 0x0472, 0x0472,  /* 0x0ED0 */
  0x0472, 0x0472, 0x0472, 0x0472, 0x0472, 0x0472, 0x0472, 0x0472,  /* 0x0ED8 */
  0x0472, 0x0472, 0x0472, 0x0472, 0x0472, 0x0472, 0x0472, 0x0472,  /* 0x0EE0 */
  0x0472, 0x0472, 0x0472, 0x0472, 0x0472, 0x0472, 0x0472, 0x0472,  /* 0x0EE8 */
  0x0472, 0x0472, 0x0472, 0x0472, 0x0472, 0x0472, 0x0472, 0x0472,  /* 0x0EF0 */
  0x0472, 0x0472, 0x03E1, 0x03E1, 0x046F, 0x03E1, 0x03E1, 0x03E1,  /* 0x0EF8 */
  0x0459, 0x0459, 0x0459, 0x0459, 0x0459, 0x0459, 0x0459, 0x0459,  /* 0x0F00 */
  0x05C5, 0x05C5, 0x05C5, 0x05C5, 0x05C5, 0x05C5, 0x05C5, 0x05C5,  /* 0x0F08 */
  0x045A, 0x045A, 0x045A, 0x045A, 0x045A, 0x045A, 0x045A, 0x045A,  /* 0x0F10 */
  0x045A, 0x045A, 0x045A, 0x045A, 0x045A, 0x045A, 0x045A, 0x045A,  /* 0x0F18 */
  0x045A, 0x045A, 0x045A, 0x045A, 0x045A, 0x045A, 0x045A, 0x045A,  /* 0x0F20 */
  0x045A, 0x045A, 0x045A, 0x045A, 0x045A, 0x045A, 0x045A, 0x045A,  /* 0x0F28 */
  0x045A, 0x045A, 0x045A, 0x045A, 0x045A, 0x045A, 0x045A, 0x045A,  /* 0x0F30 */
  0x045A, 0x045A, 0x045A, 0x045A, 0x03E1, 0x03E1, 0x03E1, 0x03E1,  /* 0x0F38 */
  0x0441, 0x0441, 0x0441, 0x0441, 0x0441, 0x0441, 0x0441, 0x0441,  /* 0x0F40 */
  0x05C6, 0x05C6, 0x05C6, 0x05C6, 0x05C6, 0x05C6, 0x05C6, 0x05C6,  /* 0x0F48 */
  0x0443, 0x0443, 0x0443, 0x0443, 0x0443, 0x0443, 0x0443, 0x0443,  /* 0x0F50 */
  0x0443, 0x0443, 0x0443, 0x0443, 0x0443, 0x0443, 0x0443, 0x0443,  /* 0x0F58 */
  0x0443, 0x0443, 0x0443, 0x0443, 0x0443, 0x0443, 0x0443, 0x0443,  /* 0x0F60 */
  0x0443, 0x0443, 0x0443, 0x0443, 0x0443, 0x0443, 0x0443, 0x0443,  /* 0x0F68 */
  0x0443, 0x0443, 0x0443, 0x0443, 0x0443, 0x0443, 0x0443, 0x0443,  /* 0x0F70 */
  0x0443, 0x0443, 0x03E1, 0x03E1, 0x03E1, 0x03E1, 0x03E1, 0x03E1,  /* 0x0F78 */
  0x0451, 0x0451, 0x0451, 0x0451, 0x0451, 0x0451, 0x0451, 0x0451,  /* 0x0F80 */
  0x05C3, 0x05C3, 0x05C3, 0x05C3, 0x05C3, 0x05C3, 0x05C3, 0x05C3,  /* 0x0F88 */
  0x0453, 0x0453, 0x0453, 0x0453, 0x0453, 0x0453, 0x0453, 0x0453,  /* 0x0F90 */
  0x0453, 0x0453, 0x0453, 0x0453, 0x0453, 0x0453, 0x0453, 0x0453,  /* 0x0F98 */
  0x0453, 0x0453, 0x0453, 0x0453, 0x0453, 0x0453, 0x0453, 0x0453,  /* 0x0FA0 */
  0x0453, 0x0453, 0x0453, 0x0453, 0x0453, 0x0453, 0x0453, 0x0453,  /* 0x0FA8 */
  0x0453, 0x0453, 0x0453, 0x0453, 0x0453, 0x0453, 0x0453, 0x0453,  /* 0x0FB0 */
  0x0453, 0x0453, 0x03E1, 0x03E1, 0x03E1, 0x03E1, 0x03E1, 0x03E1,  /* 0x0FB8 */
  0x0449, 0x0449, 0x0449, 0x0449, 0x0449, 0x0449, 0x0449, 0x0449,  /* 0x0FC0 */
  0x05C4, 0x05C4, 0x05C4, 0x05C4, 0x05C4, 0x05C4, 0x05C4, 0x05C4,  /* 0x0FC8 */
  0x044B, 0x044B, 0x044B, 0x044B, 0x044B, 0x044B, 0x044B, 0x044B,  /* 0x0FD0 */
  0x044B, 0x044B, 0x044B, 0x044B, 0x044B, 0x044B, 0x044B, 0x044B,  /* 0x0FD8 */
  0x044B, 0x044B, 0x044B, 0x044B, 0x044B, 0x044B, 0x044B, 0x044B,  /* 0x0FE0 */
  0x044B, 0x044B, 0x044B, 0x044B, 0x044B, 0x044B, 0x044B, 0x044B,  /* 0x0FE8 */
  0x044B, 0x044B, 0x044B, 0x044B, 0x044B, 0x044B, 0x044B, 0x044B,  /* 0x0FF0 */
  0x044B, 0x044B, 0x03E1, 0x03E1, 0x03E1, 0x03E1, 0x03E1, 0x03E1,  /* 0x0FF8 */
  0x04F5, 0x04F5, 0x04F5, 0x04F5, 0x04F5, 0x04F5, 0x04F5, 0x04F5,  /* 0x1000 */
  0x03E1, 0x03E1, 0x03E1, 0x03E1, 0x03E1, 0x03E1, 0x03E1, 0x03E1,  /* 0x1008 */
  0x0561, 0x0561, 0x0561, 0x0561, 0x0561, 0x0561, 0x0561, 0x0561,  /* 0x1010 */
  0x0549, 0x0549, 0x0549, 0x0549, 0x0549, 0x0549, 0x0549, 0x0549,  /* 0x1018 */
  0x0531, 0x0531, 0x0531, 0x0531, 0x0531, 0x0531, 0x0531, 0x0531,  /* 0x1020 */
  0x0579, 0x0579, 0x0579, 0x0579, 0x0579, 0x0579, 0x0579, 0x0579,  /* 0x1028 */
  0x0591, 0x0591, 0x0591, 0x0591, 0x0591, 0x0591, 0x0591, 0x0591,  /* 0x1030 */
  0x050D, 0x051F, 0x059D, 0x059D, 0x04DD, 0x03E1, 0x03E1, 0x03E1,  /* 0x1038 */
  0x03E1, 0x03E1, 0x03E1, 0x03E1, 0x03E1, 0x03E1, 0x03E1, 0x03E1,  /* 0x1040 */
  0x03E1, 0x03E1, 0x03E1, 0x03E1, 0x03E1, 0x03E1, 0x03E1, 0x03E1,  /* 0x1048 */
  0x03E1, 0x03E1, 0x03E1, 0x03E1, 0x03E1, 0x03E1, 0x03E1, 0x03E1,  /* 0x1050 */
  0x03E1, 0x03E1, 0x03E1, 0x03E1, 0x03E1, 0x03E1, 0x03E1, 0x03E1,  /* 0x1058 */
  0x03E1, 0x03E1, 0x03E1, 0x03E1, 0x03E1, 0x03E1, 0x03E1, 0x03E1,  /* 0x1060 */
  0x03E1, 0x03E1, 0x03E1, 0x03E1, 0x03E1, 0x03E1, 0x03E1, 0x03E1,  /* 0x1068 */
  0x03E1, 0x03E1, 0x03E1, 0x03E1, 0x03E1, 0x03E1, 0x03E1, 0x03E1,  /* 0x1070 */
  0x03E1, 0x03E1, 0x03E1, 0x03E1, 0x03E1, 0x03E1, 0x03E1, 0x03E1,  /* 0x1078 */
  0x0504, 0x0504, 0x0504, 0x0504, 0x0504, 0x0504, 0x0504, 0x0504,  /* 0x1080 */
  0x03E1, 0x03E1, 0x03E1, 0x03E1, 0x03E1, 0x03E1, 0x03E1, 0x03E1,  /* 0x1088 */
  0x0570, 0x0570, 0x0570, 0x0570, 0x0570, 0x0570, 0x0570, 0x0570,  /* 0x1090 */
  0x0558, 0x0558, 0x0558, 0x0558, 0x0558, 0x0558, 0x0558, 0x0558,  /* 0x1098 */
  0x0540, 0x0540, 0x0540, 0x0540, 0x0540, 0x0540, 0x0540, 0x0540,  /* 0x10A0 */
  0x0588, 0x0588, 0x0588, 0x0588, 0x0588, 0x0588, 0x0588, 0x0588,  /* 0x10A8 */
  0x0594, 0x0594, 0x0594, 0x0594, 0x0594, 0x0594, 0x0594, 0x0594,  /* 0x10B0 */
  0x0519, 0x052B, 0x059F, 0x059F, 0x04EC, 0x03E1, 0x03E1, 0x03E1,  /* 0x10B8 */
  0x0501, 0x0501, 0x0501, 0x0501, 0x0501, 0x0501, 0x0501, 0x0501,  /* 0x10C0 */
  0x03E1, 0x03E1, 0x03E1, 0x03E1, 0x03E1, 0x03E1, 0x03E1, 0x03E1,  /* 0x10C8 */
  0x056D, 0x056D, 0x056D, 0x056D, 0x056D, 0x056D, 0x056D, 0x056D,  /* 0x10D0 */
  0x0555, 0x0555, 0x0555, 0x0555, 0x0555, 0x0555, 0x0555, 0x0555,  /* 0x10D8 */
  0x053D, 0x053D, 0x053D, 0x053D, 0x053D, 0x053D, 0x053D, 0x053D,  /* 0x10E0 */
  0x0585, 0x0585, 0x0585, 0x0585, 0x0585, 0x0585, 0x0585, 0x0585,  /* 0x10E8 */
  0x059A, 0x059A, 0x059A, 0x059A, 0x059A, 0x059A, 0x059A, 0x059A,  /* 0x10F0 */
  0x059F, 0x059F, 0x059F, 0x059F, 0x04E9, 0x03E1, 0x03E1, 0x03E1,  /* 0x10F8 */
  0x04FE, 0x04FE, 0x04FE, 0x04FE, 0x04FE, 0x04FE, 0x04FE, 0x04FE,  /* 0x1100 */
  0x03E1, 0x03E1, 0x03E1, 0x03E1, 0x03E1, 0x03E1, 0x03E1, 0x03E1,  /* 0x1108 */
  0x056A, 0x056A, 0x056A, 0x056A, 0x056A, 0x056A, 0x056A, 0x056A,  /* 0x1110 */
  0x0552, 0x0552, 0x0552, 0x0552, 0x0552, 0x0552, 0x0552, 0x0552,  /* 0x1118 */
  0x053A, 0x053A, 0x053A, 0x053A, 0x053A, 0x053A, 0x053A, 0x053A,  /* 0x1120 */
  0x0582, 0x0582, 0x0582, 0x0582, 0x0582, 0x0582, 0x0582, 0x0582,  /* 0x1128 */
  0x0597, 0x0597, 0x0597, 0x0597, 0x0597, 0x0597, 0x0597, 0x0597,  /* 0x1130 */
  0x0516, 0x0528, 0x059F, 0x059F, 0x04E6, 0x03E1, 0x03E1, 0x03E1,  /* 0x1138 */
  0x0507, 0x0507, 0x0507, 0x0507, 0x0507, 0x0507, 0x0507, 0x0507,  /* 0x1140 */
  0x03E1, 0x03E1, 0x03E1, 0x03E1, 0x03E1, 0x03E1, 0x03E1, 0x03E1,  /* 0x1148 */
  0x0573, 0x0573, 0x0573, 0x0573, 0x0573, 0x0573, 0x0573, 0x0573,  /* 0x1150 */
  0x055B, 0x055B, 0x055B, 0x055B, 0x055B, 0x055B, 0x055B, 0x055B,  /* 0x1158 */
  0x0543, 0x0543, 0x0543, 0x0543, 0x0543, 0x0543, 0x0543, 0x0543,  /* 0x1160 */
  0x058B, 0x058B, 0x058B, 0x058B, 0x058B, 0x058B, 0x058B, 0x058B,  /* 0x1168 */
  0x059F, 0x059F, 0x059F, 0x059F, 0x059F, 0x059F, 0x059F, 0x059F,  /* 0x1170 */
  0x051C, 0x052E, 0x059F, 0x059F, 0x04EF, 0x03E1, 0x03E1, 0x03E1,  /* 0x1178 */
  0x050A, 0x050A, 0x050A, 0x050A, 0x050A, 0x050A, 0x050A, 0x050A,  /* 0x1180 */
  0x03E1, 0x03E1, 0x03E1, 0x03E1, 0x03E1, 0x03E1, 0x03E1, 0x03E1,  /* 0x1188 */
  0x0576, 0x0576, 0x0576, 0x0576, 0x0576, 0x0576, 0x0576, 0x0576,  /* 0x1190 */
  0x055E, 0x055E, 0x055E, 0x055E, 0x055E, 0x055E, 0x055E, 0x055E,  /* 0x1198 */
  0x0546, 0x0546, 0x0546, 0x0546, 0x0546, 0x0546, 0x0546, 0x0546,  /* 0x11A0 */
  0x058E, 0x058E, 0x058E, 0x058E, 0x058E, 0x058E, 0x058E, 0x058E,  /* 0x11A8 */
  0x059F, 0x059F, 0x059F, 0x059F, 0x059F, 0x059F, 0x059F, 0x059F,  /* 0x11B0 */
  0x059F, 0x059F, 0x059F, 0x059F, 0x04F2, 0x03E1, 0x03E1, 0x03E1,  /* 0x11B8 */
  0x04F8, 0x04F8, 0x04F8, 0x04F8, 0x04F8, 0x04F8, 0x04F8, 0x04F8,  /* 0x11C0 */
  0x03E1, 0x03E1, 0x03E1, 0x03E1, 0x03E1, 0x03E1, 0x03E1, 0x03E1,  /* 0x11C8 */
  0x0564, 0x0564, 0x0564, 0x0564, 0x0564, 0x0564, 0x0564, 0x0564,  /* 0x11D0 */
  0x054C, 0x054C, 0x054C, 0x054C, 0x054C, 0x054C, 0x054C, 0x054C,  /* 0x11D8 */
  0x0534, 0x0534, 0x0534, 0x0534, 0x0534, 0x0534, 0x0534, 0x0534,  /* 0x11E0 */
  0x057C, 0x057C, 0x057C, 0x057C, 0x057C, 0x057C, 0x057C, 0x057C,  /* 0x11E8 */
  0x059F, 0x059F, 0x059F, 0x059F, 0x059F, 0x059F, 0x059F, 0x059F,  /* 0x11F0 */
  0x0510, 0x0522, 0x059F, 0x059F, 0x04E0, 0x03E1, 0x03E1, 0x03E1,  /* 0x11F8 */
  0x04F5, 0x04F5, 0x04F5, 0x04F5, 0x04F5, 0x04F5, 0x04F5, 0x04F5,  /* 0x1200 */
  0x03E1, 0x03E1, 0x03E1, 0x03E1, 0x03E1, 0x03E1, 0x03E1, 0x03E1,  /* 0x1208 */
  0x0561, 0x0561, 0x0561, 0x0561, 0x0561, 0x0561, 0x0561, 0x0561,  /* 0x1210 */
  0x0549, 0x0549, 0x0549, 0x0549, 0x0549, 0x0549, 0x0549, 0x0549,  /* 0x1218 */
  0x0531, 0x0531, 0x0531, 0x0531, 0x0531, 0x0531, 0x0531, 0x0531,  /* 0x1220 */
  0x0579, 0x0579, 0x0579, 0x0579, 0x0579, 0x0579, 0x0579, 0x0579,  /* 0x1228 */
  0x0591, 0x0591, 0x0591, 0x0591, 0x0591, 0x0591, 0x0591, 0x0591,  /* 0x1230 */
  0x050D, 0x051F, 0x059D, 0x059D, 0x04DD, 0x03E1, 0x03E1, 0x03E1,  /* 0x1238 */
  0x03E1, 0x03E1, 0x03E1, 0x03E1, 0x03E1, 0x03E1, 0x03E1, 0x03E1,  /* 0x1240 */
  0x03E1, 0x03E1, 0x03E1, 0x03E1, 0x03E1, 0x03E1, 0x03E1, 0x03E1,  /* 0x1248 */
  0x03E1, 0x03E1, 0x03E1, 0x03E1, 0x03E1, 0x03E1, 0x03E1, 0x03E1,  /* 0x1250 */
  0x03E1, 0x03E1, 0x03E1, 0x03E1, 0x03E1, 0x03E1, 0x03E1, 0x03E1,  /* 0x1258 */
  0x03E1, 0x03E1, 0x03E1, 0x03E1, 0x03E1, 0x03E1, 0x03E1, 0x03E1,  /* 0x1260 */
  0x03E1, 0x03E1, 0x03E1, 0x03E1, 0x03E1, 0x03E1, 0x03E1, 0x03E1,  /* 0x1268 */
  0x03E1, 0x03E1, 0x03E1, 0x03E1, 0x03E1, 0x03E1, 0x03E1, 0x03E1,  /* 0x1270 */
  0x03E1, 0x03E1, 0x03E1, 0x03E1, 0x03E1, 0x03E1, 0x03E1, 0x03E1,  /* 0x1278 */
  0x0504, 0x0504, 0x0504, 0x0504, 0x0504, 0x0504, 0x0504, 0x0504,  /* 0x1280 */
  0x03E1, 0x03E1, 0x03E1, 0x03E1, 0x03E1, 0x03E1, 0x03E1, 0x03E1,  /* 0x1288 */
  0x0570, 0x0570, 0x0570, 0x0570, 0x0570, 0x0570, 0x0570, 0x0570,  /* 0x1290 */
  0x0558, 0x0558, 0x0558, 0x0558, 0x0558, 0x0558, 0x0558, 0x0558,  /* 0x1298 */
  0x0540, 0x0540, 0x0540, 0x0540, 0x0540, 0x0540, 0x0540, 0x0540,  /* 0x12A0 */
  0x0588, 0x0588, 0x0588, 0x0588, 0x0588, 0x0588, 0x0588, 0x0588,  /* 0x12A8 */
  0x0594, 0x0594, 0x0594, 0x0594, 0x0594, 0x0594, 0x0594, 0x0594,  /* 0x12B0 */
  0x0519, 0x052B, 0x059F, 0x059F, 0x04EC, 0x03E1, 0x03E1, 0x03E1,  /* 0x12B8 */
  0x0501, 0x0501, 0x0501, 0x0501, 0x0501, 0x0501, 0x0501, 0x0501,  /* 0x12C0 */
  0x03E1, 0x03E1, 0x03E1, 0x03E1, 0x03E1, 0x03E1, 0x03E1, 0x03E1,  /* 0x12C8 */
  0x056D, 0x056D, 0x056D, 0x056D, 0x056D, 0x056D, 0x056D, 0x056D,  /* 0x12D0 */
  0x0555, 0x0555, 0x0555, 0x0555, 0x0555, 0x0555, 0x0555, 0x0555,  /* 0x12D8 */
  0x053D, 0x053D, 0x053D, 0x053D, 0x053D, 0x053D, 0x053D, 0x053D,  /* 0x12E0 */
  0x0585, 0x0585, 0x0585, 0x0585, 0x0585, 0x0585, 0x0585, 0x0585,  /* 0x12E8 */
  0x059A, 0x059A, 0x059A, 0x059A, 0x059A, 0x059A, 0x059A, 0x059A,  /* 0x12F0 */
  0x059F, 0x059F, 0x059F, 0x059F, 0x04E9, 0x03E1, 0x03E1, 0x03E1,  /* 0x12F8 */
  0x04FE, 0x04FE, 0x04FE, 0x04FE, 0x04FE, 0x04FE, 0x04FE, 0x04FE,  /* 0x1300 */
  0x03E1, 0x03E1, 0x03E1, 0x03E1, 0x03E1, 0x03E1, 0x03E1, 0x03E1,  /* 0x1308 */
  0x056A, 0x056A, 0x056A, 0x056A, 0x056A, 0x056A, 0x056A, 0x056A,  /* 0x1310 */
  0x0552, 0x0552, 0x0552, 0x0552, 0x0552, 0x0552, 0x0552, 0x0552,  /* 0x1318 */
  0x053A, 0x053A, 0x053A, 0x053A, 0x053A, 0x053A, 0x053A, 0x053A,  /* 0x1320 */
  0x0582, 0x0582, 0x0582, 0x0582, 0x0582, 0x0582, 0x0582, 0x0582,  /* 0x1328 */
  0x0597, 0x0597, 0x0597, 0x0597, 0x0597, 0x0597, 0x0597, 0x0597,  /* 0x1330 */
  0x0516, 0x0528, 0x059F, 0x059F, 0x04E6, 0x03E1, 0x03E1, 0x03E1,  /* 0x1338 */
  0x0507, 0x0507, 0x0507, 0x0507, 0x0507, 0x0507, 0x0507, 0x0507,  /* 0x1340 */
  0x03E1, 0x03E1, 0x03E1, 0x03E1, 0x03E1, 0x03E1, 0x03E1, 0x03E1,  /* 0x1348 */
  0x0573, 0x0573, 0x0573, 0x0573, 0x0573, 0x0573, 0x0573, 0x0573,  /* 0x1350 */
  0x055B, 0x055B, 0x055B, 0x055B, 0x055B, 0x055B, 0x055B, 0x055B,  /* 0x1358 */
  0x0543, 0x0543, 0x0543, 0x0543, 0x0543, 0x0543, 0x0543, 0x0543,  /* 0x1360 */
  0x058B, 0x058B, 0x058B, 0x058B, 0x058B, 0x058B, 0x058B, 0x058B,  /* 0x1368 */
  0x059F, 0x059F, 0x059F, 0x059F, 0x059F, 0x059F, 0x059F, 0x059F,  /* 0x1370 */
  0x051C, 0x052E, 0x059F, 0x059F, 0x04EF, 0x03E1, 0x03E1, 0x03E1,  /* 0x1378 */
  0x050A, 0x050A, 0x050A, 0x050A, 0x050A, 0x050A, 0x050A, 0x050A,  /* 0x1380 */
  0x03E1, 0x03E1, 0x03E1, 0x03E1, 0x03E1, 0x03E1, 0x03E1, 0x03E1,  /* 0x1388 */
  0x0576, 0x0576, 0x0576, 0x0576, 0x0576, 0x0576, 0x0576, 0x0576,  /* 0x1390 */
  0x055E, 0x055E, 0x055E, 0x055E, 0x055E, 0x055E, 0x055E, 0x055E,  /* 0x1398 */
  0x0546, 0x0546, 0x0546, 0x0546, 0x0546, 0x0546, 0x0546, 0x0546,  /* 0x13A0 */
  0x058E, 0x058E, 0x058E, 0x058E, 0x058E, 0x058E, 0x058E, 0x058E,  /* 0x13A8 */
  0x059F, 0x059F, 0x059F, 0x059F, 0x059F, 0x059F, 0x059F, 0x059F,  /* 0x13B0 */
  0x059F, 0x059F, 0x059F, 0x059F, 0x04F2, 0x03E1, 0x03E1, 0x03E1,  /* 0x13B8 */
  0x04FB, 0x04FB, 0x04FB, 0x04FB, 0x04FB, 0x04FB, 0x04FB, 0x04FB,  /* 0x13C0 */
  0x03E1, 0x03E1, 0x03E1, 0x03E1, 0x03E1, 0x03E1, 0x03E1, 0x03E1,  /* 0x13C8 */
  0x0567, 0x0567, 0x0567, 0x0567, 0x0567, 0x0567, 0x0567, 0x0567,  /* 0x13D0 */
  0x054F, 0x054F, 0x054F, 0x054F, 0x054F, 0x054F, 0x054F, 0x054F,  /* 0x13D8 */
  0x0537, 0x0537, 0x0537, 0x0537, 0x0537, 0x0537, 0x0537, 0x0537,  /* 0x13E0 */
  0x057F, 0x057F, 0x057F, 0x057F, 0x057F, 0x057F, 0x057F, 0x057F,  /* 0x13E8 */
  0x059F, 0x059F, 0x059F, 0x059F, 0x059F, 0x059F, 0x059F, 0x059F,  /* 0x13F0 */
  0x0513, 0x0525, 0x059F, 0x059F, 0x04E3, 0x03E1, 0x03E1, 0x03E1,  /* 0x13F8 */
  0x04F5, 0x04F5, 0x04F5, 0x04F5, 0x04F5, 0x04F5, 0x04F5, 0x04F5,  /* 0x1400 */
  0x03E1, 0x03E1, 0x03E1, 0x03E1, 0x03E1, 0x03E1, 0x03E1, 0x03E1,  /* 0x1408 */
  0x0561, 0x0561, 0x0561, 0x0561, 0x0561, 0x0561, 0x0561, 0x0561,  /* 0x1410 */
  0x0549, 0x0549, 0x0549, 0x0549, 0x0549, 0x0549, 0x0549, 0x0549,  /* 0x1418 */
  0x0531, 0x0531, 0x0531, 0x0531, 0x0531, 0x0531, 0x0531, 0x0531,  /* 0x1420 */
  0x0579, 0x0579, 0x0579, 0x0579, 0x0579, 0x0579, 0x0579, 0x0579,  /* 0x1428 */
  0x0591, 0x0591, 0x0591, 0x0591, 0x0591, 0x0591, 0x0591, 0x0591,  /* 0x1430 */
  0x050D, 0x051F, 0x059D, 0x059D, 0x04DD, 0x03E1, 0x03E1, 0x03E1,  /* 0x1438 */
  0x03E1, 0x03E1, 0x03E1, 0x03E1, 0x03E1, 0x03E1, 0x03E1, 0x03E1,  /* 0x1440 */
  0x03E1, 0x03E1, 0x03E1, 0x03E1, 0x03E1, 0x03E1, 0x03E1, 0x03E1,  /* 0x1448 */
  0x03E1, 0x03E1, 0x03E1, 0x03E1, 0x03E1, 0x03E1, 0x03E1, 0x03E1,  /* 0x1450 */
  0x03E1, 0x03E1, 0x03E1, 0x03E1, 0x03E1, 0x03E1, 0x03E1, 0x03E1,  /* 0x1458 */
  0x03E1, 0x03E1, 0x03E1, 0x03E1, 0x03E1, 0x03E1, 0x03E1, 0x03E1,  /* 0x1460 */
  0x03E1, 0x03E1, 0x03E1, 0x03E1, 0x03E1, 0x03E1, 0x03E1, 0x03E1,  /* 0x1468 */
  0x03E1, 0x03E1, 0x03E1, 0x03E1, 0x03E1, 0x03E1, 0x03E1, 0x03E1,  /* 0x1470 */
  0x03E1, 0x03E1, 0x03E1, 0x03E1, 0x03E1, 0x03E1, 0x03E1, 0x03E1,  /* 0x1478 */
  0x0504, 0x0504, 0x0504, 0x0504, 0x0504, 0x0504, 0x0504, 0x0504,  /* 0x1480 */
  0x03E1, 0x03E1, 0x03E1, 0x03E1, 0x03E1, 0x03E1, 0x03E1, 0x03E1,  /* 0x1488 */
  0x0570, 0x0570, 0x0570, 0x0570, 0x0570, 0x0570, 0x0570, 0x0570,  /* 0x1490 */
  0x0558, 0x0558, 0x0558, 0x0558, 0x0558, 0x0558, 0x0558, 0x0558,  /* 0x1498 */
  0x0540, 0x0540, 0x0540, 0x0540, 0x0540, 0x0540, 0x0540, 0x0540,  /* 0x14A0 */
  0x0588, 0x0588, 0x0588, 0x0588, 0x0588, 0x0588, 0x0588, 0x0588,  /* 0x14A8 */
  0x0594, 0x0594, 0x0594, 0x0594, 0x0594, 0x0594, 0x0594, 0x0594,  /* 0x14B0 */
  0x0519, 0x052B, 0x059F, 0x059F, 0x04EC, 0x03E1, 0x03E1, 0x03E1,  /* 0x14B8 */
  0x0501, 0x0501, 0x0501, 0x0501, 0x0501, 0x0501, 0x0501, 0x0501,  /* 0x14C0 */
  0x03E1, 0x03E1, 0x03E1, 0x03E1, 0x03E1, 0x03E1, 0x03E1, 0x03E1,  /* 0x14C8 */
  0x056D, 0x056D, 0x056D, 0x056D, 0x056D, 0x056D, 0x056D, 0x056D,  /* 0x14D0 */
  0x0555, 0x0555, 0x0555, 0x0555, 0x0555, 0x0555, 0x0555, 0x0555,  /* 0x14D8 */
  0x053D, 0x053D, 0x053D, 0x053D, 0x053D, 0x053D, 0x053D, 0x053D,  /* 0x14E0 */
  0x0585, 0x0585, 0x0585, 0x0585, 0x0585, 0x0585, 0x0585, 0x0585,  /* 0x14E8 */
  0x059A, 0x059A, 0x059A, 0x059A, 0x059A, 0x059A, 0x059A, 0x059A,  /* 0x14F0 */
  0x059F, 0x059F, 0x059F, 0x059F, 0x04E9, 0x03E1, 0x03E1, 0x03E1,  /* 0x14F8 */
  0x04FE, 0x04FE, 0x04FE, 0x04FE, 0x04FE, 0x04FE, 0x04FE, 0x04FE,  /* 0x1500 */
  0x03E1, 0x03E1, 0x03E1, 0x03E1, 0x03E1, 0x03E1, 0x03E1, 0x03E1,  /* 0x1508 */
  0x056A, 0x056A, 0x056A, 0x056A, 0x056A, 0x056A, 0x056A, 0x056A,  /* 0x1510 */
  0x0552, 0x0552, 0x0552, 0x0552, 0x0552, 0x0552, 0x0552, 0x0552,  /* 0x1518 */
  0x053A, 0x053A, 0x053A, 0x053A, 0x053A, 0x053A, 0x053A, 0x053A,  /* 0x1520 */
  0x0582, 0x0582, 0x0582, 0x0582, 0x0582, 0x0582, 0x0582, 0x0582,  /* 0x1528 */
  0x0597, 0x0597, 0x0597, 0x0597, 0x0597, 0x0597, 0x0597, 0x0597,  /* 0x1530 */
  0x0516, 0x0528, 0x059F, 0x059F, 0x04E6, 0x03E1, 0x03E1, 0x03E1,  /* 0x1538 */
  0x0507, 0x0507, 0x0507, 0x0507, 0x0507, 0x0507, 0x0507, 0x0507,  /* 0x1540 */
  0x03E1, 0x03E1, 0x03E1, 0x03E1, 0x03E1, 0x03E1, 0x03E1, 0x03E1,  /* 0x1548 */
  0x0573, 0x0573, 0x0573, 0x0573, 0x0573, 0x0573, 0x0573, 0x0573,  /* 0x1550 */
  0x055B, 0x055B, 0x055B, 0x055B, 0x055B, 0x055B, 0x055B, 0x055B,  /* 0x1558 */
  0x0543, 0x0543, 0x0543, 0x0543, 0x0543, 0x0543, 0x0543, 0x0543,  /* 0x1560 */
  0x058B, 0x058B, 0x058B, 0x058B, 0x058B, 0x058B, 0x058B, 0x058B,  /* 0x1568 */
  0x059F, 0x059F, 0x059F, 0x059F, 0x059F, 0x059F, 0x059F, 0x059F,  /* 0x1570 */
  0x051C, 0x052E, 0x059F, 0x059F, 0x04EF, 0x03E1, 0x03E1, 0x03E1,  /* 0x1578 */
  0x050A, 0x050A, 0x050A, 0x050A, 0x050A, 0x050A, 0x050A, 0x050A,  /* 0x1580 */
  0x03E1, 0x03E1, 0x03E1, 0x03E1, 0x03E1, 0x03E1, 0x03E1, 0x03E1,  /* 0x1588 */
  0x0576, 0x0576, 0x0576, 0x0576, 0x0576, 0x0576, 0x0576, 0x0576,  /* 0x1590 */
  0x055E, 0x055E, 0x055E, 0x055E, 0x055E, 0x055E, 0x055E, 0x055E,  /* 0x1598 */
  0x0546, 0x0546, 0x0546, 0x0546, 0x0546, 0x0546, 0x0546, 0x0546,  /* 0x15A0 */
  0x058E, 0x058E, 0x058E, 0x058E, 0x058E, 0x058E, 0x058E, 0x058E,  /* 0x15A8 */
  0x059F, 0x059F, 0x059F, 0x059F, 0x059F, 0x059F, 0x059F, 0x059F,  /* 0x15B0 */
  0x059F, 0x059F, 0x059F, 0x059F, 0x04F2, 0x03E1, 0x03E1, 0x03E1,  /* 0x15B8 */
  0x03E1, 0x03E1, 0x03E1, 0x03E1, 0x03E1, 0x03E1, 0x03E1, 0x03E1,  /* 0x15C0 */
  0x03E1, 0x03E1, 0x03E1, 0x03E1, 0x03E1, 0x03E1, 0x03E1, 0x03E1,  /* 0x15C8 */
  0x03E1, 0x03E1, 0x03E1, 0x03E1, 0x03E1, 0x03E1, 0x03E1, 0x03E1,  /* 0x15D0 */
  0x03E1, 0x03E1, 0x03E1, 0x03E1, 0x03E1, 0x03E1, 0x03E1, 0x03E1,  /* 0x15D8 */
  0x03E1, 0x03E1, 0x03E1, 0x03E1, 0x03E1, 0x03E1, 0x03E1, 0x03E1,  /* 0x15E0 */
  0x03E1, 0x03E1, 0x03E1, 0x03E1, 0x03E1, 0x03E1, 0x03E1, 0x03E1,  /* 0x15E8 */
  0x03E1, 0x03E1, 0x03E1, 0x03E1, 0x03E1, 0x03E1, 0x03E1, 0x03E1,  /* 0x15F0 */
  0x03E1, 0x03E1, 0x03E1, 0x03E1, 0x03E1, 0x03E1, 0x03E1, 0x03E1,  /* 0x15F8 */
  0x04F5, 0x04F5, 0x04F5, 0x04F5, 0x04F5, 0x04F5, 0x04F5, 0x04F5,  /* 0x1600 */
  0x03E1, 0x03E1, 0x03E1, 0x03E1, 0x03E1, 0x03E1, 0x03E1, 0x03E1,  /* 0x1608 */
  0x0561, 0x0561, 0x0561, 0x0561, 0x0561, 0x0561, 0x0561, 0x0561,  /* 0x1610 */
  0x0549, 0x0549, 0x0549, 0x0549, 0x0549, 0x0549, 0x0549, 0x0549,  /* 0x1618 */
  0x0531, 0x0531, 0x0531, 0x0531, 0x0531, 0x0531, 0x0531, 0x0531,  /* 0x1620 */
  0x0579, 0x0579, 0x0579, 0x0579, 0x0579, 0x0579, 0x0579, 0x0579,  /* 0x1628 */
  0x0591, 0x0591, 0x0591, 0x0591, 0x0591, 0x0591, 0x0591, 0x0591,  /* 0x1630 */
  0x050D, 0x051F, 0x059D, 0x059D, 0x04DD, 0x03E1, 0x03E1, 0x03E1,  /* 0x1638 */
  0x03E1, 0x03E1, 0x03E1, 0x03E1, 0x03E1, 0x03E1, 0x03E1, 0x03E1,  /* 0x1640 */
  0x03E1, 0x03E1, 0x03E1, 0x03E1, 0x03E1, 0x03E1, 0x03E1, 0x03E1,  /* 0x1648 */
  0x03E1, 0x03E1, 0x03E1, 0x03E1, 0x03E1, 0x03E1, 0x03E1, 0x03E1,  /* 0x1650 */
  0x03E1, 0x03E1, 0x03E1, 0x03E1, 0x03E1, 0x03E1, 0x03E1, 0x03E1,  /* 0x1658 */
  0x03E1, 0x03E1, 0x03E1, 0x03E1, 0x03E1, 0x03E1, 0x03E1, 0x03E1,  /* 0x1660 */
  0x03E1, 0x03E1, 0x03E1, 0x03E1, 0x03E1, 0x03E1, 0x03E1, 0x03E1,  /* 0x1668 */
  0x03E1, 0x03E1, 0x03E1, 0x03E1, 0x03E1, 0x03E1, 0x03E1, 0x03E1,  /* 0x1670 */
  0x03E1, 0x03E1, 0x03E1, 0x03E1, 0x03E1, 0x03E1, 0x03E1, 0x03E1,  /* 0x1678 */
  0x0504, 0x0504, 0x0504, 0x0504, 0x0504, 0x0504, 0x0504, 0x0504,  /* 0x1680 */
  0x03E1, 0x03E1, 0x03E1, 0x03E1, 0x03E1, 0x03E1, 0x03E1, 0x03E1,  /* 0x1688 */
  0x0570, 0x0570, 0x0570, 0x0570, 0x0570, 0x0570, 0x0570, 0x0570,  /* 0x1690 */
  0x0558, 0x0558, 0x0558, 0x0558, 0x0558, 0x0558, 0x0558, 0x0558,  /* 0x1698 */
  0x0540, 0x0540, 0x0540, 0x0540, 0x0540, 0x0540, 0x0540, 0x0540,  /* 0x16A0 */
  0x0588, 0x0588, 0x0588, 0x0588, 0x0588, 0x0588, 0x0588, 0x0588,  /* 0x16A8 */
  0x0594, 0x0594, 0x0594, 0x0594, 0x0594, 0x0594, 0x0594, 0x0594,  /* 0x16B0 */
  0x0519, 0x052B, 0x059F, 0x059F, 0x04EC, 0x03E1, 0x03E1, 0x03E1,  /* 0x16B8 */
  0x0501, 0x0501, 0x0501, 0x0501, 0x0501, 0x0501, 0x0501, 0x0501,  /* 0x16C0 */
  0x03E1, 0x03E1, 0x03E1, 0x03E1, 0x03E1, 0x03E1, 0x03E1, 0x03E1,  /* 0x16C8 */
  0x056D, 0x056D, 0x056D, 0x056D, 0x056D, 0x056D, 0x056D, 0x056D,  /* 0x16D0 */
  0x0555, 0x0555, 0x0555, 0x0555, 0x0555, 0x0555, 0x0555, 0x0555,  /* 0x16D8 */
  0x053D, 0x053D, 0x053D, 0x053D, 0x053D, 0x053D, 0x053D, 0x053D,  /* 0x16E0 */
  0x0585, 0x0585, 0x0585, 0x0585, 0x0585, 0x0585, 0x0585, 0x0585,  /* 0x16E8 */
  0x059A, 0x059A, 0x059A, 0x059A, 0x059A, 0x059A, 0x059A, 0x059A,  /* 0x16F0 */
  0x059F, 0x059F, 0x059F, 0x059F, 0x04E9, 0x03E1, 0x03E1, 0x03E1,  /* 0x16F8 */
  0x04FE, 0x04FE, 0x04FE, 0x04FE, 0x04FE, 0x04FE, 0x04FE, 0x04FE,  /* 0x1700 */
  0x03E1, 0x03E1, 0x03E1, 0x03E1, 0x03E1, 0x03E1, 0x03E1, 0x03E1,  /* 0x1708 */
  0x056A, 0x056A, 0x056A, 0x056A, 0x056A, 0x056A, 0x056A, 0x056A,  /* 0x1710 */
  0x0552, 0x0552, 0x0552, 0x0552, 0x0552, 0x0552, 0x0552, 0x0552,  /* 0x1718 */
  0x053A, 0x053A, 0x053A, 0x053A, 0x053A, 0x053A, 0x053A, 0x053A,  /* 0x1720 */
  0x0582, 0x0582, 0x0582, 0x0582, 0x0582, 0x0582, 0x0582, 0x0582,  /* 0x1728 */
  0x0597, 0x0597, 0x0597, 0x0597, 0x0597, 0x0597, 0x0597, 0x0597,  /* 0x1730 */
  0x0516, 0x0528, 0x059F, 0x059F, 0x04E6, 0x03E1, 0x03E1, 0x03E1,  /* 0x1738 */
  0x0507, 0x0507, 0x0507, 0x0507, 0x0507, 0x0507, 0x0507, 0x0507,  /* 0x1740 */
  0x03E1, 0x03E1, 0x03E1, 0x03E1, 0x03E1, 0x03E1, 0x03E1, 0x03E1,  /* 0x1748 */
  0x0573, 0x0573, 0x0573, 0x0573, 0x0573, 0x0573, 0x0573, 0x0573,  /* 0x1750 */
  0x055B, 0x055B, 0x055B, 0x055B, 0x055B, 0x055B, 0x055B, 0x055B,  /* 0x1758 */
  0x0543, 0x0543, 0x0543, 0x0543, 0x0543, 0x0543, 0x0543, 0x0543,  /* 0x1760 */
  0x058B, 0x058B, 0x058B, 0x058B, 0x058B, 0x058B, 0x058B, 0x058B,  /* 0x1768 */
  0x059F, 0x059F, 0x059F, 0x059F, 0x059F, 0x059F, 0x059F, 0x059F,  /* 0x1770 */
  0x051C, 0x052E, 0x059F, 0x059F, 0x04EF, 0x03E1, 0x03E1, 0x03E1,  /* 0x1778 */
  0x050A, 0x050A, 0x050A, 0x050A, 0x050A, 0x050A, 0x050A, 0x050A,  /* 0x1780 */
  0x03E1, 0x03E1, 0x03E1, 0x03E1, 0x03E1, 0x03E1, 0x03E1, 0x03E1,  /* 0x1788 */
  0x0576, 0x0576, 0x0576, 0x0576, 0x0576, 0x0576, 0x0576, 0x0576,  /* 0x1790 */
  0x055E, 0x055E, 0x055E, 0x055E, 0x055E, 0x055E, 0x055E, 0x055E,  /* 0x1798 */
  0x0546, 0x0546, 0x0546, 0x0546, 0x0546, 0x0546, 0x0546, 0x0546,  /* 0x17A0 */
  0x058E, 0x058E, 0x058E, 0x058E, 0x058E, 0x058E, 0x058E, 0x058E,  /* 0x17A8 */
  0x059F, 0x059F, 0x059F, 0x059F, 0x059F, 0x059F, 0x059F, 0x059F,  /* 0x17B0 */
  0x059F, 0x059F, 0x059F, 0x059F, 0x04F2, 0x03E1, 0x03E1, 0x03E1,  /* 0x17B8 */
  0x03E1, 0x03E1, 0x03E1, 0x03E1, 0x03E1, 0x03E1, 0x03E1, 0x03E1,  /* 0x17C0 */
  0x03E1, 0x03E1, 0x03E1, 0x03E1, 0x03E1, 0x03E1, 0x03E1, 0x03E1,  /* 0x17C8 */
  0x03E1, 0x03E1, 0x03E1, 0x03E1, 0x03E1, 0x03E1, 0x03E1, 0x03E1,  /* 0x17D0 */
  0x03E1, 0x03E1, 0x03E1, 0x03E1, 0x03E1, 0x03E1, 0x03E1, 0x03E1,  /* 0x17D8 */
  0x03E1, 0x03E1, 0x03E1, 0x03E1, 0x03E1, 0x03E1, 0x03E1, 0x03E1,  /* 0x17E0 */
  0x03E1, 0x03E1, 0x03E1, 0x03E1, 0x03E1, 0x03E1, 0x03E1, 0x03E1,  /* 0x17E8 */
  0x03E1, 0x03E1, 0x03E1, 0x03E1, 0x03E1, 0x03E1, 0x03E1, 0x03E1,  /* 0x17F0 */
  0x03E1, 0x03E1, 0x03E1, 0x03E1, 0x03E1, 0x03E1, 0x03E1, 0x03E1,  /* 0x17F8 */
  0x04F5, 0x04F5, 0x04F5, 0x04F5, 0x04F5, 0x04F5, 0x04F5, 0x04F5,  /* 0x1800 */
  0x03E1, 0x03E1, 0x03E1, 0x03E1, 0x03E1, 0x03E1, 0x03E1, 0x03E1,  /* 0x1808 */
  0x0561, 0x0561, 0x0561, 0x0561, 0x0561, 0x0561, 0x0561, 0x0561,  /* 0x1810 */
  0x0549, 0x0549, 0x0549, 0x0549, 0x0549, 0x0549, 0x0549, 0x0549,  /* 0x1818 */
  0x0531, 0x0531, 0x0531, 0x0531, 0x0531, 0x0531, 0x0531, 0x0531,  /* 0x1820 */
  0x0579, 0x0579, 0x0579, 0x0579, 0x0579, 0x0579, 0x0579, 0x0579,  /* 0x1828 */
  0x0591, 0x0591, 0x0591, 0x0591, 0x0591, 0x0591, 0x0591, 0x0591,  /* 0x1830 */
  0x050D, 0x051F, 0x059D, 0x059D, 0x04DD, 0x03E1, 0x03E1, 0x03E1,  /* 0x1838 */
  0x03E1, 0x03E1, 0x03E1, 0x03E1, 0x03E1, 0x03E1, 0x03E1, 0x03E1,  /* 0x1840 */
  0x03E1, 0x03E1, 0x03E1, 0x03E1, 0x03E1, 0x03E1, 0x03E1, 0x03E1,  /* 0x1848 */
  0x03E1, 0x03E1, 0x03E1, 0x03E1, 0x03E1, 0x03E1, 0x03E1, 0x03E1,  /* 0x1850 */
  0x03E1, 0x03E1, 0x03E1, 0x03E1, 0x03E1, 0x03E1, 0x03E1, 0x03E1,  /* 0x1858 */
  0x03E1, 0x03E1, 0x03E1, 0x03E1, 0x03E1, 0x03E1, 0x03E1, 0x03E1,  /* 0x1860 */
  0x03E1, 0x03E1, 0x03E1, 0x03E1, 0x03E1, 0x03E1, 0x03E1, 0x03E1,  /* 0x1868 */
  0x03E1, 0x03E1, 0x03E1, 0x03E1, 0x03E1, 0x03E1, 0x03E1, 0x03E1,  /* 0x1870 */
  0x03E1, 0x03E1, 0x03E1, 0x03E1, 0x03E1, 0x03E1, 0x03E1, 0x03E1,  /* 0x1878 */
  0x0504, 0x0504, 0x0504, 0x0504, 0x0504, 0x0504, 0x0504, 0x0504,  /* 0x1880 */
  0x03E1, 0x03E1, 0x03E1, 0x03E1, 0x03E1, 0x03E1, 0x03E1, 0x03E1,  /* 0x1888 */
  0x0570, 0x0570, 0x0570, 0x0570, 0x0570, 0x0570, 0x0570, 0x0570,  /* 0x1890 */
  0x0558, 0x0558, 0x0558, 0x0558, 0x0558, 0x0558, 0x0558, 0x0558,  /* 0x1898 */
  0x0540, 0x0540, 0x0540, 0x0540, 0x0540, 0x0540, 0x0540, 0x0540,  /* 0x18A0 */
  0x0588, 0x0588, 0x0588, 0x0588, 0x0588, 0x0588, 0x0588, 0x0588,  /* 0x18A8 */
  0x0594, 0x0594, 0x0594, 0x0594, 0x0594, 0x0594, 0x0594, 0x0594,  /* 0x18B0 */
  0x0519, 0x052B, 0x059F, 0x059F, 0x04EC, 0x03E1, 0x03E1, 0x03E1,  /* 0x18B8 */
  0x0501, 0x0501, 0x0501, 0x0501, 0x0501, 0x0501, 0x0501, 0x0501,  /* 0x18C0 */
  0x03E1, 0x03E1, 0x03E1, 0x03E1, 0x03E1, 0x03E1, 0x03E1, 0x03E1,  /* 0x18C8 */
  0x056D, 0x056D, 0x056D, 0x056D, 0x056D, 0x056D, 0x056D, 0x056D,  /* 0x18D0 */
  0x0555, 0x0555, 0x0555, 0x0555, 0x0555, 0x0555, 0x0555, 0x0555,  /* 0x18D8 */
  0x053D, 0x053D, 0x053D, 0x053D, 0x053D, 0x053D, 0x053D, 0x053D,  /* 0x18E0 */
  0x0585, 0x0585, 0x0585, 0x0585, 0x0585, 0x0585, 0x0585, 0x0585,  /* 0x18E8 */
  0x059A, 0x059A, 0x059A, 0x059A, 0x059A, 0x059A, 0x059A, 0x059A,  /* 0x18F0 */
  0x059F, 0x059F, 0x059F, 0x059F, 0x04E9, 0x03E1, 0x03E1, 0x03E1,  /* 0x18F8 */
  0x04FE, 0x04FE, 0x04FE, 0x04FE, 0x04FE, 0x04FE, 0x04FE, 0x04FE,  /* 0x1900 */
  0x03E1, 0x03E1, 0x03E1, 0x03E1, 0x03E1, 0x03E1, 0x03E1, 0x03E1,  /* 0x1908 */
  0x056A, 0x056A, 0x056A, 0x056A, 0x056A, 0x056A, 0x056A, 0x056A,  /* 0x1910 */
  0x0552, 0x0552, 0x0552, 0x0552, 0x0552, 0x0552, 0x0552, 0x0552,  /* 0x1918 */
  0x053A, 0x053A, 0x053A, 0x053A, 0x053A, 0x053A, 0x053A, 0x053A,  /* 0x1920 */
  0x0582, 0x0582, 0x0582, 0x0582, 0x0582, 0x0582, 0x0582, 0x0582,  /* 0x1928 */
  0x0597, 0x0597, 0x0597, 0x0597, 0x0597, 0x0597, 0x0597, 0x0597,  /* 0x1930 */
  0x0516, 0x0528, 0x059F, 0x059F, 0x04E6, 0x03E1, 0x03E1, 0x03E1,  /* 0x1938 */
  0x0507, 0x0507, 0x0507, 0x0507, 0x0507, 0x0507, 0x0507, 0x0507,  /* 0x1940 */
  0x03E1, 0x03E1, 0x03E1, 0x03E1, 0x03E1, 0x03E1, 0x03E1, 0x03E1,  /* 0x1948 */
  0x0573, 0x0573, 0x0573, 0x0573, 0x0573, 0x0573, 0x0573, 0x0573,  /* 0x1950 */
  0x055B, 0x055B, 0x055B, 0x055B, 0x055B, 0x055B, 0x055B, 0x055B,  /* 0x1958 */
  0x0543, 0x0543, 0x0543, 0x0543, 0x0543, 0x0543, 0x0543, 0x0543,  /* 0x1960 */
  0x058B, 0x058B, 0x058B, 0x058B, 0x058B, 0x058B, 0x058B, 0x058B,  /* 0x1968 */
  0x059F, 0x059F, 0x059F, 0x059F, 0x059F, 0x059F, 0x059F, 0x059F,  /* 0x1970 */
  0x051C, 0x052E, 0x059F, 0x059F, 0x04EF, 0x03E1, 0x03E1, 0x03E1,  /* 0x1978 */
  0x050A, 0x050A, 0x050A, 0x050A, 0x050A, 0x050A, 0x050A, 0x050A,  /* 0x1980 */
  0x03E1, 0x03E1, 0x03E1, 0x03E1, 0x03E1, 0x03E1, 0x03E1, 0x03E1,  /* 0x1988 */
  0x0576, 0x0576, 0x0576, 0x0576, 0x0576, 0x0576, 0x0576, 0x0576,  /* 0x1990 */
  0x055E, 0x055E, 0x055E, 0x055E, 0x055E, 0x055E, 0x055E, 0x055E,  /* 0x1998 */
  0x0546, 0x0546, 0x0546, 0x0546, 0x0546, 0x0546, 0x0546, 0x0546,  /* 0x19A0 */
  0x058E, 0x058E, 0x058E, 0x058E, 0x058E, 0x058E, 0x058E, 0x058E,  /* 0x19A8 */
  0x059F, 0x059F, 0x059F, 0x059F, 0x059F, 0x059F, 0x059F, 0x059F,  /* 0x19B0 */
  0x059F, 0x059F, 0x059F, 0x059F, 0x04F2, 0x03E1, 0x03E1, 0x03E1,  /* 0x19B8 */
  0x03E1, 0x03E1, 0x03E1, 0x03E1, 0x03E1, 0x03E1, 0x03E1, 0x03E1,  /* 0x19C0 */
  0x03E1, 0x03E1, 0x03E1, 0x03E1, 0x03E1, 0x03E1, 0x03E1, 0x03E1,  /* 0x19C8 */
  0x03E1, 0x03E1, 0x03E1, 0x03E1, 0x03E1, 0x03E1, 0x03E1, 0x03E1,  /* 0x19D0 */
  0x03E1, 0x03E1, 0x03E1, 0x03E1, 0x03E1, 0x03E1, 0x03E1, 0x03E1,  /* 0x19D8 */
  0x03E1, 0x03E1, 0x03E1, 0x03E1, 0x03E1, 0x03E1, 0x03E1, 0x03E1,  /* 0x19E0 */
  0x03E1, 0x03E1, 0x03E1, 0x03E1, 0x03E1, 0x03E1, 0x03E1, 0x03E1,  /* 0x19E8 */
  0x03E1, 0x03E1, 0x03E1, 0x03E1, 0x03E1, 0x03E1, 0x03E1, 0x03E1,  /* 0x19F0 */
  0x03E1, 0x03E1, 0x03E1, 0x03E1, 0x03E1, 0x03E1, 0x03E1, 0x03E1,  /* 0x19F8 */
  0x04F5, 0x04F5, 0x04F5, 0x04F5, 0x04F5, 0x04F5, 0x04F5, 0x04F5,  /* 0x1A00 */
  0x03E1, 0x03E1, 0x03E1, 0x03E1, 0x03E1, 0x03E1, 0x03E1, 0x03E1,  /* 0x1A08 */
  0x0561, 0x0561, 0x0561, 0x0561, 0x0561, 0x0561, 0x0561, 0x0561,  /* 0x1A10 */
  0x0549, 0x0549, 0x0549, 0x0549, 0x0549, 0x0549, 0x0549, 0x0549,  /* 0x1A18 */
  0x0531, 0x0531, 0x0531, 0x0531, 0x0531, 0x0531, 0x0531, 0x0531,  /* 0x1A20 */
  0x0579, 0x0579, 0x0579, 0x0579, 0x0579, 0x0579, 0x0579, 0x0579,  /* 0x1A28 */
  0x0591, 0x0591, 0x0591, 0x0591, 0x0591, 0x0591, 0x0591, 0x0591,  /* 0x1A30 */
  0x050D, 0x051F, 0x059D, 0x059D, 0x04DD, 0x03E1, 0x03E1, 0x03E1,  /* 0x1A38 */
  0x03E1, 0x03E1, 0x03E1, 0x03E1, 0x03E1, 0x03E1, 0x03E1, 0x03E1,  /* 0x1A40 */
  0x03E1, 0x03E1, 0x03E1, 0x03E1, 0x03E1, 0x03E1, 0x03E1, 0x03E1,  /* 0x1A48 */
  0x03E1, 0x03E1, 0x03E1, 0x03E1, 0x03E1, 0x03E1, 0x03E1, 0x03E1,  /* 0x1A50 */
  0x03E1, 0x03E1, 0x03E1, 0x03E1, 0x03E1, 0x03E1, 0x03E1, 0x03E1,  /* 0x1A58 */
  0x03E1, 0x03E1, 0x03E1, 0x03E1, 0x03E1, 0x03E1, 0x03E1, 0x03E1,  /* 0x1A60 */
  0x03E1, 0x03E1, 0x03E1, 0x03E1, 0x03E1, 0x03E1, 0x03E1, 0x03E1,  /* 0x1A68 */
  0x03E1, 0x03E1, 0x03E1, 0x03E1, 0x03E1, 0x03E1, 0x03E1, 0x03E1,  /* 0x1A70 */
  0x03E1, 0x03E1, 0x03E1, 0x03E1, 0x03E1, 0x03E1, 0x03E1, 0x03E1,  /* 0x1A78 */
  0x0504, 0x0504, 0x0504, 0x0504, 0x0504, 0x0504, 0x0504, 0x0504,  /* 0x1A80 */
  0x03E1, 0x03E1, 0x03E1, 0x03E1, 0x03E1, 0x03E1, 0x03E1, 0x03E1,  /* 0x1A88 */
  0x0570, 0x0570, 0x0570, 0x0570, 0x0570, 0x0570, 0x0570, 0x0570,  /* 0x1A90 */
  0x0558, 0x0558, 0x0558, 0x0558, 0x0558, 0x0558, 0x0558, 0x0558,  /* 0x1A98 */
  0x0540, 0x0540, 0x0540, 0x0540, 0x0540, 0x0540, 0x0540, 0x0540,  /* 0x1AA0 */
  0x0588, 0x0588, 0x0588, 0x0588, 0x0588, 0x0588, 0x0588, 0x0588,  /* 0x1AA8 */
  0x0594, 0x0594, 0x0594, 0x0594, 0x0594, 0x0594, 0x0594, 0x0594,  /* 0x1AB0 */
  0x0519, 0x052B, 0x059F, 0x059F, 0x04EC, 0x03E1, 0x03E1, 0x03E1,  /* 0x1AB8 */
  0x0501, 0x0501, 0x0501, 0x0501, 0x0501, 0x0501, 0x0501, 0x0501,  /* 0x1AC0 */
  0x03E1, 0x03E1, 0x03E1, 0x03E1, 0x03E1, 0x03E1, 0x03E1, 0x03E1,  /* 0x1AC8 */
  0x056D, 0x056D, 0x056D, 0x056D, 0x056D, 0x056D, 0x056D, 0x056D,  /* 0x1AD0 */
  0x0555, 0x0555, 0x0555, 0x0555, 0x0555, 0x0555, 0x0555, 0x0555,  /* 0x1AD8 */
  0x053D, 0x053D, 0x053D, 0x053D, 0x053D, 0x053D, 0x053D, 0x053D,  /* 0x1AE0 */
  0x0585, 0x0585, 0x0585, 0x0585, 0x0585, 0x0585, 0x0585, 0x0585,  /* 0x1AE8 */
  0x059A, 0x059A, 0x059A, 0x059A, 0x059A, 0x059A, 0x059A, 0x059A,  /* 0x1AF0 */
  0x059F, 0x059F, 0x059F, 0x059F, 0x04E9, 0x03E1, 0x03E1, 0x03E1,  /* 0x1AF8 */
  0x04FE, 0x04FE, 0x04FE, 0x04FE, 0x04FE, 0x04FE, 0x04FE, 0x04FE,  /* 0x1B00 */
  0x03E1, 0x03E1, 0x03E1, 0x03E1, 0x03E1, 0x03E1, 0x03E1, 0x03E1,  /* 0x1B08 */
  0x056A, 0x056A, 0x056A, 0x056A, 0x056A, 0x056A, 0x056A, 0x056A,  /* 0x1B10 */
  0x0552, 0x0552, 0x0552, 0x0552, 0x0552, 0x0552, 0x0552, 0x0552,  /* 0x1B18 */
  0x053A, 0x053A, 0x053A, 0x053A, 0x053A, 0x053A, 0x053A, 0x053A,  /* 0x1B20 */
  0x0582, 0x0582, 0x0582, 0x0582, 0x0582, 0x0582, 0x0582, 0x0582,  /* 0x1B28 */
  0x0597, 0x0597, 0x0597, 0x0597, 0x0597, 0x0597, 0x0597, 0x0597,  /* 0x1B30 */
  0x0516, 0x0528, 0x059F, 0x059F, 0x04E6, 0x03E1, 0x03E1, 0x03E1,  /* 0x1B38 */
  0x0507, 0x0507, 0x0507, 0x0507, 0x0507, 0x0507, 0x0507, 0x0507,  /* 0x1B40 */
  0x03E1, 0x03E1, 0x03E1, 0x03E1, 0x03E1, 0x03E1, 0x03E1, 0x03E1,  /* 0x1B48 */
  0x0573, 0x0573, 0x0573, 0x0573, 0x0573, 0x0573, 0x0573, 0x0573,  /* 0x1B50 */
  0x055B, 0x055B, 0x055B, 0x055B, 0x055B, 0x055B, 0x055B, 0x055B,  /* 0x1B58 */
  0x0543, 0x0543, 0x0543, 0x0543, 0x0543, 0x0543, 0x0543, 0x0543,  /* 0x1B60 */
  0x058B, 0x058B, 0x058B, 0x058B, 0x058B, 0x058B, 0x058B, 0x058B,  /* 0x1B68 */
  0x059F, 0x059F, 0x059F, 0x059F, 0x059F, 0x059F, 0x059F, 0x059F,  /* 0x1B70 */
  0x051C, 0x052E, 0x059F, 0x059F, 0x04EF, 0x03E1, 0x03E1, 0x03E1,  /* 0x1B78 */
  0x050A, 0x050A, 0x050A, 0x050A, 0x050A, 0x050A, 0x050A, 0x050A,  /* 0x1B80 */
  0x03E1, 0x03E1, 0x03E1, 0x03E1, 0x03E1, 0x03E1, 0x03E1, 0x03E1,  /* 0x1B88 */
  0x0576, 0x0576, 0x0576, 0x0576, 0x0576, 0x0576, 0x0576, 0x0576,  /* 0x1B90 */
  0x055E, 0x055E, 0x055E, 0x055E, 0x055E, 0x055E, 0x055E, 0x055E,  /* 0x1B98 */
  0x0546, 0x0546, 0x0546, 0x0546, 0x0546, 0x0546, 0x0546, 0x0546,  /* 0x1BA0 */
  0x058E, 0x058E, 0x058E, 0x058E, 0x058E, 0x058E, 0x058E, 0x058E,  /* 0x1BA8 */
  0x059F, 0x059F, 0x059F, 0x059F, 0x059F, 0x059F, 0x059F, 0x059F,  /* 0x1BB0 */
  0x059F, 0x059F, 0x059F, 0x059F, 0x04F2, 0x03E1, 0x03E1, 0x03E1,  /* 0x1BB8 */
  0x03E1, 0x03E1, 0x03E1, 0x03E1, 0x03E1, 0x03E1, 0x03E1, 0x03E1,  /* 0x1BC0 */
  0x03E1, 0x03E1, 0x03E1, 0x03E1, 0x03E1, 0x03E1, 0x03E1, 0x03E1,  /* 0x1BC8 */
  0x03E1, 0x03E1, 0x03E1, 0x03E1, 0x03E1, 0x03E1, 0x03E1, 0x03E1,  /* 0x1BD0 */
  0x03E1, 0x03E1, 0x03E1, 0x03E1, 0x03E1, 0x03E1, 0x03E1, 0x03E1,  /* 0x1BD8 */
  0x03E1, 0x03E1, 0x03E1, 0x03E1, 0x03E1, 0x03E1, 0x03E1, 0x03E1,  /* 0x1BE0 */
  0x03E1, 0x03E1, 0x03E1, 0x03E1, 0x03E1, 0x03E1, 0x03E1, 0x03E1,  /* 0x1BE8 */
  0x03E1, 0x03E1, 0x03E1, 0x03E1, 0x03E1, 0x03E1, 0x03E1, 0x03E1,  /* 0x1BF0 */
  0x03E1, 0x03E1, 0x03E1, 0x03E1, 0x03E1, 0x03E1, 0x03E1, 0x03E1,  /* 0x1BF8 */
  0x04F5, 0x04F5, 0x04F5, 0x04F5, 0x04F5, 0x04F5, 0x04F5, 0x04F5,  /* 0x1C00 */
  0x03E1, 0x03E1, 0x03E1, 0x03E1, 0x03E1, 0x03E1, 0x03E1, 0x03E1,  /* 0x1C08 */
  0x0561, 0x0561, 0x0561, 0x0561, 0x0561, 0x0561, 0x0561, 0x0561,  /* 0x1C10 */
  0x0549, 0x0549, 0x0549, 0x0549, 0x0549, 0x0549, 0x0549, 0x0549,  /* 0x1C18 */
  0x0531, 0x0531, 0x0531, 0x0531, 0x0531, 0x0531, 0x0531, 0x0531,  /* 0x1C20 */
  0x0579, 0x0579, 0x0579, 0x0579, 0x0579, 0x0579, 0x0579, 0x0579,  /* 0x1C28 */
  0x0591, 0x0591, 0x0591, 0x0591, 0x0591, 0x0591, 0x0591, 0x0591,  /* 0x1C30 */
  0x050D, 0x051F, 0x059D, 0x059D, 0x04DD, 0x03E1, 0x03E1, 0x03E1,  /* 0x1C38 */
  0x03E1, 0x03E1, 0x03E1, 0x03E1, 0x03E1, 0x03E1, 0x03E1, 0x03E1,  /* 0x1C40 */
  0x03E1, 0x03E1, 0x03E1, 0x03E1, 0x03E1, 0x03E1, 0x03E1, 0x03E1,  /* 0x1C48 */
  0x03E1, 0x03E1, 0x03E1, 0x03E1, 0x03E1, 0x03E1, 0x03E1, 0x03E1,  /* 0x1C50 */
  0x03E1, 0x03E1, 0x03E1, 0x03E1, 0x03E1, 0x03E1, 0x03E1, 0x03E1,  /* 0x1C58 */
  0x03E1, 0x03E1, 0x03E1, 0x03E1, 0x03E1, 0x03E1, 0x03E1, 0x03E1,  /* 0x1C60 */
  0x03E1, 0x03E1, 0x03E1, 0x03E1, 0x03E1, 0x03E1, 0x03E1, 0x03E1,  /* 0x1C68 */
  0x03E1, 0x03E1, 0x03E1, 0x03E1, 0x03E1, 0x03E1, 0x03E1, 0x03E1,  /* 0x1C70 */
  0x03E1, 0x03E1, 0x03E1, 0x03E1, 0x03E1, 0x03E1, 0x03E1, 0x03E1,  /* 0x1C78 */
  0x0504, 0x0504, 0x0504, 0x0504, 0x0504, 0x0504, 0x0504, 0x0504,  /* 0x1C80 */
  0x03E1, 0x03E1, 0x03E1, 0x03E1, 0x03E1, 0x03E1, 0x03E1, 0x03E1,  /* 0x1C88 */
  0x0570, 0x0570, 0x0570, 0x0570, 0x0570, 0x0570, 0x0570, 0x0570,  /* 0x1C90 */
  0x0558, 0x0558, 0x0558, 0x0558, 0x0558, 0x0558, 0x0558, 0x0558,  /* 0x1C98 */
  0x0540, 0x0540, 0x0540, 0x0540, 0x0540, 0x0540, 0x0540, 0x0540,  /* 0x1CA0 */
  0x0588, 0x0588, 0x0588, 0x0588, 0x0588, 0x0588, 0x0588, 0x0588,  /* 0x1CA8 */
  0x0594, 0x0594, 0x0594, 0x0594, 0x0594, 0x0594, 0x0594, 0x0594,  /* 0x1CB0 */
  0x0519, 0x052B, 0x059F, 0x059F, 0x04EC, 0x03E1, 0x03E1, 0x03E1,  /* 0x1CB8 */
  0x0501, 0x0501, 0x0501, 0x0501, 0x0501, 0x0501, 0x0501, 0x0501,  /* 0x1CC0 */
  0x03E1, 0x03E1, 0x03E1, 0x03E1, 0x03E1, 0x03E1, 0x03E1, 0x03E1,  /* 0x1CC8 */
  0x056D, 0x056D, 0x056D, 0x056D, 0x056D, 0x056D, 0x056D, 0x056D,  /* 0x1CD0 */
  0x0555, 0x0555, 0x0555, 0x0555, 0x0555, 0x0555, 0x0555, 0x0555,  /* 0x1CD8 */
  0x053D, 0x053D, 0x053D, 0x053D, 0x053D, 0x053D, 0x053D, 0x053D,  /* 0x1CE0 */
  0x0585, 0x0585, 0x0585, 0x0585, 0x0585, 0x0585, 0x0585, 0x0585,  /* 0x1CE8 */
  0x059A, 0x059A, 0x059A, 0x059A, 0x059A, 0x059A, 0x059A, 0x059A,  /* 0x1CF0 */
  0x059F, 0x059F, 0x059F, 0x059F, 0x04E9, 0x03E1, 0x03E1, 0x03E1,  /* 0x1CF8 */
  0x04FE, 0x04FE, 0x04FE, 0x04FE, 0x04FE, 0x04FE, 0x04FE, 0x04FE,  /* 0x1D00 */
  0x03E1, 0x03E1, 0x03E1, 0x03E1, 0x03E1, 0x03E1, 0x03E1, 0x03E1,  /* 0x1D08 */
  0x056A, 0x056A, 0x056A, 0x056A, 0x056A, 0x056A, 0x056A, 0x056A,  /* 0x1D10 */
  0x0552, 0x0552, 0x0552, 0x0552, 0x0552, 0x0552, 0x0552, 0x0552,  /* 0x1D18 */
  0x053A, 0x053A, 0x053A, 0x053A, 0x053A, 0x053A, 0x053A, 0x053A,  /* 0x1D20 */
  0x0582, 0x0582, 0x0582, 0x0582, 0x0582, 0x0582, 0x0582, 0x0582,  /* 0x1D28 */
  0x0597, 0x0597, 0x0597, 0x0597, 0x0597, 0x0597, 0x0597, 0x0597,  /* 0x1D30 */
  0x0516, 0x0528, 0x059F, 0x059F, 0x04E6, 0x03E1, 0x03E1, 0x03E1,  /* 0x1D38 */
  0x0507, 0x0507, 0x0507, 0x0507, 0x0507, 0x0507, 0x0507, 0x0507,  /* 0x1D40 */
  0x03E1, 0x03E1, 0x03E1, 0x03E1, 0x03E1, 0x03E1, 0x03E1, 0x03E1,  /* 0x1D48 */
  0x0573, 0x0573, 0x0573, 0x0573, 0x0573, 0x0573, 0x0573, 0x0573,  /* 0x1D50 */
  0x055B, 0x055B, 0x055B, 0x055B, 0x055B, 0x055B, 0x055B, 0x055B,  /* 0x1D58 */
  0x0543, 0x0543, 0x0543, 0x0543, 0x0543, 0x0543, 0x0543, 0x0543,  /* 0x1D60 */
  0x058B, 0x058B, 0x058B, 0x058B, 0x058B, 0x058B, 0x058B, 0x058B,  /* 0x1D68 */
  0x059F, 0x059F, 0x059F, 0x059F, 0x059F, 0x059F, 0x059F, 0x059F,  /* 0x1D70 */
  0x051C, 0x052E, 0x059F, 0x059F, 0x04EF, 0x03E1, 0x03E1, 0x03E1,  /* 0x1D78 */
  0x050A, 0x050A, 0x050A, 0x050A, 0x050A, 0x050A, 0x050A, 0x050A,  /* 0x1D80 */
  0x03E1, 0x03E1, 0x03E1, 0x03E1, 0x03E1, 0x03E1, 0x03E1, 0x03E1,  /* 0x1D88 */
  0x0576, 0x0576, 0x0576, 0x0576, 0x0576, 0x0576, 0x0576, 0x0576,  /* 0x1D90 */
  0x055E, 0x055E, 0x055E, 0x055E, 0x055E, 0x055E, 0x055E, 0x055E,  /* 0x1D98 */
  0x0546, 0x0546, 0x0546, 0x0546, 0x0546, 0x0546, 0x0546, 0x0546,  /* 0x1DA0 */
  0x058E, 0x058E, 0x058E, 0x058E, 0x058E, 0x058E, 0x058E, 0x058E,  /* 0x1DA8 */
  0x059F, 0x059F, 0x059F, 0x059F, 0x059F, 0x059F, 0x059F, 0x059F,  /* 0x1DB0 */
  0x059F, 0x059F, 0x059F, 0x059F, 0x04F2, 0x03E1, 0x03E1, 0x03E1,  /* 0x1DB8 */
  0x03E1, 0x03E1, 0x03E1, 0x03E1, 0x03E1, 0x03E1, 0x03E1, 0x03E1,  /* 0x1DC0 */
  0x03E1, 0x03E1, 0x03E1, 0x03E1, 0x03E1, 0x03E1, 0x03E1, 0x03E1,  /* 0x1DC8 */
  0x03E1, 0x03E1, 0x03E1, 0x03E1, 0x03E1, 0x03E1, 0x03E1, 0x03E1,  /* 0x1DD0 */
  0x03E1, 0x03E1, 0x03E1, 0x03E1, 0x03E1, 0x03E1, 0x03E1, 0x03E1,  /* 0x1DD8 */
  0x03E1, 0x03E1, 0x03E1, 0x03E1, 0x03E1, 0x03E1, 0x03E1, 0x03E1,  /* 0x1DE0 */
  0x03E1, 0x03E1, 0x03E1, 0x03E1, 0x03E1, 0x03E1, 0x03E1, 0x03E1,  /* 0x1DE8 */
  0x03E1, 0x03E1, 0x03E1, 0x03E1, 0x03E1, 0x03E1, 0x03E1, 0x03E1,  /* 0x1DF0 */
  0x03E1, 0x03E1, 0x03E1, 0x03E1, 0x03E1, 0x03E1, 0x03E1, 0x03E1,  /* 0x1DF8 */
  0x04F5, 0x04F5, 0x04F5, 0x04F5, 0x04F5, 0x04F5, 0x04F5, 0x04F5,  /* 0x1E00 */
  0x03E1, 0x03E1, 0x03E1, 0x03E1, 0x03E1, 0x03E1, 0x03E1, 0x03E1,  /* 0x1E08 */
  0x0561, 0x0561, 0x0561, 0x0561, 0x0561, 0x0561, 0x0561, 0x0561,  /* 0x1E10 */
  0x0549, 0x0549, 0x0549, 0x0549, 0x0549, 0x0549, 0x0549, 0x0549,  /* 0x1E18 */
  0x0531, 0x0531, 0x0531, 0x0531, 0x0531, 0x0531, 0x0531, 0x0531,  /* 0x1E20 */
  0x0579, 0x0579, 0x0579, 0x0579, 0x0579, 0x0579, 0x0579, 0x0579,  /* 0x1E28 */
  0x0591, 0x0591, 0x0591, 0x0591, 0x0591, 0x0591, 0x0591, 0x0591,  /* 0x1E30 */
  0x050D, 0x051F, 0x059D, 0x059D, 0x04DD, 0x03E1, 0x03E1, 0x03E1,  /* 0x1E38 */
  0x03E1, 0x03E1, 0x03E1, 0x03E1, 0x03E1, 0x03E1, 0x03E1, 0x03E1,  /* 0x1E40 */
  0x03E1, 0x03E1, 0x03E1, 0x03E1, 0x03E1, 0x03E1, 0x03E1, 0x03E1,  /* 0x1E48 */
  0x03E1, 0x03E1, 0x03E1, 0x03E1, 0x03E1, 0x03E1, 0x03E1, 0x03E1,  /* 0x1E50 */
  0x03E1, 0x03E1, 0x03E1, 0x03E1, 0x03E1, 0x03E1, 0x03E1, 0x03E1,  /* 0x1E58 */
  0x03E1, 0x03E1, 0x03E1, 0x03E1, 0x03E1, 0x03E1, 0x03E1, 0x03E1,  /* 0x1E60 */
  0x03E1, 0x03E1, 0x03E1, 0x03E1, 0x03E1, 0x03E1, 0x03E1, 0x03E1,  /* 0x1E68 */
  0x03E1, 0x03E1, 0x03E1, 0x03E1, 0x03E1, 0x03E1, 0x03E1, 0x03E1,  /* 0x1E70 */
  0x03E1, 0x03E1, 0x03E1, 0x03E1, 0x03E1, 0x03E1, 0x03E1, 0x03E1,  /* 0x1E78 */
  0x0504, 0x0504, 0x0504, 0x0504, 0x0504, 0x0504, 0x0504, 0x0504,  /* 0x1E80 */
  0x03E1, 0x03E1, 0x03E1, 0x03E1, 0x03E1, 0x03E1, 0x03E1, 0x03E1,  /* 0x1E88 */
  0x0570, 0x0570, 0x0570, 0x0570, 0x0570, 0x0570, 0x0570, 0x0570,  /* 0x1E90 */
  0x0558, 0x0558, 0x0558, 0x0558, 0x0558, 0x0558, 0x0558, 0x0558,  /* 0x1E98 */
  0x0540, 0x0540, 0x0540, 0x0540, 0x0540, 0x0540, 0x0540, 0x0540,  /* 0x1EA0 */
  0x0588, 0x0588, 0x0588, 0x0588, 0x0588, 0x0588, 0x0588, 0x0588,  /* 0x1EA8 */
  0x0594, 0x0594, 0x0594, 0x0594, 0x0594, 0x0594, 0x0594, 0x0594,  /* 0x1EB0 */
  0x0519, 0x052B, 0x059F, 0x059F, 0x04EC, 0x03E1, 0x03E1, 0x03E1,  /* 0x1EB8 */
  0x0501, 0x0501, 0x0501, 0x0501, 0x0501, 0x0501, 0x0501, 0x0501,  /* 0x1EC0 */
  0x03E1, 0x03E1, 0x03E1, 0x03E1, 0x03E1, 0x03E1, 0x03E1, 0x03E1,  /* 0x1EC8 */
  0x056D, 0x056D, 0x056D, 0x056D, 0x056D, 0x056D, 0x056D, 0x056D,  /* 0x1ED0 */
  0x0555, 0x0555, 0x0555, 0x0555, 0x0555, 0x0555, 0x0555, 0x0555,  /* 0x1ED8 */
  0x053D, 0x053D, 0x053D, 0x053D, 0x053D, 0x053D, 0x053D, 0x053D,  /* 0x1EE0 */
  0x0585, 0x0585, 0x0585, 0x0585, 0x0585, 0x0585, 0x0585, 0x0585,  /* 0x1EE8 */
  0x059A, 0x059A, 0x059A, 0x059A, 0x059A, 0x059A, 0x059A, 0x059A,  /* 0x1EF0 */
  0x059F, 0x059F, 0x059F, 0x059F, 0x04E9, 0x03E1, 0x03E1, 0x03E1,  /* 0x1EF8 */
  0x04FE, 0x04FE, 0x04FE, 0x04FE, 0x04FE, 0x04FE, 0x04FE, 0x04FE,  /* 0x1F00 */
  0x03E1, 0x03E1, 0x03E1, 0x03E1, 0x03E1, 0x03E1, 0x03E1, 0x03E1,  /* 0x1F08 */
  0x056A, 0x056A, 0x056A, 0x056A, 0x056A, 0x056A, 0x056A, 0x056A,  /* 0x1F10 */
  0x0552, 0x0552, 0x0552, 0x0552, 0x0552, 0x0552, 0x0552, 0x0552,  /* 0x1F18 */
  0x053A, 0x053A, 0x053A, 0x053A, 0x053A, 0x053A, 0x053A, 0x053A,  /* 0x1F20 */
  0x0582, 0x0582, 0x0582, 0x0582, 0x0582, 0x0582, 0x0582, 0x0582,  /* 0x1F28 */
  0x0597, 0x0597, 0x0597, 0x0597, 0x0597, 0x0597, 0x0597, 0x0597,  /* 0x1F30 */
  0x0516, 0x0528, 0x059F, 0x059F, 0x04E6, 0x03E1, 0x03E1, 0x03E1,  /* 0x1F38 */
  0x0507, 0x0507, 0x0507, 0x0507, 0x0507, 0x0507, 0x0507, 0x0507,  /* 0x1F40 */
  0x03E1, 0x03E1, 0x03E1, 0x03E1, 0x03E1, 0x03E1, 0x03E1, 0x03E1,  /* 0x1F48 */
  0x0573, 0x0573, 0x0573, 0x0573, 0x0573, 0x0573, 0x0573, 0x0573,  /* 0x1F50 */
  0x055B, 0x055B, 0x055B, 0x055B, 0x055B, 0x055B, 0x055B, 0x055B,  /* 0x1F58 */
  0x0543, 0x0543, 0x0543, 0x0543, 0x0543, 0x0543, 0x0543, 0x0543,  /* 0x1F60 */
  0x058B, 0x058B, 0x058B, 0x058B, 0x058B, 0x058B, 0x058B, 0x058B,  /* 0x1F68 */
  0x059F, 0x059F, 0x059F, 0x059F, 0x059F, 0x059F, 0x059F, 0x059F,  /* 0x1F70 */
  0x051C, 0x052E, 0x059F, 0x059F, 0x04EF, 0x03E1, 0x03E1, 0x03E1,  /* 0x1F78 */
  0x050A, 0x050A, 0x050A, 0x050A, 0x050A, 0x050A, 0x050A, 0x050A,  /* 0x1F80 */
  0x03E1, 0x03E1, 0x03E1, 0x03E1, 0x03E1, 0x03E1, 0x03E1, 0x03E1,  /* 0x1F88 */
  0x0576, 0x0576, 0x0576, 0x0576, 0x0576, 0x0576, 0x0576, 0x0576,  /* 0x1F90 */
  0x055E, 0x055E, 0x055E, 0x055E, 0x055E, 0x055E, 0x055E, 0x055E,  /* 0x1F98 */
  0x0546, 0x0546, 0x0546, 0x0546, 0x0546, 0x0546, 0x0546, 0x0546,  /* 0x1FA0 */
  0x058E, 0x058E, 0x058E, 0x058E, 0x058E, 0x058E, 0x058E, 0x058E,  /* 0x1FA8 */
  0x059F, 0x059F, 0x059F, 0x059F, 0x059F, 0x059F, 0x059F, 0x059F,  /* 0x1FB0 */
  0x059F, 0x059F, 0x059F, 0x059F, 0x04F2, 0x03E1, 0x03E1, 0x03E1,  /* 0x1FB8 */
  0x03E1, 0x03E1, 0x03E1, 0x03E1, 0x03E1, 0x03E1, 0x03E1, 0x03E1,  /* 0x1FC0 */
  0x03E1, 0x03E1, 0x03E1, 0x03E1, 0x03E1, 0x03E1, 0x03E1, 0x03E1,  /* 0x1FC8 */
  0x03E1, 0x03E1, 0x03E1, 0x03E1, 0x03E1, 0x03E1, 0x03E1, 0x03E1,  /* 0x1FD0 */
  0x03E1, 0x03E1, 0x03E1, 0x03E1, 0x03E1, 0x03E1, 0x03E1, 0x03E1,  /* 0x1FD8 */
  0x03E1, 0x03E1, 0x03E1, 0x03E1, 0x03E1, 0x03E1, 0x03E1, 0x03E1,  /* 0x1FE0 */
  0x03E1, 0x03E1, 0x03E1, 0x03E1, 0x03E1, 0x03E1, 0x03E1, 0x03E1,  /* 0x1FE8 */
  0x03E1, 0x03E1, 0x03E1, 0x03E1, 0x03E1, 0x03E1, 0x03E1, 0x03E1,  /* 0x1FF0 */
  0x03E1, 0x03E1, 0x03E1, 0x03E1, 0x03E1, 0x03E1, 0x03E1, 0x03E1,  /* 0x1FF8 */
  0x04F7, 0x04F7, 0x04F7, 0x04F7, 0x04F7, 0x04F7, 0x04F7, 0x04F7,  /* 0x2000 */
  0x04F7, 0x04F7, 0x04F7, 0x04F7, 0x04F7, 0x04F7, 0x04F7, 0x04F7,  /* 0x2008 */
  0x0563, 0x0563, 0x0563, 0x0563, 0x0563, 0x0563, 0x0563, 0x0563,  /* 0x2010 */
  0x054B, 0x054B, 0x054B, 0x054B, 0x054B, 0x054B, 0x054B, 0x054B,  /* 0x2018 */
  0x0533, 0x0533, 0x0533, 0x0533, 0x0533, 0x0533, 0x0533, 0x0533,  /* 0x2020 */
  0x057B, 0x057B, 0x057B, 0x057B, 0x057B, 0x057B, 0x057B, 0x057B,  /* 0x2028 */
  0x0593, 0x0593, 0x0593, 0x0593, 0x0593, 0x0593, 0x0593, 0x0593,  /* 0x2030 */
  0x050F, 0x0521, 0x05A5, 0x05A5, 0x04DF, 0x03E1, 0x03E1, 0x03E1,  /* 0x2038 */
  0x05B2, 0x05B2, 0x05B2, 0x05B2, 0x05B2, 0x05B2, 0x05B2, 0x05B2,  /* 0x2040 */
  0x05B2, 0x05B2, 0x05B2, 0x05B2, 0x05B2, 0x05B2, 0x05B2, 0x05B2,  /* 0x2048 */
  0x05B7, 0x05B7, 0x05B7, 0x05B7, 0x05B7, 0x05B7, 0x05B7, 0x05B7,  /* 0x2050 */
  0x05B6, 0x05B6, 0x05B6, 0x05B6, 0x05B6, 0x05B6, 0x05B6, 0x05B6,  /* 0x2058 */
  0x05B5, 0x05B5, 0x05B5, 0x05B5, 0x05B5, 0x05B5, 0x05B5, 0x05B5,  /* 0x2060 */
  0x05B8, 0x05B8, 0x05B8, 0x05B8, 0x05B8, 0x05B8, 0x05B8, 0x05B8,  /* 0x2068 */
  0x05B9, 0x05B9, 0x05B9, 0x05B9, 0x05B9, 0x05B9, 0x05B9, 0x05B9,  /* 0x2070 */
  0x05B3, 0x05B4, 0x05BB, 0x05BB, 0x05B1, 0x03E1, 0x03E1, 0x03E1,  /* 0x2078 */
  0x0506, 0x0506, 0x0506, 0x0506, 0x0506, 0x0506, 0x0506, 0x0506,  /* 0x2080 */
  0x0506, 0x0506, 0x0506, 0x0506, 0x0506, 0x0506, 0x0506, 0x0506,  /* 0x2088 */
  0x0572, 0x0572, 0x0572, 0x0572, 0x0572, 0x0572, 0x0572, 0x0572,  /* 0x2090 */
  0x055A, 0x055A, 0x055A, 0x055A, 0x055A, 0x055A, 0x055A, 0x055A,  /* 0x2098 */
  0x0542, 0x0542, 0x0542, 0x0542, 0x0542, 0x0542, 0x0542, 0x0542,  /* 0x20A0 */
  0x058A, 0x058A, 0x058A, 0x058A, 0x058A, 0x058A, 0x058A, 0x058A,  /* 0x20A8 */
  0x0596, 0x0596, 0x0596, 0x0596, 0x0596, 0x0596, 0x0596, 0x0596,  /* 0x20B0 */
  0x051B, 0x052D, 0x05A7, 0x05A7, 0x04EE, 0x03E1, 0x03E1, 0x03E1,  /* 0x20B8 */
  0x0503, 0x0503, 0x0503, 0x0503, 0x0503, 0x0503, 0x0503, 0x0503,  /* 0x20C0 */
  0x0503, 0x0503, 0x0503, 0x0503, 0x0503, 0x0503, 0x0503, 0x0503,  /* 0x20C8 */
  0x056F, 0x056F, 0x056F, 0x056F, 0x056F, 0x056F, 0x056F, 0x056F,  /* 0x20D0 */
  0x0557, 0x0557, 0x0557, 0x0557, 0x0557, 0x0557, 0x0557, 0x0557,  /* 0x20D8 */
  0x053F, 0x053F, 0x053F, 0x053F, 0x053F, 0x053F, 0x053F, 0x053F,  /* 0x20E0 */
  0x0587, 0x0587, 0x0587, 0x0587, 0x0587, 0x0587, 0x0587, 0x0587,  /* 0x20E8 */
  0x059C, 0x059C, 0x059C, 0x059C, 0x059C, 0x059C, 0x059C, 0x059C,  /* 0x20F0 */
  0x05A7, 0x05A7, 0x05A7, 0x05A7, 0x04EB, 0x03E1, 0x03E1, 0x03E1,  /* 0x20F8 */
  0x0500, 0x0500, 0x0500, 0x0500, 0x0500, 0x0500, 0x0500, 0x0500,  /* 0x2100 */
  0x0500, 0x0500, 0x0500, 0x0500, 0x0500, 0x0500, 0x0500, 0x0500,  /* 0x2108 */
  0x056C, 0x056C, 0x056C, 0x056C, 0x056C, 0x056C, 0x056C, 0x056C,  /* 0x2110 */
  0x0554, 0x0554, 0x0554, 0x0554, 0x0554, 0x0554, 0x0554, 0x0554,  /* 0x2118 */
  0x053C, 0x053C, 0x053C, 0x053C, 0x053C, 0x053C, 0x053C, 0x053C,  /* 0x2120 */
  0x0584, 0x0584, 0x0584, 0x0584, 0x0584, 0x0584, 0x0584, 0x0584,  /* 0x2128 */
  0x0599, 0x0599, 0x0599, 0x0599, 0x0599, 0x0599, 0x0599, 0x0599,  /* 0x2130 */
  0x0518, 0x052A, 0x05A7, 0x05A7, 0x04E8, 0x03E1, 0x03E1, 0x03E1,  /* 0x2138 */
  0x0509, 0x0509, 0x0509, 0x0509, 0x0509, 0x0509, 0x0509, 0x0509,  /* 0x2140 */
  0x0509, 0x0509, 0x0509, 0x0509, 0x0509, 0x0509, 0x0509, 0x0509,  /* 0x2148 */
  0x0575, 0x0575, 0x0575, 0x0575, 0x0575, 0x0575, 0x0575, 0x0575,  /* 0x2150 */
  0x055D, 0x055D, 0x055D, 0x055D, 0x055D, 0x055D, 0x055D, 0x055D,  /* 0x2158 */
  0x0545, 0x0545, 0x0545, 0x0545, 0x0545, 0x0545, 0x0545, 0x0545,  /* 0x2160 */
  0x058D, 0x058D, 0x058D, 0x058D, 0x058D, 0x058D, 0x058D, 0x058D,  /* 0x2168 */
  0x05A7, 0x05A7, 0x05A7, 0x05A7, 0x05A7, 0x05A7, 0x05A7, 0x05A7,  /* 0x2170 */
  0x051E, 0x0530, 0x05A7, 0x05A7, 0x04F1, 0x03E1, 0x03E1, 0x03E1,  /* 0x2178 */
  0x050C, 0x050C, 0x050C, 0x050C, 0x050C, 0x050C, 0x050C, 0x050C,  /* 0x2180 */
  0x050C, 0x050C, 0x050C, 0x050C, 0x050C, 0x050C, 0x050C, 0x050C,  /* 0x2188 */
  0x0578, 0x0578, 0x0578, 0x0578, 0x0578, 0x0578, 0x0578, 0x0578,  /* 0x2190 */
  0x0560, 0x0560, 0x0560, 0x0560, 0x0560, 0x0560, 0x0560, 0x0560,  /* 0x2198 */
  0x0548, 0x0548, 0x0548, 0x0548, 0x0548, 0x0548, 0x0548, 0x0548,  /* 0x21A0 */
  0x0590, 0x0590, 0x0590, 0x0590, 0x0590, 0x0590, 0x0590, 0x0590,  /* 0x21A8 */
  0x05A7, 0x05A7, 0x05A7, 0x05A7, 0x05A7, 0x05A7, 0x05A7, 0x05A7,  /* 0x21B0 */
  0x05A7, 0x05A7, 0x05A7, 0x05A7, 0x04F4, 0x03E1, 0x03E1, 0x03E1,  /* 0x21B8 */
  0x04FA, 0x04FA, 0x04FA, 0x04FA, 0x04FA, 0x04FA, 0x04FA, 0x04FA,  /* 0x21C0 */
  0x04FA, 0x04FA, 0x04FA, 0x04FA, 0x04FA, 0x04FA, 0x04FA, 0x04FA,  /* 0x21C8 */
  0x0566, 0x0566, 0x0566, 0x0566, 0x0566, 0x0566, 0x0566, 0x0566,  /* 0x21D0 */
  0x054E, 0x054E, 0x054E, 0x054E, 0x054E, 0x054E, 0x054E, 0x054E,  /* 0x21D8 */
  0x0536, 0x0536, 0x0536, 0x0536, 0x0536, 0x0536, 0x0536, 0x0536,  /* 0x21E0 */
  0x057E, 0x057E, 0x057E, 0x057E, 0x057E, 0x057E, 0x057E, 0x057E,  /* 0x21E8 */
  0x05A7, 0x05A7, 0x05A7, 0x05A7, 0x05A7, 0x05A7, 0x05A7, 0x05A7,  /* 0x21F0 */
  0x0512, 0x0524, 0x05A7, 0x05A7, 0x04E2, 0x03E1, 0x03E1, 0x03E1,  /* 0x21F8 */
  0x04F7, 0x04F7, 0x04F7, 0x04F7, 0x04F7, 0x04F7, 0x04F7, 0x04F7,  /* 0x2200 */
  0x04F7, 0x04F7, 0x04F7, 0x04F7, 0x04F7, 0x04F7, 0x04F7, 0x04F7,  /* 0x2208 */
  0x0563, 0x0563, 0x0563, 0x0563, 0x0563, 0x0563, 0x0563, 0x0563,  /* 0x2210 */
  0x054B, 0x054B, 0x054B, 0x054B, 0x054B, 0x054B, 0x054B, 0x054B,  /* 0x2218 */
  0x0533, 0x0533, 0x0533, 0x0533, 0x0533, 0x0533, 0x0533, 0x0533,  /* 0x2220 */
  0x057B, 0x057B, 0x057B, 0x057B, 0x057B, 0x057B, 0x057B, 0x057B,  /* 0x2228 */
  0x0593, 0x0593, 0x0593, 0x0593, 0x0593, 0x0593, 0x0593, 0x0593,  /* 0x2230 */
  0x050F, 0x0521, 0x05A5, 0x05A5, 0x04DF, 0x03E1, 0x03E1, 0x03E1,  /* 0x2238 */
  0x05B2, 0x05B2, 0x05B2, 0x05B2, 0x05B2, 0x05B2, 0x05B2, 0x05B2,  /* 0x2240 */
  0x05B2, 0x05B2, 0x05B2, 0x05B2, 0x05B2, 0x05B2, 0x05B2, 0x05B2,  /* 0x2248 */
  0x05B7, 0x05B7, 0x05B7, 0x05B7, 0x05B7, 0x05B7, 0x05B7, 0x05B7,  /* 0x2250 */
  0x05B6, 0x05B6, 0x05B6, 0x05B6, 0x05B6, 0x05B6, 0x05B6, 0x05B6,  /* 0x2258 */
  0x05B5, 0x05B5, 0x05B5, 0x05B5, 0x05B5, 0x05B5, 0x05B5, 0x05B5,  /* 0x2260 */
  0x05B8, 0x05B8, 0x05B8, 0x05B8, 0x05B8, 0x05B8, 0x05B8, 0x05B8,  /* 0x2268 */
  0x05B9, 0x05B9, 0x05B9, 0x05B9, 0x05B9, 0x05B9, 0x05B9, 0x05B9,  /* 0x2270 */
  0x05B3, 0x05B4, 0x05BB, 0x05BB, 0x05B1, 0x03E1, 0x03E1, 0x03E1,  /* 0x2278 */
  0x0506, 0x0506, 0x0506, 0x0506, 0x0506, 0x0506, 0x0506, 0x0506,  /* 0x2280 */
  0x0506, 0x0506, 0x0506, 0x0506, 0x0506, 0x0506, 0x0506, 0x0506,  /* 0x2288 */
  0x0572, 0x0572, 0x0572, 0x0572, 0x0572, 0x0572, 0x0572, 0x0572,  /* 0x2290 */
  0x055A, 0x055A, 0x055A, 0x055A, 0x055A, 0x055A, 0x055A, 0x055A,  /* 0x2298 */
  0x0542, 0x0542, 0x0542, 0x0542, 0x0542, 0x0542, 0x0542, 0x0542,  /* 0x22A0 */
  0x058A, 0x058A, 0x058A, 0x058A, 0x058A, 0x058A, 0x058A, 0x058A,  /* 0x22A8 */
  0x0596, 0x0596, 0x0596, 0x0596, 0x0596, 0x0596, 0x0596, 0x0596,  /* 0x22B0 */
  0x051B, 0x052D, 0x05A7, 0x05A7, 0x04EE, 0x03E1, 0x03E1, 0x03E1,  /* 0x22B8 */
  0x0503, 0x0503, 0x0503, 0x0503, 0x0503, 0x0503, 0x0503, 0x0503,  /* 0x22C0 */
  0x0503, 0x0503, 0x0503, 0x0503, 0x0503, 0x0503, 0x0503, 0x0503,  /* 0x22C8 */
  0x056F, 0x056F, 0x056F, 0x056F, 0x056F, 0x056F, 0x056F, 0x056F,  /* 0x22D0 */
  0x0557, 0x0557, 0x0557, 0x0557, 0x0557, 0x0557, 0x0557, 0x0557,  /* 0x22D8 */
  0x053F, 0x053F, 0x053F, 0x053F, 0x053F, 0x053F, 0x053F, 0x053F,  /* 0x22E0 */
  0x0587, 0x0587, 0x0587, 0x0587, 0x0587, 0x0587, 0x0587, 0x0587,  /* 0x22E8 */
  0x059C, 0x059C, 0x059C, 0x059C, 0x059C, 0x059C, 0x059C, 0x059C,  /* 0x22F0 */
  0x05A7, 0x05A7, 0x05A7, 0x05A7, 0x04EB, 0x03E1, 0x03E1, 0x03E1,  /* 0x22F8 */
  0x0500, 0x0500, 0x0500, 0x0500, 0x0500, 0x0500, 0x0500, 0x0500,  /* 0x2300 */
  0x0500, 0x0500, 0x0500, 0x0500, 0x0500, 0x0500, 0x0500, 0x0500,  /* 0x2308 */
  0x056C, 0x056C, 0x056C, 0x056C, 0x056C, 0x056C, 0x056C, 0x056C,  /* 0x2310 */
  0x0554, 0x0554, 0x0554, 0x0554, 0x0554, 0x0554, 0x0554, 0x0554,  /* 0x2318 */
  0x053C, 0x053C, 0x053C, 0x053C, 0x053C, 0x053C, 0x053C, 0x053C,  /* 0x2320 */
  0x0584, 0x0584, 0x0584, 0x0584, 0x0584, 0x0584, 0x0584, 0x0584,  /* 0x2328 */
  0x0599, 0x0599, 0x0599, 0x0599, 0x0599, 0x0599, 0x0599, 0x0599,  /* 0x2330 */
  0x0518, 0x052A, 0x05A7, 0x05A7, 0x04E8, 0x03E1, 0x03E1, 0x03E1,  /* 0x2338 */
  0x0509, 0x0509, 0x0509, 0x0509, 0x0509, 0x0509, 0x0509, 0x0509,  /* 0x2340 */
  0x0509, 0x0509, 0x0509, 0x0509, 0x0509, 0x0509, 0x0509, 0x0509,  /* 0x2348 */
  0x0575, 0x0575, 0x0575, 0x0575, 0x0575, 0x0575, 0x0575, 0x0575,  /* 0x2350 */
  0x055D, 0x055D, 0x055D, 0x055D, 0x055D, 0x055D, 0x055D, 0x055D,  /* 0x2358 */
  0x0545, 0x0545, 0x0545, 0x0545, 0x0545, 0x0545, 0x0545, 0x0545,  /* 0x2360 */
  0x058D, 0x058D, 0x058D, 0x058D, 0x058D, 0x058D, 0x058D, 0x058D,  /* 0x2368 */
  0x05A7, 0x05A7, 0x05A7, 0x05A7, 0x05A7, 0x05A7, 0x05A7, 0x05A7,  /* 0x2370 */
  0x051E, 0x0530, 0x05A7, 0x05A7, 0x04F1, 0x03E1, 0x03E1, 0x03E1,  /* 0x2378 */
  0x050C, 0x050C, 0x050C, 0x050C, 0x050C, 0x050C, 0x050C, 0x050C,  /* 0x2380 */
  0x050C, 0x050C, 0x050C, 0x050C, 0x050C, 0x050C, 0x050C, 0x050C,  /* 0x2388 */
  0x0578, 0x0578, 0x0578, 0x0578, 0x0578, 0x0578, 0x0578, 0x0578,  /* 0x2390 */
  0x0560, 0x0560, 0x0560, 0x0560, 0x0560, 0x0560, 0x0560, 0x0560,  /* 0x2398 */
  0x0548, 0x0548, 0x0548, 0x0548, 0x0548, 0x0548, 0x0548, 0x0548,  /* 0x23A0 */
  0x0590, 0x0590, 0x0590, 0x0590, 0x0590, 0x0590, 0x0590, 0x0590,  /* 0x23A8 */
  0x05A7, 0x05A7, 0x05A7, 0x05A7, 0x05A7, 0x05A7, 0x05A7, 0x05A7,  /* 0x23B0 */
  0x05A7, 0x05A7, 0x05A7, 0x05A7, 0x04F4, 0x03E1, 0x03E1, 0x03E1,  /* 0x23B8 */
  0x04FD, 0x04FD, 0x04FD, 0x04FD, 0x04FD, 0x04FD, 0x04FD, 0x04FD,  /* 0x23C0 */
  0x04FD, 0x04FD, 0x04FD, 0x04FD, 0x04FD, 0x04FD, 0x04FD, 0x04FD,  /* 0x23C8 */
  0x0569, 0x0569, 0x0569, 0x0569, 0x0569, 0x0569, 0x0569, 0x0569,  /* 0x23D0 */
  0x0551, 0x0551, 0x0551, 0x0551, 0x0551, 0x0551, 0x0551, 0x0551,  /* 0x23D8 */
  0x0539, 0x0539, 0x0539, 0x0539, 0x0539, 0x0539, 0x0539, 0x0539,  /* 0x23E0 */
  0x0581, 0x0581, 0x0581, 0x0581, 0x0581, 0x0581, 0x0581, 0x0581,  /* 0x23E8 */
  0x05A7, 0x05A7, 0x05A7, 0x05A7, 0x05A7, 0x05A7, 0x05A7, 0x05A7,  /* 0x23F0 */
  0x0515, 0x0527, 0x05A7, 0x05A7, 0x04E5, 0x03E1, 0x03E1, 0x03E1,  /* 0x23F8 */
  0x04F7, 0x04F7, 0x04F7, 0x04F7, 0x04F7, 0x04F7, 0x04F7, 0x04F7,  /* 0x2400 */
  0x04F7, 0x04F7, 0x04F7, 0x04F7, 0x04F7, 0x04F7, 0x04F7, 0x04F7,  /* 0x2408 */
  0x0563, 0x0563, 0x0563, 0x0563, 0x0563, 0x0563, 0x0563, 0x0563,  /* 0x2410 */
  0x054B, 0x054B, 0x054B, 0x054B, 0x054B, 0x054B, 0x054B, 0x054B,  /* 0x2418 */
  0x0533, 0x0533, 0x0533, 0x0533, 0x0533, 0x0533, 0x0533, 0x0533,  /* 0x2420 */
  0x057B, 0x057B, 0x057B, 0x057B, 0x057B, 0x057B, 0x057B, 0x057B,  /* 0x2428 */
  0x0593, 0x0593, 0x0593, 0x0593, 0x0593, 0x0593, 0x0593, 0x0593,  /* 0x2430 */
  0x050F, 0x0521, 0x05A5, 0x05A5, 0x04DF, 0x03E1, 0x03E1, 0x03E1,  /* 0x2438 */
  0x05B2, 0x05B2, 0x05B2, 0x05B2, 0x05B2, 0x05B2, 0x05B2, 0x05B2,  /* 0x2440 */
  0x05B2, 0x05B2, 0x05B2, 0x05B2, 0x05B2, 0x05B2, 0x05B2, 0x05B2,  /* 0x2448 */
  0x05B7, 0x05B7, 0x05B7, 0x05B7, 0x05B7, 0x05B7, 0x05B7, 0x05B7,  /* 0x2450 */
  0x05B6, 0x05B6, 0x05B6, 0x05B6, 0x05B6, 0x05B6, 0x05B6, 0x05B6,  /* 0x2458 */
  0x05B5, 0x05B5, 0x05B5, 0x05B5, 0x05B5, 0x05B5, 0x05B5, 0x05B5,  /* 0x2460 */
  0x05B8, 0x05B8, 0x05B8, 0x05B8, 0x05B8, 0x05B8, 0x05B8, 0x05B8,  /* 0x2468 */
  0x05B9, 0x05B9, 0x05B9, 0x05B9, 0x05B9, 0x05B9, 0x05B9, 0x05B9,  /* 0x2470 */
  0x05B3, 0x05B4, 0x05BB, 0x05BB, 0x05B1, 0x03E1, 0x03E1, 0x03E1,  /* 0x2478 */
  0x0506, 0x0506, 0x0506, 0x0506, 0x0506, 0x0506, 0x0506, 0x0506,  /* 0x2480 */
  0x0506, 0x0506, 0x0506, 0x0506, 0x0506, 0x0506, 0x0506, 0x0506,  /* 0x2488 */
  0x0572, 0x0572, 0x0572, 0x0572, 0x0572, 0x0572, 0x0572, 0x0572,  /* 0x2490 */
  0x055A, 0x055A, 0x055A, 0x055A, 0x055A, 0x055A, 0x055A, 0x055A,  /* 0x2498 */
  0x0542, 0x0542, 0x0542, 0x0542, 0x0542, 0x0542, 0x0542, 0x0542,  /* 0x24A0 */
  0x058A, 0x058A, 0x058A, 0x058A, 0x058A, 0x058A, 0x058A, 0x058A,  /* 0x24A8 */
  0x0596, 0x0596, 0x0596, 0x0596, 0x0596, 0x0596, 0x0596, 0x0596,  /* 0x24B0 */
  0x051B, 0x052D, 0x05A7, 0x05A7, 0x04EE, 0x03E1, 0x03E1, 0x03E1,  /* 0x24B8 */
  0x0503, 0x0503, 0x0503, 0x0503, 0x0503, 0x0503, 0x0503, 0x0503,  /* 0x24C0 */
  0x0503, 0x0503, 0x0503, 0x0503, 0x0503, 0x0503, 0x0503, 0x0503,  /* 0x24C8 */
  0x056F, 0x056F, 0x056F, 0x056F, 0x056F, 0x056F, 0x056F, 0x056F,  /* 0x24D0 */
  0x0557, 0x0557, 0x0557, 0x0557, 0x0557, 0x0557, 0x0557, 0x0557,  /* 0x24D8 */
  0x053F, 0x053F, 0x053F, 0x053F, 0x053F, 0x053F, 0x053F, 0x053F,  /* 0x24E0 */
  0x0587, 0x0587, 0x0587, 0x0587, 0x0587, 0x0587, 0x0587, 0x0587,  /* 0x24E8 */
  0x059C, 0x059C, 0x059C, 0x059C, 0x059C, 0x059C, 0x059C, 0x059C,  /* 0x24F0 */
  0x05A7, 0x05A7, 0x05A7, 0x05A7, 0x04EB, 0x03E1, 0x03E1, 0x03E1,  /* 0x24F8 */
  0x0500, 0x0500, 0x0500, 0x0500, 0x0500, 0x0500, 0x0500, 0x0500,  /* 0x2500 */
  0x0500, 0x0500, 0x0500, 0x0500, 0x0500, 0x0500, 0x0500, 0x0500,  /* 0x2508 */
  0x056C, 0x056C, 0x056C, 0x056C, 0x056C, 0x056C, 0x056C, 0x056C,  /* 0x2510 */
  0x0554, 0x0554, 0x0554, 0x0554, 0x0554, 0x0554, 0x0554, 0x0554,  /* 0x2518 */
  0x053C, 0x053C, 0x053C, 0x053C, 0x053C, 0x053C, 0x053C, 0x053C,  /* 0x2520 */
  0x0584, 0x0584, 0x0584, 0x0584, 0x0584, 0x0584, 0x0584, 0x0584,  /* 0x2528 */
  0x0599, 0x0599, 0x0599, 0x0599, 0x0599, 0x0599, 0x0599, 0x0599,  /* 0x2530 */
  0x0518, 0x052A, 0x05A7, 0x05A7, 0x04E8, 0x03E1, 0x03E1, 0x03E1,  /* 0x2538 */
  0x0509, 0x0509, 0x0509, 0x0509, 0x0509, 0x0509, 0x0509, 0x0509,  /* 0x2540 */
  0x0509, 0x0509, 0x0509, 0x0509, 0x0509, 0x0509, 0x0509, 0x0509,  /* 0x2548 */
  0x0575, 0x0575, 0x0575, 0x0575, 0x0575, 0x0575, 0x0575, 0x0575,  /* 0x2550 */
  0x055D, 0x055D, 0x055D, 0x055D, 0x055D, 0x055D, 0x055D, 0x055D,  /* 0x2558 */
  0x0545, 0x0545, 0x0545, 0x0545, 0x0545, 0x0545, 0x0545, 0x0545,  /* 0x2560 */
  0x058D, 0x058D, 0x058D, 0x058D, 0x058D, 0x058D, 0x058D, 0x058D,  /* 0x2568 */
  0x05A7, 0x05A7, 0x05A7, 0x05A7, 0x05A7, 0x05A7, 0x05A7, 0x05A7,  /* 0x2570 */
  0x051E, 0x0530, 0x05A7, 0x05A7, 0x04F1, 0x03E1, 0x03E1, 0x03E1,  /* 0x2578 */
  0x050C, 0x050C, 0x050C, 0x050C, 0x050C, 0x050C, 0x050C, 0x050C,  /* 0x2580 */
  0x050C, 0x050C, 0x050C, 0x050C, 0x050C, 0x050C, 0x050C, 0x050C,  /* 0x2588 */
  0x0578, 0x0578, 0x0578, 0x0578, 0x0578, 0x0578, 0x0578, 0x0578,  /* 0x2590 */
  0x0560, 0x0560, 0x0560, 0x0560, 0x0560, 0x0560, 0x0560, 0x0560,  /* 0x2598 */
  0x0548, 0x0548, 0x0548, 0x0548, 0x0548, 0x0548, 0x0548, 0x0548,  /* 0x25A0 */
  0x0590, 0x0590, 0x0590, 0x0590, 0x0590, 0x0590, 0x0590, 0x0590,  /* 0x25A8 */
  0x05A7, 0x05A7, 0x05A7, 0x05A7, 0x05A7, 0x05A7, 0x05A7, 0x05A7,  /* 0x25B0 */
  0x05A7, 0x05A7, 0x05A7, 0x05A7, 0x04F4, 0x03E1, 0x03E1, 0x03E1,  /* 0x25B8 */
  0x03E1, 0x03E1, 0x03E1, 0x03E1, 0x03E1, 0x03E1, 0x03E1, 0x03E1,  /* 0x25C0 */
  0x03E1, 0x03E1, 0x03E1, 0x03E1, 0x03E1, 0x03E1, 0x03E1, 0x03E1,  /* 0x25C8 */
  0x03E1, 0x03E1, 0x03E1, 0x03E1, 0x03E1, 0x03E1, 0x03E1, 0x03E1,  /* 0x25D0 */
  0x03E1, 0x03E1, 0x03E1, 0x03E1, 0x03E1, 0x03E1, 0x03E1, 0x03E1,  /* 0x25D8 */
  0x03E1, 0x03E1, 0x03E1, 0x03E1, 0x03E1, 0x03E1, 0x03E1, 0x03E1,  /* 0x25E0 */
  0x03E1, 0x03E1, 0x03E1, 0x03E1, 0x03E1, 0x03E1, 0x03E1, 0x03E1,  /* 0x25E8 */
  0x03E1, 0x03E1, 0x03E1, 0x03E1, 0x03E1, 0x03E1, 0x03E1, 0x03E1,  /* 0x25F0 */
  0x03E1, 0x03E1, 0x03E1, 0x03E1, 0x03E1, 0x03E1, 0x03E1, 0x03E1,  /* 0x25F8 */
  0x04F7, 0x04F7, 0x04F7, 0x04F7, 0x04F7, 0x04F7, 0x04F7, 0x04F7,  /* 0x2600 */
  0x04F7, 0x04F7, 0x04F7, 0x04F7, 0x04F7, 0x04F7, 0x04F7, 0x04F7,  /* 0x2608 */
  0x0563, 0x0563, 0x0563, 0x0563, 0x0563, 0x0563, 0x0563, 0x0563,  /* 0x2610 */
  0x054B, 0x054B, 0x054B, 0x054B, 0x054B, 0x054B, 0x054B, 0x054B,  /* 0x2618 */
  0x0533, 0x0533, 0x0533, 0x0533, 0x0533, 0x0533, 0x0533, 0x0533,  /* 0x2620 */
  0x057B, 0x057B, 0x057B, 0x057B, 0x057B, 0x057B, 0x057B, 0x057B,  /* 0x2628 */
  0x0593, 0x0593, 0x0593, 0x0593, 0x0593, 0x0593, 0x0593, 0x0593,  /* 0x2630 */
  0x050F, 0x0521, 0x05A5, 0x05A5, 0x04DF, 0x03E1, 0x03E1, 0x03E1,  /* 0x2638 */
  0x05B2, 0x05B2, 0x05B2, 0x05B2, 0x05B2, 0x05B2, 0x05B2, 0x05B2,  /* 0x2640 */
  0x05B2, 0x05B2, 0x05B2, 0x05B2, 0x05B2, 0x05B2, 0x05B2, 0x05B2,  /* 0x2648 */
  0x05B7, 0x05B7, 0x05B7, 0x05B7, 0x05B7, 0x05B7, 0x05B7, 0x05B7,  /* 0x2650 */
  0x05B6, 0x05B6, 0x05B6, 0x05B6, 0x05B6, 0x05B6, 0x05B6, 0x05B6,  /* 0x2658 */
  0x05B5, 0x05B5, 0x05B5, 0x05B5, 0x05B5, 0x05B5, 0x05B5, 0x05B5,  /* 0x2660 */
  0x05B8, 0x05B8, 0x05B8, 0x05B8, 0x05B8, 0x05B8, 0x05B8, 0x05B8,  /* 0x2668 */
  0x05B9, 0x05B9, 0x05B9, 0x05B9, 0x05B9, 0x05B9, 0x05B9, 0x05B9,  /* 0x2670 */
  0x05B3, 0x05B4, 0x05BB, 0x05BB, 0x05B1, 0x03E1, 0x03E1, 0x03E1,  /* 0x2678 */
  0x0506, 0x0506, 0x0506, 0x0506, 0x0506, 0x0506, 0x0506, 0x0506,  /* 0x2680 */
  0x0506, 0x0506, 0x0506, 0x0506, 0x0506, 0x0506, 0x0506, 0x0506,  /* 0x2688 */
  0x0572, 0x0572, 0x0572, 0x0572, 0x0572, 0x0572, 0x0572, 0x0572,  /* 0x2690 */
  0x055A, 0x055A, 0x055A, 0x055A, 0x055A, 0x055A, 0x055A, 0x055A,  /* 0x2698 */
  0x0542, 0x0542, 0x0542, 0x0542, 0x0542, 0x0542, 0x0542, 0x0542,  /* 0x26A0 */
  0x058A, 0x058A, 0x058A, 0x058A, 0x058A, 0x058A, 0x058A, 0x058A,  /* 0x26A8 */
  0x0596, 0x0596, 0x0596, 0x0596, 0x0596, 0x0596, 0x0596, 0x0596,  /* 0x26B0 */
  0x051B, 0x052D, 0x05A7, 0x05A7, 0x04EE, 0x03E1, 0x03E1, 0x03E1,  /* 0x26B8 */
  0x0503, 0x0503, 0x0503, 0x0503, 0x0503, 0x0503, 0x0503, 0x0503,  /* 0x26C0 */
  0x0503, 0x0503, 0x0503, 0x0503, 0x0503, 0x0503, 0x0503, 0x0503,  /* 0x26C8 */
  0x056F, 0x056F, 0x056F, 0x056F, 0x056F, 0x056F, 0x056F, 0x056F,  /* 0x26D0 */
  0x0557, 0x0557, 0x0557, 0x0557, 0x0557, 0x0557, 0x0557, 0x0557,  /* 0x26D8 */
  0x053F, 0x053F, 0x053F, 0x053F, 0x053F, 0x053F, 0x053F, 0x053F,  /* 0x26E0 */
  0x0587, 0x0587, 0x0587, 0x0587, 0x0587, 0x0587, 0x0587, 0x0587,  /* 0x26E8 */
  0x059C, 0x059C, 0x059C, 0x059C, 0x059C, 0x059C, 0x059C, 0x059C,  /* 0x26F0 */
  0x05A7, 0x05A7, 0x05A7, 0x05A7, 0x04EB, 0x03E1, 0x03E1, 0x03E1,  /* 0x26F8 */
  0x0500, 0x0500, 0x0500, 0x0500, 0x0500, 0x0500, 0x0500, 0x0500,  /* 0x2700 */
  0x0500, 0x0500, 0x0500, 0x0500, 0x0500, 0x0500, 0x0500, 0x0500,  /* 0x2708 */
  0x056C, 0x056C, 0x056C, 0x056C, 0x056C, 0x056C, 0x056C, 0x056C,  /* 0x2710 */
  0x0554, 0x0554, 0x0554, 0x0554, 0x0554, 0x0554, 0x0554, 0x0554,  /* 0x2718 */
  0x053C, 0x053C, 0x053C, 0x053C, 0x053C, 0x053C, 0x053C, 0x053C,  /* 0x2720 */
  0x0584, 0x0584, 0x0584, 0x0584, 0x0584, 0x0584, 0x0584, 0x0584,  /* 0x2728 */
  0x0599, 0x0599, 0x0599, 0x0599, 0x0599, 0x0599, 0x0599, 0x0599,  /* 0x2730 */
  0x0518, 0x052A, 0x05A7, 0x05A7, 0x04E8, 0x03E1, 0x03E1, 0x03E1,  /* 0x2738 */
  0x0509, 0x0509, 0x0509, 0x0509, 0x0509, 0x0509, 0x0509, 0x0509,  /* 0x2740 */
  0x0509, 0x0509, 0x0509, 0x0509, 0x0509, 0x0509, 0x0509, 0x0509,  /* 0x2748 */
  0x0575, 0x0575, 0x0575, 0x0575, 0x0575, 0x0575, 0x0575, 0x0575,  /* 0x2750 */
  0x055D, 0x055D, 0x055D, 0x055D, 0x055D, 0x055D, 0x055D, 0x055D,  /* 0x2758 */
  0x0545, 0x0545, 0x0545, 0x0545, 0x0545, 0x0545, 0x0545, 0x0545,  /* 0x2760 */
  0x058D, 0x058D, 0x058D, 0x058D, 0x058D, 0x058D, 0x058D, 0x058D,  /* 0x2768 */
  0x05A7, 0x05A7, 0x05A7, 0x05A7, 0x05A7, 0x05A7, 0x05A7, 0x05A7,  /* 0x2770 */
  0x051E, 0x0530, 0x05A7, 0x05A7, 0x04F1, 0x03E1, 0x03E1, 0x03E1,  /* 0x2778 */
  0x050C, 0x050C, 0x050C, 0x050C, 0x050C, 0x050C, 0x050C, 0x050C,  /* 0x2780 */
  0x050C, 0x050C, 0x050C, 0x050C, 0x050C, 0x050C, 0x050C, 0x050C,  /* 0x2788 */
  0x0578, 0x0578, 0x0578, 0x0578, 0x0578, 0x0578, 0x0578, 0x0578,  /* 0x2790 */
  0x0560, 0x0560, 0x0560, 0x0560, 0x0560, 0x0560, 0x0560, 0x0560,  /* 0x2798 */
  0x0548, 0x0548, 0x0548, 0x0548, 0x0548, 0x0548, 0x0548, 0x0548,  /* 0x27A0 */
  0x0590, 0x0590, 0x0590, 0x0590, 0x0590, 0x0590, 0x0590, 0x0590,  /* 0x27A8 */
  0x05A7, 0x05A7, 0x05A7, 0x05A7, 0x05A7, 0x05A7, 0x05A7, 0x05A7,  /* 0x27B0 */
  0x05A7, 0x05A7, 0x05A7, 0x05A7, 0x04F4, 0x03E1, 0x03E1, 0x03E1,  /* 0x27B8 */
  0x03E1, 0x03E1, 0x03E1, 0x03E1, 0x03E1, 0x03E1, 0x03E1, 0x03E1,  /* 0x27C0 */
  0x03E1, 0x03E1, 0x03E1, 0x03E1, 0x03E1, 0x03E1, 0x03E1, 0x03E1,  /* 0x27C8 */
  0x03E1, 0x03E1, 0x03E1, 0x03E1, 0x03E1, 0x03E1, 0x03E1, 0x03E1,  /* 0x27D0 */
  0x03E1, 0x03E1, 0x03E1, 0x03E1, 0x03E1, 0x03E1, 0x03E1, 0x03E1,  /* 0x27D8 */
  0x03E1, 0x03E1, 0x03E1, 0x03E1, 0x03E1, 0x03E1, 0x03E1, 0x03E1,  /* 0x27E0 */
  0x03E1, 0x03E1, 0x03E1, 0x03E1, 0x03E1, 0x03E1, 0x03E1, 0x03E1,  /* 0x27E8 */
  0x03E1, 0x03E1, 0x03E1, 0x03E1, 0x03E1, 0x03E1, 0x03E1, 0x03E1,  /* 0x27F0 */
  0x03E1, 0x03E1, 0x03E1, 0x03E1, 0x03E1, 0x03E1, 0x03E1, 0x03E1,  /* 0x27F8 */
  0x04F7, 0x04F7, 0x04F7, 0x04F7, 0x04F7, 0x04F7, 0x04F7, 0x04F7,  /* 0x2800 */
  0x04F7, 0x04F7, 0x04F7, 0x04F7, 0x04F7, 0x04F7, 0x04F7, 0x04F7,  /* 0x2808 */
  0x0563, 0x0563, 0x0563, 0x0563, 0x0563, 0x0563, 0x0563, 0x0563,  /* 0x2810 */
  0x054B, 0x054B, 0x054B, 0x054B, 0x054B, 0x054B, 0x054B, 0x054B,  /* 0x2818 */
  0x0533, 0x0533, 0x0533, 0x0533, 0x0533, 0x0533, 0x0533, 0x0533,  /* 0x2820 */
  0x057B, 0x057B, 0x057B, 0x057B, 0x057B, 0x057B, 0x057B, 0x057B,  /* 0x2828 */
  0x0593, 0x0593, 0x0593, 0x0593, 0x0593, 0x0593, 0x0593, 0x0593,  /* 0x2830 */
  0x050F, 0x0521, 0x05A5, 0x05A5, 0x04DF, 0x03E1, 0x03E1, 0x03E1,  /* 0x2838 */
  0x05B2, 0x05B2, 0x05B2, 0x05B2, 0x05B2, 0x05B2, 0x05B2, 0x05B2,  /* 0x2840 */
  0x05B2, 0x05B2, 0x05B2, 0x05B2, 0x05B2, 0x05B2, 0x05B2, 0x05B2,  /* 0x2848 */
  0x05B7, 0x05B7, 0x05B7, 0x05B7, 0x05B7, 0x05B7, 0x05B7, 0x05B7,  /* 0x2850 */
  0x05B6, 0x05B6, 0x05B6, 0x05B6, 0x05B6, 0x05B6, 0x05B6, 0x05B6,  /* 0x2858 */
  0x05B5, 0x05B5, 0x05B5, 0x05B5, 0x05B5, 0x05B5, 0x05B5, 0x05B5,  /* 0x2860 */
  0x05B8, 0x05B8, 0x05B8, 0x05B8, 0x05B8, 0x05B8, 0x05B8, 0x05B8,  /* 0x2868 */
  0x05B9, 0x05B9, 0x05B9, 0x05B9, 0x05B9, 0x05B9, 0x05B9, 0x05B9,  /* 0x2870 */
  0x05B3, 0x05B4, 0x05BB, 0x05BB, 0x05B1, 0x03E1, 0x03E1, 0x03E1,  /* 0x2878 */
  0x0506, 0x0506, 0x0506, 0x0506, 0x0506, 0x0506, 0x0506, 0x0506,  /* 0x2880 */
  0x0506, 0x0506, 0x0506, 0x0506, 0x0506, 0x0506, 0x0506, 0x0506,  /* 0x2888 */
  0x0572, 0x0572, 0x0572, 0x0572, 0x0572, 0x0572, 0x0572, 0x0572,  /* 0x2890 */
  0x055A, 0x055A, 0x055A, 0x055A, 0x055A, 0x055A, 0x055A, 0x055A,  /* 0x2898 */
  0x0542, 0x0542, 0x0542, 0x0542, 0x0542, 0x0542, 0x0542, 0x0542,  /* 0x28A0 */
  0x058A, 0x058A, 0x058A, 0x058A, 0x058A, 0x058A, 0x058A, 0x058A,  /* 0x28A8 */
  0x0596, 0x0596, 0x0596, 0x0596, 0x0596, 0x0596, 0x0596, 0x0596,  /* 0x28B0 */
  0x051B, 0x052D, 0x05A7, 0x05A7, 0x04EE, 0x03E1, 0x03E1, 0x03E1,  /* 0x28B8 */
  0x0503, 0x0503, 0x0503, 0x0503, 0x0503, 0x0503, 0x0503, 0x0503,  /* 0x28C0 */
  0x0503, 0x0503, 0x0503, 0x0503, 0x0503, 0x0503, 0x0503, 0x0503,  /* 0x28C8 */
  0x056F, 0x056F, 0x056F, 0x056F, 0x056F, 0x056F, 0x056F, 0x056F,  /* 0x28D0 */
  0x0557, 0x0557, 0x0557, 0x0557, 0x0557, 0x0557, 0x0557, 0x0557,  /* 0x28D8 */
  0x053F, 0x053F, 0x053F, 0x053F, 0x053F, 0x053F, 0x053F, 0x053F,  /* 0x28E0 */
  0x0587, 0x0587, 0x0587, 0x0587, 0x0587, 0x0587, 0x0587, 0x0587,  /* 0x28E8 */
  0x059C, 0x059C, 0x059C, 0x059C, 0x059C, 0x059C, 0x059C, 0x059C,  /* 0x28F0 */
  0x05A7, 0x05A7, 0x05A7, 0x05A7, 0x04EB, 0x03E1, 0x03E1, 0x03E1,  /* 0x28F8 */
  0x0500, 0x0500, 0x0500, 0x0500, 0x0500, 0x0500, 0x0500, 0x0500,  /* 0x2900 */
  0x0500, 0x0500, 0x0500, 0x0500, 0x0500, 0x0500, 0x0500, 0x0500,  /* 0x2908 */
  0x056C, 0x056C, 0x056C, 0x056C, 0x056C, 0x056C, 0x056C, 0x056C,  /* 0x2910 */
  0x0554, 0x0554, 0x0554, 0x0554, 0x0554, 0x0554, 0x0554, 0x0554,  /* 0x2918 */
  0x053C, 0x053C, 0x053C, 0x053C, 0x053C, 0x053C, 0x053C, 0x053C,  /* 0x2920 */
  0x0584, 0x0584, 0x0584, 0x0584, 0x0584, 0x0584, 0x0584, 0x0584,  /* 0x2928 */
  0x0599, 0x0599, 0x0599, 0x0599, 0x0599, 0x0599, 0x0599, 0x0599,  /* 0x2930 */
  0x0518, 0x052A, 0x05A7, 0x05A7, 0x04E8, 0x03E1, 0x03E1, 0x03E1,  /* 0x2938 */
  0x0509, 0x0509, 0x0509, 0x0509, 0x0509, 0x0509, 0x0509, 0x0509,  /* 0x2940 */
  0x0509, 0x0509, 0x0509, 0x0509, 0x0509, 0x0509, 0x0509, 0x0509,  /* 0x2948 */
  0x0575, 0x0575, 0x0575, 0x0575, 0x0575, 0x0575, 0x0575, 0x0575,  /* 0x2950 */
  0x055D, 0x055D, 0x055D, 0x055D, 0x055D, 0x055D, 0x055D, 0x055D,  /* 0x2958 */
  0x0545, 0x0545, 0x0545, 0x0545, 0x0545, 0x0545, 0x0545, 0x0545,  /* 0x2960 */
  0x058D, 0x058D, 0x058D, 0x058D, 0x058D, 0x058D, 0x058D, 0x058D,  /* 0x2968 */
  0x05A7, 0x05A7, 0x05A7, 0x05A7, 0x05A7, 0x05A7, 0x05A7, 0x05A7,  /* 0x2970 */
  0x051E, 0x0530, 0x05A7, 0x05A7, 0x04F1, 0x03E1, 0x03E1, 0x03E1,  /* 0x2978 */
  0x050C, 0x050C, 0x050C, 0x050C, 0x050C, 0x050C, 0x050C, 0x050C,  /* 0x2980 */
  0x050C, 0x050C, 0x050C, 0x050C, 0x050C, 0x050C, 0x050C, 0x050C,  /* 0x2988 */
  0x0578, 0x0578, 0x0578, 0x0578, 0x0578, 0x0578, 0x0578, 0x0578,  /* 0x2990 */
  0x0560, 0x0560, 0x0560, 0x0560, 0x0560, 0x0560, 0x0560, 0x0560,  /* 0x2998 */
  0x0548, 0x0548, 0x0548, 0x0548, 0x0548, 0x0548, 0x0548, 0x0548,  /* 0x29A0 */
  0x0590, 0x0590, 0x0590, 0x0590, 0x0590, 0x0590, 0x0590, 0x0590,  /* 0x29A8 */
  0x05A7, 0x05A7, 0x05A7, 0x05A7, 0x05A7, 0x05A7, 0x05A7, 0x05A7,  /* 0x29B0 */
  0x05A7, 0x05A7, 0x05A7, 0x05A7, 0x04F4, 0x03E1, 0x03E1, 0x03E1,  /* 0x29B8 */
  0x03E1, 0x03E1, 0x03E1, 0x03E1, 0x03E1, 0x03E1, 0x03E1, 0x03E1,  /* 0x29C0 */
  0x03E1, 0x03E1, 0x03E1, 0x03E1, 0x03E1, 0x03E1, 0x03E1, 0x03E1,  /* 0x29C8 */
  0x03E1, 0x03E1, 0x03E1, 0x03E1, 0x03E1, 0x03E1, 0x03E1, 0x03E1,  /* 0x29D0 */
  0x03E1, 0x03E1, 0x03E1, 0x03E1, 0x03E1, 0x03E1, 0x03E1, 0x03E1,  /* 0x29D8 */
  0x03E1, 0x03E1, 0x03E1, 0x03E1, 0x03E1, 0x03E1, 0x03E1, 0x03E1,  /* 0x29E0 */
  0x03E1, 0x03E1, 0x03E1, 0x03E1, 0x03E1, 0x03E1, 0x03E1, 0x03E1,  /* 0x29E8 */
  0x03E1, 0x03E1, 0x03E1, 0x03E1, 0x03E1, 0x03E1, 0x03E1, 0x03E1,  /* 0x29F0 */
  0x03E1, 0x03E1, 0x03E1, 0x03E1, 0x03E1, 0x03E1, 0x03E1, 0x03E1,  /* 0x29F8 */
  0x04F7, 0x04F7, 0x04F7, 0x04F7, 0x04F7, 0x04F7, 0x04F7, 0x04F7,  /* 0x2A00 */
  0x04F7, 0x04F7, 0x04F7, 0x04F7, 0x04F7, 0x04F7, 0x04F7, 0x04F7,  /* 0x2A08 */
  0x0563, 0x0563, 0x0563, 0x0563, 0x0563, 0x0563, 0x0563, 0x0563,  /* 0x2A10 */
  0x054B, 0x054B, 0x054B, 0x054B, 0x054B, 0x054B, 0x054B, 0x054B,  /* 0x2A18 */
  0x0533, 0x0533, 0x0533, 0x0533, 0x0533, 0x0533, 0x0533, 0x0533,  /* 0x2A20 */
  0x057B, 0x057B, 0x057B, 0x057B, 0x057B, 0x057B, 0x057B, 0x057B,  /* 0x2A28 */
  0x0593, 0x0593, 0x0593, 0x0593, 0x0593, 0x0593, 0x0593, 0x0593,  /* 0x2A30 */
  0x050F, 0x0521, 0x05A5, 0x05A5, 0x04DF, 0x03E1, 0x03E1, 0x03E1,  /* 0x2A38 */
  0x05B2, 0x05B2, 0x05B2, 0x05B2, 0x05B2, 0x05B2, 0x05B2, 0x05B2,  /* 0x2A40 */
  0x05B2, 0x05B2, 0x05B2, 0x05B2, 0x05B2, 0x05B2, 0x05B2, 0x05B2,  /* 0x2A48 */
  0x05B7, 0x05B7, 0x05B7, 0x05B7, 0x05B7, 0x05B7, 0x05B7, 0x05B7,  /* 0x2A50 */
  0x05B6, 0x05B6, 0x05B6, 0x05B6, 0x05B6, 0x05B6, 0x05B6, 0x05B6,  /* 0x2A58 */
  0x05B5, 0x05B5, 0x05B5, 0x05B5, 0x05B5, 0x05B5, 0x05B5, 0x05B5,  /* 0x2A60 */
  0x05B8, 0x05B8, 0x05B8, 0x05B8, 0x05B8, 0x05B8, 0x05B8, 0x05B8,  /* 0x2A68 */
  0x05B9, 0x05B9, 0x05B9, 0x05B9, 0x05B9, 0x05B9, 0x05B9, 0x05B9,  /* 0x2A70 */
  0x05B3, 0x05B4, 0x05BB, 0x05BB, 0x05B1, 0x03E1, 0x03E1, 0x03E1,  /* 0x2A78 */
  0x0506, 0x0506, 0x0506, 0x0506, 0x0506, 0x0506, 0x0506, 0x0506,  /* 0x2A80 */
  0x0506, 0x0506, 0x0506, 0x0506, 0x0506, 0x0506, 0x0506, 0x0506,  /* 0x2A88 */
  0x0572, 0x0572, 0x0572, 0x0572, 0x0572, 0x0572, 0x0572, 0x0572,  /* 0x2A90 */
  0x055A, 0x055A, 0x055A, 0x055A, 0x055A, 0x055A, 0x055A, 0x055A,  /* 0x2A98 */
  0x0542, 0x0542, 0x0542, 0x0542, 0x0542, 0x0542, 0x0542, 0x0542,  /* 0x2AA0 */
  0x058A, 0x058A, 0x058A, 0x058A, 0x058A, 0x058A, 0x058A, 0x058A,  /* 0x2AA8 */
  0x0596, 0x0596, 0x0596, 0x0596, 0x0596, 0x0596, 0x0596, 0x0596,  /* 0x2AB0 */
  0x051B, 0x052D, 0x05A7, 0x05A7, 0x04EE, 0x03E1, 0x03E1, 0x03E1,  /* 0x2AB8 */
  0x0503, 0x0503, 0x0503, 0x0503, 0x0503, 0x0503, 0x0503, 0x0503,  /* 0x2AC0 */
  0x0503, 0x0503, 0x0503, 0x0503, 0x0503, 0x0503, 0x0503, 0x0503,  /* 0x2AC8 */
  0x056F, 0x056F, 0x056F, 0x056F, 0x056F, 0x056F, 0x056F, 0x056F,  /* 0x2AD0 */
  0x0557, 0x0557, 0x0557, 0x0557, 0x0557, 0x0557, 0x0557, 0x0557,  /* 0x2AD8 */
  0x053F, 0x053F, 0x053F, 0x053F, 0x053F, 0x053F, 0x053F, 0x053F,  /* 0x2AE0 */
  0x0587, 0x0587, 0x0587, 0x0587, 0x0587, 0x0587, 0x0587, 0x0587,  /* 0x2AE8 */
  0x059C, 0x059C, 0x059C, 0x059C, 0x059C, 0x059C, 0x059C, 0x059C,  /* 0x2AF0 */
  0x05A7, 0x05A7, 0x05A7, 0x05A7, 0x04EB, 0x03E1, 0x03E1, 0x03E1,  /* 0x2AF8 */
  0x0500, 0x0500, 0x0500, 0x0500, 0x0500, 0x0500, 0x0500, 0x0500,  /* 0x2B00 */
  0x0500, 0x0500, 0x0500, 0x0500, 0x0500, 0x0500, 0x0500, 0x0500,  /* 0x2B08 */
  0x056C, 0x056C, 0x056C, 0x056C, 0x056C, 0x056C, 0x056C, 0x056C,  /* 0x2B10 */
  0x0554, 0x0554, 0x0554, 0x0554, 0x0554, 0x0554, 0x0554, 0x0554,  /* 0x2B18 */
  0x053C, 0x053C, 0x053C, 0x053C, 0x053C, 0x053C, 0x053C, 0x053C,  /* 0x2B20 */
  0x0584, 0x0584, 0x0584, 0x0584, 0x0584, 0x0584, 0x0584, 0x0584,  /* 0x2B28 */
  0x0599, 0x0599, 0x0599, 0x0599, 0x0599, 0x0599, 0x0599, 0x0599,  /* 0x2B30 */
  0x0518, 0x052A, 0x05A7, 0x05A7, 0x04E8, 0x03E1, 0x03E1, 0x03E1,  /* 0x2B38 */
  0x0509, 0x0509, 0x0509, 0x0509, 0x0509, 0x0509, 0x0509, 0x0509,  /* 0x2B40 */
  0x0509, 0x0509, 0x0509, 0x0509, 0x0509, 0x0509, 0x0509, 0x0509,  /* 0x2B48 */
  0x0575, 0x0575, 0x0575, 0x0575, 0x0575, 0x0575, 0x0575, 0x0575,  /* 0x2B50 */
  0x055D, 0x055D, 0x055D, 0x055D, 0x055D, 0x055D, 0x055D, 0x055D,  /* 0x2B58 */
  0x0545, 0x0545, 0x0545, 0x0545, 0x0545, 0x0545, 0x0545, 0x0545,  /* 0x2B60 */
  0x058D, 0x058D, 0x058D, 0x058D, 0x058D, 0x058D, 0x058D, 0x058D,  /* 0x2B68 */
  0x05A7, 0x05A7, 0x05A7, 0x05A7, 0x05A7, 0x05A7, 0x05A7, 0x05A7,  /* 0x2B70 */
  0x051E, 0x0530, 0x05A7, 0x05A7, 0x04F1, 0x03E1, 0x03E1, 0x03E1,  /* 0x2B78 */
  0x050C, 0x050C, 0x050C, 0x050C, 0x050C, 0x050C, 0x050C, 0x050C,  /* 0x2B80 */
  0x050C, 0x050C, 0x050C, 0x050C, 0x050C, 0x050C, 0x050C, 0x050C,  /* 0x2B88 */
  0x0578, 0x0578, 0x0578, 0x0578, 0x0578, 0x0578, 0x0578, 0x0578,  /* 0x2B90 */
  0x0560, 0x0560, 0x0560, 0x0560, 0x0560, 0x0560, 0x0560, 0x0560,  /* 0x2B98 */
  0x0548, 0x0548, 0x0548, 0x0548, 0x0548, 0x0548, 0x0548, 0x0548,  /* 0x2BA0 */
  0x0590, 0x0590, 0x0590, 0x0590, 0x0590, 0x0590, 0x0590, 0x0590,  /* 0x2BA8 */
  0x05A7, 0x05A7, 0x05A7, 0x05A7, 0x05A7, 0x05A7, 0x05A7, 0x05A7,  /* 0x2BB0 */
  0x05A7, 0x05A7, 0x05A7, 0x05A7, 0x04F4, 0x03E1, 0x03E1, 0x03E1,  /* 0x2BB8 */
  0x03E1, 0x03E1, 0x03E1, 0x03E1, 0x03E1, 0x03E1, 0x03E1, 0x03E1,  /* 0x2BC0 */
  0x03E1, 0x03E1, 0x03E1, 0x03E1, 0x03E1, 0x03E1, 0x03E1, 0x03E1,  /* 0x2BC8 */
  0x03E1, 0x03E1, 0x03E1, 0x03E1, 0x03E1, 0x03E1, 0x03E1, 0x03E1,  /* 0x2BD0 */
  0x03E1, 0x03E1, 0x03E1, 0x03E1, 0x03E1, 0x03E1, 0x03E1, 0x03E1,  /* 0x2BD8 */
  0x03E1, 0x03E1, 0x03E1, 0x03E1, 0x03E1, 0x03E1, 0x03E1, 0x03E1,  /* 0x2BE0 */
  0x03E1, 0x03E1, 0x03E1, 0x03E1, 0x03E1, 0x03E1, 0x03E1, 0x03E1,  /* 0x2BE8 */
  0x03E1, 0x03E1, 0x03E1, 0x03E1, 0x03E1, 0x03E1, 0x03E1, 0x03E1,  /* 0x2BF0 */
  0x03E1, 0x03E1, 0x03E1, 0x03E1, 0x03E1, 0x03E1, 0x03E1, 0x03E1,  /* 0x2BF8 */
  0x04F7, 0x04F7, 0x04F7, 0x04F7, 0x04F7, 0x04F7, 0x04F7, 0x04F7,  /* 0x2C00 */
  0x04F7, 0x04F7, 0x04F7, 0x04F7, 0x04F7, 0x04F7, 0x04F7, 0x04F7,  /* 0x2C08 */
  0x0563, 0x0563, 0x0563, 0x0563, 0x0563, 0x0563, 0x0563, 0x0563,  /* 0x2C10 */
  0x054B, 0x054B, 0x054B, 0x054B, 0x054B, 0x054B, 0x054B, 0x054B,  /* 0x2C18 */
  0x0533, 0x0533, 0x0533, 0x0533, 0x0533, 0x0533, 0x0533, 0x0533,  /* 0x2C20 */
  0x057B, 0x057B, 0x057B, 0x057B, 0x057B, 0x057B, 0x057B, 0x057B,  /* 0x2C28 */
  0x0593, 0x0593, 0x0593, 0x0593, 0x0593, 0x0593, 0x0593, 0x0593,  /* 0x2C30 */
  0x050F, 0x0521, 0x05A5, 0x05A5, 0x04DF, 0x03E1, 0x03E1, 0x03E1,  /* 0x2C38 */
  0x05B2, 0x05B2, 0x05B2, 0x05B2, 0x05B2, 0x05B2, 0x05B2, 0x05B2,  /* 0x2C40 */
  0x05B2, 0x05B2, 0x05B2, 0x05B2, 0x05B2, 0x05B2, 0x05B2, 0x05B2,  /* 0x2C48 */
  0x05B7, 0x05B7, 0x05B7, 0x05B7, 0x05B7, 0x05B7, 0x05B7, 0x05B7,  /* 0x2C50 */
  0x05B6, 0x05B6, 0x05B6, 0x05B6, 0x05B6, 0x05B6, 0x05B6, 0x05B6,  /* 0x2C58 */
  0x05B5, 0x05B5, 0x05B5, 0x05B5, 0x05B5, 0x05B5, 0x05B5, 0x05B5,  /* 0x2C60 */
  0x05B8, 0x05B8, 0x05B8, 0x05B8, 0x05B8, 0x05B8, 0x05B8, 0x05B8,  /* 0x2C68 */
  0x05B9, 0x05B9, 0x05B9, 0x05B9, 0x05B9, 0x05B9, 0x05B9, 0x05B9,  /* 0x2C70 */
  0x05B3, 0x05B4, 0x05BB, 0x05BB, 0x05B1, 0x03E1, 0x03E1, 0x03E1,  /* 0x2C78 */
  0x0506, 0x0506, 0x0506, 0x0506, 0x0506, 0x0506, 0x0506, 0x0506,  /* 0x2C80 */
  0x0506, 0x0506, 0x0506, 0x0506, 0x0506, 0x0506, 0x0506, 0x0506,  /* 0x2C88 */
  0x0572, 0x0572, 0x0572, 0x0572, 0x0572, 0x0572, 0x0572, 0x0572,  /* 0x2C90 */
  0x055A, 0x055A, 0x055A, 0x055A, 0x055A, 0x055A, 0x055A, 0x055A,  /* 0x2C98 */
  0x0542, 0x0542, 0x0542, 0x0542, 0x0542, 0x0542, 0x0542, 0x0542,  /* 0x2CA0 */
  0x058A, 0x058A, 0x058A, 0x058A, 0x058A, 0x058A, 0x058A, 0x058A,  /* 0x2CA8 */
  0x0596, 0x0596, 0x0596, 0x0596, 0x0596, 0x0596, 0x0596, 0x0596,  /* 0x2CB0 */
  0x051B, 0x052D, 0x05A7, 0x05A7, 0x04EE, 0x03E1, 0x03E1, 0x03E1,  /* 0x2CB8 */
  0x0503, 0x0503, 0x0503, 0x0503, 0x0503, 0x0503, 0x0503, 0x0503,  /* 0x2CC0 */
  0x0503, 0x0503, 0x0503, 0x0503, 0x0503, 0x0503, 0x0503, 0x0503,  /* 0x2CC8 */
  0x056F, 0x056F, 0x056F, 0x056F, 0x056F, 0x056F, 0x056F, 0x056F,  /* 0x2CD0 */
  0x0557, 0x0557, 0x0557, 0x0557, 0x0557, 0x0557, 0x0557, 0x0557,  /* 0x2CD8 */
  0x053F, 0x053F, 0x053F, 0x053F, 0x053F, 0x053F, 0x053F, 0x053F,  /* 0x2CE0 */
  0x0587, 0x0587, 0x0587, 0x0587, 0x0587, 0x0587, 0x0587, 0x0587,  /* 0x2CE8 */
  0x059C, 0x059C, 0x059C, 0x059C, 0x059C, 0x059C, 0x059C, 0x059C,  /* 0x2CF0 */
  0x05A7, 0x05A7, 0x05A7, 0x05A7, 0x04EB, 0x03E1, 0x03E1, 0x03E1,  /* 0x2CF8 */
  0x0500, 0x0500, 0x0500, 0x0500, 0x0500, 0x0500, 0x0500, 0x0500,  /* 0x2D00 */
  0x0500, 0x0500, 0x0500, 0x0500, 0x0500, 0x0500, 0x0500, 0x0500,  /* 0x2D08 */
  0x056C, 0x056C, 0x056C, 0x056C, 0x056C, 0x056C, 0x056C, 0x056C,  /* 0x2D10 */
  0x0554, 0x0554, 0x0554, 0x0554, 0x0554, 0x0554, 0x0554, 0x0554,  /* 0x2D18 */
  0x053C, 0x053C, 0x053C, 0x053C, 0x053C, 0x053C, 0x053C, 0x053C,  /* 0x2D20 */
  0x0584, 0x0584, 0x0584, 0x0584, 0x0584, 0x0584, 0x0584, 0x0584,  /* 0x2D28 */
  0x0599, 0x0599, 0x0599, 0x0599, 0x0599, 0x0599, 0x0599, 0x0599,  /* 0x2D30 */
  0x0518, 0x052A, 0x05A7, 0x05A7, 0x04E8, 0x03E1, 0x03E1, 0x03E1,  /* 0x2D38 */
  0x0509, 0x0509, 0x0509, 0x0509, 0x0509, 0x0509, 0x0509, 0x0509,  /* 0x2D40 */
  0x0509, 0x0509, 0x0509, 0x0509, 0x0509, 0x0509, 0x0509, 0x0509,  /* 0x2D48 */
  0x0575, 0x0575, 0x0575, 0x0575, 0x0575, 0x0575, 0x0575, 0x0575,  /* 0x2D50 */
  0x055D, 0x055D, 0x055D, 0x055D, 0x055D, 0x055D, 0x055D, 0x055D,  /* 0x2D58 */
  0x0545, 0x0545, 0x0545, 0x0545, 0x0545, 0x0545, 0x0545, 0x0545,  /* 0x2D60 */
  0x058D, 0x058D, 0x058D, 0x058D, 0x058D, 0x058D, 0x058D, 0x058D,  /* 0x2D68 */
  0x05A7, 0x05A7, 0x05A7, 0x05A7, 0x05A7, 0x05A7, 0x05A7, 0x05A7,  /* 0x2D70 */
  0x051E, 0x0530, 0x05A7, 0x05A7, 0x04F1, 0x03E1, 0x03E1, 0x03E1,  /* 0x2D78 */
  0x050C, 0x050C, 0x050C, 0x050C, 0x050C, 0x050C, 0x050C, 0x050C,  /* 0x2D80 */
  0x050C, 0x050C, 0x050C, 0x050C, 0x050C, 0x050C, 0x050C, 0x050C,  /* 0x2D88 */
  0x0578, 0x0578, 0x0578, 0x0578, 0x0578, 0x0578, 0x0578, 0x0578,  /* 0x2D90 */
  0x0560, 0x0560, 0x0560, 0x0560, 0x0560, 0x0560, 0x0560, 0x0560,  /* 0x2D98 */
  0x0548, 0x0548, 0x0548, 0x0548, 0x0548, 0x0548, 0x0548, 0x0548,  /* 0x2DA0 */
  0x0590, 0x0590, 0x0590, 0x0590, 0x0590, 0x0590, 0x0590, 0x0590,  /* 0x2DA8 */
  0x05A7, 0x05A7, 0x05A7, 0x05A7, 0x05A7, 0x05A7, 0x05A7, 0x05A7,  /* 0x2DB0 */
  0x05A7, 0x05A7, 0x05A7, 0x05A7, 0x04F4, 0x03E1, 0x03E1, 0x03E1,  /* 0x2DB8 */
  0x03E1, 0x03E1, 0x03E1, 0x03E1, 0x03E1, 0x03E1, 0x03E1, 0x03E1,  /* 0x2DC0 */
  0x03E1, 0x03E1, 0x03E1, 0x03E1, 0x03E1, 0x03E1, 0x03E1, 0x03E1,  /* 0x2DC8 */
  0x03E1, 0x03E1, 0x03E1, 0x03E1, 0x03E1, 0x03E1, 0x03E1, 0x03E1,  /* 0x2DD0 */
  0x03E1, 0x03E1, 0x03E1, 0x03E1, 0x03E1, 0x03E1, 0x03E1, 0x03E1,  /* 0x2DD8 */
  0x03E1, 0x03E1, 0x03E1, 0x03E1, 0x03E1, 0x03E1, 0x03E1, 0x03E1,  /* 0x2DE0 */
  0x03E1, 0x03E1, 0x03E1, 0x03E1, 0x03E1, 0x03E1, 0x03E1, 0x03E1,  /* 0x2DE8 */
  0x03E1, 0x03E1, 0x03E1, 0x03E1, 0x03E1, 0x03E1, 0x03E1, 0x03E1,  /* 0x2DF0 */
  0x03E1, 0x03E1, 0x03E1, 0x03E1, 0x03E1, 0x03E1, 0x03E1, 0x03E1,  /* 0x2DF8 */
  0x04F7, 0x04F7, 0x04F7, 0x04F7, 0x04F7, 0x04F7, 0x04F7, 0x04F7,  /* 0x2E00 */
  0x04F7, 0x04F7, 0x04F7, 0x04F7, 0x04F7, 0x04F7, 0x04F7, 0x04F7,  /* 0x2E08 */
  0x0563, 0x0563, 0x0563, 0x0563, 0x0563, 0x0563, 0x0563, 0x0563,  /* 0x2E10 */
  0x054B, 0x054B, 0x054B, 0x054B, 0x054B, 0x054B, 0x054B, 0x054B,  /* 0x2E18 */
  0x0533, 0x0533, 0x0533, 0x0533, 0x0533, 0x0533, 0x0533, 0x0533,  /* 0x2E20 */
  0x057B, 0x057B, 0x057B, 0x057B, 0x057B, 0x057B, 0x057B, 0x057B,  /* 0x2E28 */
  0x0593, 0x0593, 0x0593, 0x0593, 0x0593, 0x0593, 0x0593, 0x0593,  /* 0x2E30 */
  0x050F, 0x0521, 0x05A5, 0x05A5, 0x04DF, 0x03E1, 0x03E1, 0x03E1,  /* 0x2E38 */
  0x05B2, 0x05B2, 0x05B2, 0x05B2, 0x05B2, 0x05B2, 0x05B2, 0x05B2,  /* 0x2E40 */
  0x05B2, 0x05B2, 0x05B2, 0x05B2, 0x05B2, 0x05B2, 0x05B2, 0x05B2,  /* 0x2E48 */
  0x05B7, 0x05B7, 0x05B7, 0x05B7, 0x05B7, 0x05B7, 0x05B7, 0x05B7,  /* 0x2E50 */
  0x05B6, 0x05B6, 0x05B6, 0x05B6, 0x05B6, 0x05B6, 0x05B6, 0x05B6,  /* 0x2E58 */
  0x05B5, 0x05B5, 0x05B5, 0x05B5, 0x05B5, 0x05B5, 0x05B5, 0x05B5,  /* 0x2E60 */
  0x05B8, 0x05B8, 0x05B8, 0x05B8, 0x05B8, 0x05B8, 0x05B8, 0x05B8,  /* 0x2E68 */
  0x05B9, 0x05B9, 0x05B9, 0x05B9, 0x05B9, 0x05B9, 0x05B9, 0x05B9,  /* 0x2E70 */
  0x05B3, 0x05B4, 0x05BB, 0x05BB, 0x05B1, 0x03E1, 0x03E1, 0x03E1,  /* 0x2E78 */
  0x0506, 0x0506, 0x0506, 0x0506, 0x0506, 0x0506, 0x0506, 0x0506,  /* 0x2E80 */
  0x0506, 0x0506, 0x0506, 0x0506, 0x0506, 0x0506, 0x0506, 0x0506,  /* 0x2E88 */
  0x0572, 0x0572, 0x0572, 0x0572, 0x0572, 0x0572, 0x0572, 0x0572,  /* 0x2E90 */
  0x055A, 0x055A, 0x055A, 0x055A, 0x055A, 0x055A, 0x055A, 0x055A,  /* 0x2E98 */
  0x0542, 0x0542, 0x0542, 0x0542, 0x0542, 0x0542, 0x0542, 0x0542,  /* 0x2EA0 */
  0x058A, 0x058A, 0x058A, 0x058A, 0x058A, 0x058A, 0x058A, 0x058A,  /* 0x2EA8 */
  0x0596, 0x0596, 0x0596, 0x0596, 0x0596, 0x0596, 0x0596, 0x0596,  /* 0x2EB0 */
  0x051B, 0x052D, 0x05A7, 0x05A7, 0x04EE, 0x03E1, 0x03E1, 0x03E1,  /* 0x2EB8 */
  0x0503, 0x0503, 0x0503, 0x0503, 0x0503, 0x0503, 0x0503, 0x0503,  /* 0x2EC0 */
  0x0503, 0x0503, 0x0503, 0x0503, 0x0503, 0x0503, 0x0503, 0x0503,  /* 0x2EC8 */
  0x056F, 0x056F, 0x056F, 0x056F, 0x056F, 0x056F, 0x056F, 0x056F,  /* 0x2ED0 */
  0x0557, 0x0557, 0x0557, 0x0557, 0x0557, 0x0557, 0x0557, 0x0557,  /* 0x2ED8 */
  0x053F, 0x053F, 0x053F, 0x053F, 0x053F, 0x053F, 0x053F, 0x053F,  /* 0x2EE0 */
  0x0587, 0x0587, 0x0587, 0x0587, 0x0587, 0x0587, 0x0587, 0x0587,  /* 0x2EE8 */
  0x059C, 0x059C, 0x059C, 0x059C, 0x059C, 0x059C, 0x059C, 0x059C,  /* 0x2EF0 */
  0x05A7, 0x05A7, 0x05A7, 0x05A7, 0x04EB, 0x03E1, 0x03E1, 0x03E1,  /* 0x2EF8 */
  0x0500, 0x0500, 0x0500, 0x0500, 0x0500, 0x0500, 0x0500, 0x0500,  /* 0x2F00 */
  0x0500, 0x0500, 0x0500, 0x0500, 0x0500, 0x0500, 0x0500, 0x0500,  /* 0x2F08 */
  0x056C, 0x056C, 0x056C, 0x056C, 0x056C, 0x056C, 0x056C, 0x056C,  /* 0x2F10 */
  0x0554, 0x0554, 0x0554, 0x0554, 0x0554, 0x0554, 0x0554, 0x0554,  /* 0x2F18 */
  0x053C, 0x053C, 0x053C, 0x053C, 0x053C, 0x053C, 0x053C, 0x053C,  /* 0x2F20 */
  0x0584, 0x0584, 0x0584, 0x0584, 0x0584, 0x0584, 0x0584, 0x0584,  /* 0x2F28 */
  0x0599, 0x0599, 0x0599, 0x0599, 0x0599, 0x0599, 0x0599, 0x0599,  /* 0x2F30 */
  0x0518, 0x052A, 0x05A7, 0x05A7, 0x04E8, 0x03E1, 0x03E1, 0x03E1,  /* 0x2F38 */
  0x0509, 0x0509, 0x0509, 0x0509, 0x0509, 0x0509, 0x0509, 0x0509,  /* 0x2F40 */
  0x0509, 0x0509, 0x0509, 0x0509, 0x0509, 0x0509, 0x0509, 0x0509,  /* 0x2F48 */
  0x0575, 0x0575, 0x0575, 0x0575, 0x0575, 0x0575, 0x0575, 0x0575,  /* 0x2F50 */
  0x055D, 0x055D, 0x055D, 0x055D, 0x055D, 0x055D, 0x055D, 0x055D,  /* 0x2F58 */
  0x0545, 0x0545, 0x0545, 0x0545, 0x0545, 0x0545, 0x0545, 0x0545,  /* 0x2F60 */
  0x058D, 0x058D, 0x058D, 0x058D, 0x058D, 0x058D, 0x058D, 0x058D,  /* 0x2F68 */
  0x05A7, 0x05A7, 0x05A7, 0x05A7, 0x05A7, 0x05A7, 0x05A7, 0x05A7,  /* 0x2F70 */
  0x051E, 0x0530, 0x05A7, 0x05A7, 0x04F1, 0x03E1, 0x03E1, 0x03E1,  /* 0x2F78 */
  0x050C, 0x050C, 0x050C, 0x050C, 0x050C, 0x050C, 0x050C, 0x050C,  /* 0x2F80 */
  0x050C, 0x050C, 0x050C, 0x050C, 0x050C, 0x050C, 0x050C, 0x050C,  /* 0x2F88 */
  0x0578, 0x0578, 0x0578, 0x0578, 0x0578, 0x0578, 0x0578, 0x0578,  /* 0x2F90 */
  0x0560, 0x0560, 0x0560, 0x0560, 0x0560, 0x0560, 0x0560, 0x0560,  /* 0x2F98 */
  0x0548, 0x0548, 0x0548, 0x0548, 0x0548, 0x0548, 0x0548, 0x0548,  /* 0x2FA0 */
  0x0590, 0x0590, 0x0590, 0x0590, 0x0590, 0x0590, 0x0590, 0x0590,  /* 0x2FA8 */
  0x05A7, 0x05A7, 0x05A7, 0x05A7, 0x05A7, 0x05A7, 0x05A7, 0x05A7,  /* 0x2FB0 */
  0x05A7, 0x05A7, 0x05A7, 0x05A7, 0x04F4, 0x03E1, 0x03E1, 0x03E1,  /* 0x2FB8 */
  0x03E1, 0x03E1, 0x03E1, 0x03E1, 0x03E1, 0x03E1, 0x03E1, 0x03E1,  /* 0x2FC0 */
  0x03E1, 0x03E1, 0x03E1, 0x03E1, 0x03E1, 0x03E1, 0x03E1, 0x03E1,  /* 0x2FC8 */
  0x03E1, 0x03E1, 0x03E1, 0x03E1, 0x03E1, 0x03E1, 0x03E1, 0x03E1,  /* 0x2FD0 */
  0x03E1, 0x03E1, 0x03E1, 0x03E1, 0x03E1, 0x03E1, 0x03E1, 0x03E1,  /* 0x2FD8 */
  0x03E1, 0x03E1, 0x03E1, 0x03E1, 0x03E1, 0x03E1, 0x03E1, 0x03E1,  /* 0x2FE0 */
  0x03E1, 0x03E1, 0x03E1, 0x03E1, 0x03E1, 0x03E1, 0x03E1, 0x03E1,  /* 0x2FE8 */
  0x03E1, 0x03E1, 0x03E1, 0x03E1, 0x03E1, 0x03E1, 0x03E1, 0x03E1,  /* 0x2FF0 */
  0x03E1, 0x03E1, 0x03E1, 0x03E1, 0x03E1, 0x03E1, 0x03E1, 0x03E1,  /* 0x2FF8 */
  0x04F6, 0x04F6, 0x04F6, 0x04F6, 0x04F6, 0x04F6, 0x04F6, 0x04F6,  /* 0x3000 */
  0x04F6, 0x04F6, 0x04F6, 0x04F6, 0x04F6, 0x04F6, 0x04F6, 0x04F6,  /* 0x3008 */
  0x0562, 0x0562, 0x0562, 0x0562, 0x0562, 0x0562, 0x0562, 0x0562,  /* 0x3010 */
  0x054A, 0x054A, 0x054A, 0x054A, 0x054A, 0x054A, 0x054A, 0x054A,  /* 0x3018 */
  0x0532, 0x0532, 0x0532, 0x0532, 0x0532, 0x0532, 0x0532, 0x0532,  /* 0x3020 */
  0x057A, 0x057A, 0x057A, 0x057A, 0x057A, 0x057A, 0x057A, 0x057A,  /* 0x3028 */
  0x0592, 0x0592, 0x0592, 0x0592, 0x0592, 0x0592, 0x0592, 0x0592,  /* 0x3030 */
  0x050E, 0x0520, 0x05A1, 0x05A1, 0x04DE, 0x03E1, 0x03E1, 0x03E1,  /* 0x3038 */
  0x05AA, 0x05AA, 0x05AA, 0x05AA, 0x05AA, 0x05AA, 0x05AA, 0x05AA,  /* 0x3040 */
  0x05AA, 0x05AA, 0x05AA, 0x05AA, 0x05AA, 0x05AA, 0x05AA, 0x05AA,  /* 0x3048 */
  0x05AF, 0x05AF, 0x05AF, 0x05AF, 0x05AF, 0x05AF, 0x05AF, 0x05AF,  /* 0x3050 */
  0x05AE, 0x05AE, 0x05AE, 0x05AE, 0x05AE, 0x05AE, 0x05AE, 0x05AE,  /* 0x3058 */
  0x05AD, 0x05AD, 0x05AD, 0x05AD, 0x05AD, 0x05AD, 0x05AD, 0x05AD,  /* 0x3060 */
  0x05B0, 0x05B0, 0x05B0, 0x05B0, 0x05B0, 0x05B0, 0x05B0, 0x05B0,  /* 0x3068 */
  0x05BA, 0x05BA, 0x05BA, 0x05BA, 0x05BA, 0x05BA, 0x05BA, 0x05BA,  /* 0x3070 */
  0x05AB, 0x05AC, 0x05BA, 0x05BA, 0x05A9, 0x03E1, 0x03E1, 0x03E1,  /* 0x3078 */
  0x0505, 0x0505, 0x0505, 0x0505, 0x0505, 0x0505, 0x0505, 0x0505,  /* 0x3080 */
  0x0505, 0x0505, 0x0505, 0x0505, 0x0505, 0x0505, 0x0505, 0x0505,  /* 0x3088 */
  0x0571, 0x0571, 0x0571, 0x0571, 0x0571, 0x0571, 0x0571, 0x0571,  /* 0x3090 */
  0x0559, 0x0559, 0x0559, 0x0559, 0x0559, 0x0559, 0x0559, 0x0559,  /* 0x3098 */
  0x0541, 0x0541, 0x0541, 0x0541, 0x0541, 0x0541, 0x0541, 0x0541,  /* 0x30A0 */
  0x0589, 0x0589, 0x0589, 0x0589, 0x0589, 0x0589, 0x0589, 0x0589,  /* 0x30A8 */
  0x0595, 0x0595, 0x0595, 0x0595, 0x0595, 0x0595, 0x0595, 0x0595,  /* 0x30B0 */
  0x051A, 0x052C, 0x05A3, 0x05A3, 0x04ED, 0x03E1, 0x03E1, 0x03E1,  /* 0x30B8 */
  0x0502, 0x0502, 0x0502, 0x0502, 0x0502, 0x0502, 0x0502, 0x0502,  /* 0x30C0 */
  0x0502, 0x0502, 0x0502, 0x0502, 0x0502, 0x0502, 0x0502, 0x0502,  /* 0x30C8 */
  0x056E, 0x056E, 0x056E, 0x056E, 0x056E, 0x056E, 0x056E, 0x056E,  /* 0x30D0 */
  0x0556, 0x0556, 0x0556, 0x0556, 0x0556, 0x0556, 0x0556, 0x0556,  /* 0x30D8 */
  0x053E, 0x053E, 0x053E, 0x053E, 0x053E, 0x053E, 0x053E, 0x053E,  /* 0x30E0 */
  0x0586, 0x0586, 0x0586, 0x0586, 0x0586, 0x0586, 0x0586, 0x0586,  /* 0x30E8 */
  0x059B, 0x059B, 0x059B, 0x059B, 0x059B, 0x059B, 0x059B, 0x059B,  /* 0x30F0 */
  0x05A3, 0x05A3, 0x05A3, 0x05A3, 0x04EA, 0x03E1, 0x03E1, 0x03E1,  /* 0x30F8 */
  0x04FF, 0x04FF, 0x04FF, 0x04FF, 0x04FF, 0x04FF, 0x04FF, 0x04FF,  /* 0x3100 */
  0x04FF, 0x04FF, 0x04FF, 0x04FF, 0x04FF, 0x04FF, 0x04FF, 0x04FF,  /* 0x3108 */
  0x056B, 0x056B, 0x056B, 0x056B, 0x056B, 0x056B, 0x056B, 0x056B,  /* 0x3110 */
  0x0553, 0x0553, 0x0553, 0x0553, 0x0553, 0x0553, 0x0553, 0x0553,  /* 0x3118 */
  0x053B, 0x053B, 0x053B, 0x053B, 0x053B, 0x053B, 0x053B, 0x053B,  /* 0x3120 */
  0x0583, 0x0583, 0x0583, 0x0583, 0x0583, 0x0583, 0x0583, 0x0583,  /* 0x3128 */
  0x0598, 0x0598, 0x0598, 0x0598, 0x0598, 0x0598, 0x0598, 0x0598,  /* 0x3130 */
  0x0517, 0x0529, 0x05A3, 0x05A3, 0x04E7, 0x03E1, 0x03E1, 0x03E1,  /* 0x3138 */
  0x0508, 0x0508, 0x0508, 0x0508, 0x0508, 0x0508, 0x0508, 0x0508,  /* 0x3140 */
  0x0508, 0x0508, 0x0508, 0x0508, 0x0508, 0x0508, 0x0508, 0x0508,  /* 0x3148 */
  0x0574, 0x0574, 0x0574, 0x0574, 0x0574, 0x0574, 0x0574, 0x0574,  /* 0x3150 */
  0x055C, 0x055C, 0x055C, 0x055C, 0x055C, 0x055C, 0x055C, 0x055C,  /* 0x3158 */
  0x0544, 0x0544, 0x0544, 0x0544, 0x0544, 0x0544, 0x0544, 0x0544,  /* 0x3160 */
  0x058C, 0x058C, 0x058C, 0x058C, 0x058C, 0x058C, 0x058C, 0x058C,  /* 0x3168 */
  0x05A3, 0x05A3, 0x05A3, 0x05A3, 0x05A3, 0x05A3, 0x05A3, 0x05A3,  /* 0x3170 */
  0x051D, 0x052F, 0x05A3, 0x05A3, 0x04F0, 0x03E1, 0x03E1, 0x03E1,  /* 0x3178 */
  0x050B, 0x050B, 0x050B, 0x050B, 0x050B, 0x050B, 0x050B, 0x050B,  /* 0x3180 */
  0x050B, 0x050B, 0x050B, 0x050B, 0x050B, 0x050B, 0x050B, 0x050B,  /* 0x3188 */
  0x0577, 0x0577, 0x0577, 0x0577, 0x0577, 0x0577, 0x0577, 0x0577,  /* 0x3190 */
  0x055F, 0x055F, 0x055F, 0x055F, 0x055F, 0x055F, 0x055F, 0x055F,  /* 0x3198 */
  0x0547, 0x0547, 0x0547, 0x0547, 0x0547, 0x0547, 0x0547, 0x0547,  /* 0x31A0 */
  0x058F, 0x058F, 0x058F, 0x058F, 0x058F, 0x058F, 0x058F, 0x058F,  /* 0x31A8 */
  0x05A3, 0x05A3, 0x05A3, 0x05A3, 0x05A3, 0x05A3, 0x05A3, 0x05A3,  /* 0x31B0 */
  0x05A3, 0x05A3, 0x05A3, 0x05A3, 0x04F3, 0x03E1, 0x03E1, 0x03E1,  /* 0x31B8 */
  0x04F9, 0x04F9, 0x04F9, 0x04F9, 0x04F9, 0x04F9, 0x04F9, 0x04F9,  /* 0x31C0 */
  0x04F9, 0x04F9, 0x04F9, 0x04F9, 0x04F9, 0x04F9, 0x04F9, 0x04F9,  /* 0x31C8 */
  0x0565, 0x0565, 0x0565, 0x0565, 0x0565, 0x0565, 0x0565, 0x0565,  /* 0x31D0 */
  0x054D, 0x054D, 0x054D, 0x054D, 0x054D, 0x054D, 0x054D, 0x054D,  /* 0x31D8 */
  0x0535, 0x0535, 0x0535, 0x0535, 0x0535, 0x0535, 0x0535, 0x0535,  /* 0x31E0 */
  0x057D, 0x057D, 0x057D, 0x057D, 0x057D, 0x057D, 0x057D, 0x057D,  /* 0x31E8 */
  0x05A3, 0x05A3, 0x05A3, 0x05A3, 0x05A3, 0x05A3, 0x05A3, 0x05A3,  /* 0x31F0 */
  0x0511, 0x0523, 0x05A3, 0x05A3, 0x04E1, 0x03E1, 0x03E1, 0x03E1,  /* 0x31F8 */
  0x04F6, 0x04F6, 0x04F6, 0x04F6, 0x04F6, 0x04F6, 0x04F6, 0x04F6,  /* 0x3200 */
  0x04F6, 0x04F6, 0x04F6, 0x04F6, 0x04F6, 0x04F6, 0x04F6, 0x04F6,  /* 0x3208 */
  0x0562, 0x0562, 0x0562, 0x0562, 0x0562, 0x0562, 0x0562, 0x0562,  /* 0x3210 */
  0x054A, 0x054A, 0x054A, 0x054A, 0x054A, 0x054A, 0x054A, 0x054A,  /* 0x3218 */
  0x0532, 0x0532, 0x0532, 0x0532, 0x0532, 0x0532, 0x0532, 0x0532,  /* 0x3220 */
  0x057A, 0x057A, 0x057A, 0x057A, 0x057A, 0x057A, 0x057A, 0x057A,  /* 0x3228 */
  0x0592, 0x0592, 0x0592, 0x0592, 0x0592, 0x0592, 0x0592, 0x0592,  /* 0x3230 */
  0x050E, 0x0520, 0x05A1, 0x05A1, 0x04DE, 0x03E1, 0x03E1, 0x03E1,  /* 0x3238 */
  0x05AA, 0x05AA, 0x05AA, 0x05AA, 0x05AA, 0x05AA, 0x05AA, 0x05AA,  /* 0x3240 */
  0x05AA, 0x05AA, 0x05AA, 0x05AA, 0x05AA, 0x05AA, 0x05AA, 0x05AA,  /* 0x3248 */
  0x05AF, 0x05AF, 0x05AF, 0x05AF, 0x05AF, 0x05AF, 0x05AF, 0x05AF,  /* 0x3250 */
  0x05AE, 0x05AE, 0x05AE, 0x05AE, 0x05AE, 0x05AE, 0x05AE, 0x05AE,  /* 0x3258 */
  0x05AD, 0x05AD, 0x05AD, 0x05AD, 0x05AD, 0x05AD, 0x05AD, 0x05AD,  /* 0x3260 */
  0x05B0, 0x05B0, 0x05B0, 0x05B0, 0x05B0, 0x05B0, 0x05B0, 0x05B0,  /* 0x3268 */
  0x05BA, 0x05BA, 0x05BA, 0x05BA, 0x05BA, 0x05BA, 0x05BA, 0x05BA,  /* 0x3270 */
  0x05AB, 0x05AC, 0x05BA, 0x05BA, 0x05A9, 0x03E1, 0x03E1, 0x03E1,  /* 0x3278 */
  0x0505, 0x0505, 0x0505, 0x0505, 0x0505, 0x0505, 0x0505, 0x0505,  /* 0x3280 */
  0x0505, 0x0505, 0x0505, 0x0505, 0x0505, 0x0505, 0x0505, 0x0505,  /* 0x3288 */
  0x0571, 0x0571, 0x0571, 0x0571, 0x0571, 0x0571, 0x0571, 0x0571,  /* 0x3290 */
  0x0559, 0x0559, 0x0559, 0x0559, 0x0559, 0x0559, 0x0559, 0x0559,  /* 0x3298 */
  0x0541, 0x0541, 0x0541, 0x0541, 0x0541, 0x0541, 0x0541, 0x0541,  /* 0x32A0 */
  0x0589, 0x0589, 0x0589, 0x0589, 0x0589, 0x0589, 0x0589, 0x0589,  /* 0x32A8 */
  0x0595, 0x0595, 0x0595, 0x0595, 0x0595, 0x0595, 0x0595, 0x0595,  /* 0x32B0 */
  0x051A, 0x052C, 0x05A3, 0x05A3, 0x04ED, 0x03E1, 0x03E1, 0x03E1,  /* 0x32B8 */
  0x0502, 0x0502, 0x0502, 0x0502, 0x0502, 0x0502, 0x0502, 0x0502,  /* 0x32C0 */
  0x0502, 0x0502, 0x0502, 0x0502, 0x0502, 0x0502, 0x0502, 0x0502,  /* 0x32C8 */
  0x056E, 0x056E, 0x056E, 0x056E, 0x056E, 0x056E, 0x056E, 0x056E,  /* 0x32D0 */
  0x0556, 0x0556, 0x0556, 0x0556, 0x0556, 0x0556, 0x0556, 0x0556,  /* 0x32D8 */
  0x053E, 0x053E, 0x053E, 0x053E, 0x053E, 0x053E, 0x053E, 0x053E,  /* 0x32E0 */
  0x0586, 0x0586, 0x0586, 0x0586, 0x0586, 0x0586, 0x0586, 0x0586,  /* 0x32E8 */
  0x059B, 0x059B, 0x059B, 0x059B, 0x059B, 0x059B, 0x059B, 0x059B,  /* 0x32F0 */
  0x05A3, 0x05A3, 0x05A3, 0x05A3, 0x04EA, 0x03E1, 0x03E1, 0x03E1,  /* 0x32F8 */
  0x04FF, 0x04FF, 0x04FF, 0x04FF, 0x04FF, 0x04FF, 0x04FF, 0x04FF,  /* 0x3300 */
  0x04FF, 0x04FF, 0x04FF, 0x04FF, 0x04FF, 0x04FF, 0x04FF, 0x04FF,  /* 0x3308 */
  0x056B, 0x056B, 0x056B, 0x056B, 0x056B, 0x056B, 0x056B, 0x056B,  /* 0x3310 */
  0x0553, 0x0553, 0x0553, 0x0553, 0x0553, 0x0553, 0x0553, 0x0553,  /* 0x3318 */
  0x053B, 0x053B, 0x053B, 0x053B, 0x053B, 0x053B, 0x053B, 0x053B,  /* 0x3320 */
  0x0583, 0x0583, 0x0583, 0x0583, 0x0583, 0x0583, 0x0583, 0x0583,  /* 0x3328 */
  0x0598, 0x0598, 0x0598, 0x0598, 0x0598, 0x0598, 0x0598, 0x0598,  /* 0x3330 */
  0x0517, 0x0529, 0x05A3, 0x05A3, 0x04E7, 0x03E1, 0x03E1, 0x03E1,  /* 0x3338 */
  0x0508, 0x0508, 0x0508, 0x0508, 0x0508, 0x0508, 0x0508, 0x0508,  /* 0x3340 */
  0x0508, 0x0508, 0x0508, 0x0508, 0x0508, 0x0508, 0x0508, 0x0508,  /* 0x3348 */
  0x0574, 0x0574, 0x0574, 0x0574, 0x0574, 0x0574, 0x0574, 0x0574,  /* 0x3350 */
  0x055C, 0x055C, 0x055C, 0x055C, 0x055C, 0x055C, 0x055C, 0x055C,  /* 0x3358 */
  0x0544, 0x0544, 0x0544, 0x0544, 0x0544, 0x0544, 0x0544, 0x0544,  /* 0x3360 */
  0x058C, 0x058C, 0x058C, 0x058C, 0x058C, 0x058C, 0x058C, 0x058C,  /* 0x3368 */
  0x05A3, 0x05A3, 0x05A3, 0x05A3, 0x05A3, 0x05A3, 0x05A3, 0x05A3,  /* 0x3370 */
  0x051D, 0x052F, 0x05A3, 0x05A3, 0x04F0, 0x03E1, 0x03E1, 0x03E1,  /* 0x3378 */
  0x050B, 0x050B, 0x050B, 0x050B, 0x050B, 0x050B, 0x050B, 0x050B,  /* 0x3380 */
  0x050B, 0x050B, 0x050B, 0x050B, 0x050B, 0x050B, 0x050B, 0x050B,  /* 0x3388 */
  0x0577, 0x0577, 0x0577, 0x0577, 0x0577, 0x0577, 0x0577, 0x0577,  /* 0x3390 */
  0x055F, 0x055F, 0x055F, 0x055F, 0x055F, 0x055F, 0x055F, 0x055F,  /* 0x3398 */
  0x0547, 0x0547, 0x0547, 0x0547, 0x0547, 0x0547, 0x0547, 0x0547,  /* 0x33A0 */
  0x058F, 0x058F, 0x058F, 0x058F, 0x058F, 0x058F, 0x058F, 0x058F,  /* 0x33A8 */
  0x05A3, 0x05A3, 0x05A3, 0x05A3, 0x05A3, 0x05A3, 0x05A3, 0x05A3,  /* 0x33B0 */
  0x05A3, 0x05A3, 0x05A3, 0x05A3, 0x04F3, 0x03E1, 0x03E1, 0x03E1,  /* 0x33B8 */
  0x04FC, 0x04FC, 0x04FC, 0x04FC, 0x04FC, 0x04FC, 0x04FC, 0x04FC,  /* 0x33C0 */
  0x04FC, 0x04FC, 0x04FC, 0x04FC, 0x04FC, 0x04FC, 0x04FC, 0x04FC,  /* 0x33C8 */
  0x0568, 0x0568, 0x0568, 0x0568, 0x0568, 0x0568, 0x0568, 0x0568,  /* 0x33D0 */
  0x0550, 0x0550, 0x0550, 0x0550, 0x0550, 0x0550, 0x0550, 0x0550,  /* 0x33D8 */
  0x0538, 0x0538, 0x0538, 0x0538, 0x0538, 0x0538, 0x0538, 0x0538,  /* 0x33E0 */
  0x0580, 0x0580, 0x0580, 0x0580, 0x0580, 0x0580, 0x0580, 0x0580,  /* 0x33E8 */
  0x05A3, 0x05A3, 0x05A3, 0x05A3, 0x05A3, 0x05A3, 0x05A3, 0x05A3,  /* 0x33F0 */
  0x0514, 0x0526, 0x05A3, 0x05A3, 0x04E4, 0x03E1, 0x03E1, 0x03E1,  /* 0x33F8 */
  0x04F6, 0x04F6, 0x04F6, 0x04F6, 0x04F6, 0x04F6, 0x04F6, 0x04F6,  /* 0x3400 */
  0x04F6, 0x04F6, 0x04F6, 0x04F6, 0x04F6, 0x04F6, 0x04F6, 0x04F6,  /* 0x3408 */
  0x0562, 0x0562, 0x0562, 0x0562, 0x0562, 0x0562, 0x0562, 0x0562,  /* 0x3410 */
  0x054A, 0x054A, 0x054A, 0x054A, 0x054A, 0x054A, 0x054A, 0x054A,  /* 0x3418 */
  0x0532, 0x0532, 0x0532, 0x0532, 0x0532, 0x0532, 0x0532, 0x0532,  /* 0x3420 */
  0x057A, 0x057A, 0x057A, 0x057A, 0x057A, 0x057A, 0x057A, 0x057A,  /* 0x3428 */
  0x0592, 0x0592, 0x0592, 0x0592, 0x0592, 0x0592, 0x0592, 0x0592,  /* 0x3430 */
  0x050E, 0x0520, 0x05A1, 0x05A1, 0x04DE, 0x03E1, 0x03E1, 0x03E1,  /* 0x3438 */
  0x05AA, 0x05AA, 0x05AA, 0x05AA, 0x05AA, 0x05AA, 0x05AA, 0x05AA,  /* 0x3440 */
  0x05AA, 0x05AA, 0x05AA, 0x05AA, 0x05AA, 0x05AA, 0x05AA, 0x05AA,  /* 0x3448 */
  0x05AF, 0x05AF, 0x05AF, 0x05AF, 0x05AF, 0x05AF, 0x05AF, 0x05AF,  /* 0x3450 */
  0x05AE, 0x05AE, 0x05AE, 0x05AE, 0x05AE, 0x05AE, 0x05AE, 0x05AE,  /* 0x3458 */
  0x05AD, 0x05AD, 0x05AD, 0x05AD, 0x05AD, 0x05AD, 0x05AD, 0x05AD,  /* 0x3460 */
  0x05B0, 0x05B0, 0x05B0, 0x05B0, 0x05B0, 0x05B0, 0x05B0, 0x05B0,  /* 0x3468 */
  0x05BA, 0x05BA, 0x05BA, 0x05BA, 0x05BA, 0x05BA, 0x05BA, 0x05BA,  /* 0x3470 */
  0x05AB, 0x05AC, 0x05BA, 0x05BA, 0x05A9, 0x03E1, 0x03E1, 0x03E1,  /* 0x3478 */
  0x0505, 0x0505, 0x0505, 0x0505, 0x0505, 0x0505, 0x0505, 0x0505,  /* 0x3480 */
  0x0505, 0x0505, 0x0505, 0x0505, 0x0505, 0x0505, 0x0505, 0x0505,  /* 0x3488 */
  0x0571, 0x0571, 0x0571, 0x0571, 0x0571, 0x0571, 0x0571, 0x0571,  /* 0x3490 */
  0x0559, 0x0559, 0x0559, 0x0559, 0x0559, 0x0559, 0x0559, 0x0559,  /* 0x3498 */
  0x0541, 0x0541, 0x0541, 0x0541, 0x0541, 0x0541, 0x0541, 0x0541,  /* 0x34A0 */
  0x0589, 0x0589, 0x0589, 0x0589, 0x0589, 0x0589, 0x0589, 0x0589,  /* 0x34A8 */
  0x0595, 0x0595, 0x0595, 0x0595, 0x0595, 0x0595, 0x0595, 0x0595,  /* 0x34B0 */
  0x051A, 0x052C, 0x05A3, 0x05A3, 0x04ED, 0x03E1, 0x03E1, 0x03E1,  /* 0x34B8 */
  0x0502, 0x0502, 0x0502, 0x0502, 0x0502, 0x0502, 0x0502, 0x0502,  /* 0x34C0 */
  0x0502, 0x0502, 0x0502, 0x0502, 0x0502, 0x0502, 0x0502, 0x0502,  /* 0x34C8 */
  0x056E, 0x056E, 0x056E, 0x056E, 0x056E, 0x056E, 0x056E, 0x056E,  /* 0x34D0 */
  0x0556, 0x0556, 0x0556, 0x0556, 0x0556, 0x0556, 0x0556, 0x0556,  /* 0x34D8 */
  0x053E, 0x053E, 0x053E, 0x053E, 0x053E, 0x053E, 0x053E, 0x053E,  /* 0x34E0 */
  0x0586, 0x0586, 0x0586, 0x0586, 0x0586, 0x0586, 0x0586, 0x0586,  /* 0x34E8 */
  0x059B, 0x059B, 0x059B, 0x059B, 0x059B, 0x059B, 0x059B, 0x059B,  /* 0x34F0 */
  0x05A3, 0x05A3, 0x05A3, 0x05A3, 0x04EA, 0x03E1, 0x03E1, 0x03E1,  /* 0x34F8 */
  0x04FF, 0x04FF, 0x04FF, 0x04FF, 0x04FF, 0x04FF, 0x04FF, 0x04FF,  /* 0x3500 */
  0x04FF, 0x04FF, 0x04FF, 0x04FF, 0x04FF, 0x04FF, 0x04FF, 0x04FF,  /* 0x3508 */
  0x056B, 0x056B, 0x056B, 0x056B, 0x056B, 0x056B, 0x056B, 0x056B,  /* 0x3510 */
  0x0553, 0x0553, 0x0553, 0x0553, 0x0553, 0x0553, 0x0553, 0x0553,  /* 0x3518 */
  0x053B, 0x053B, 0x053B, 0x053B, 0x053B, 0x053B, 0x053B, 0x053B,  /* 0x3520 */
  0x0583, 0x0583, 0x0583, 0x0583, 0x0583, 0x0583, 0x0583, 0x0583,  /* 0x3528 */
  0x0598, 0x0598, 0x0598, 0x0598, 0x0598, 0x0598, 0x0598, 0x0598,  /* 0x3530 */
  0x0517, 0x0529, 0x05A3, 0x05A3, 0x04E7, 0x03E1, 0x03E1, 0x03E1,  /* 0x3538 */
  0x0508, 0x0508, 0x0508, 0x0508, 0x0508, 0x0508, 0x0508, 0x0508,  /* 0x3540 */
  0x0508, 0x0508, 0x0508, 0x0508, 0x0508, 0x0508, 0x0508, 0x0508,  /* 0x3548 */
  0x0574, 0x0574, 0x0574, 0x0574, 0x0574, 0x0574, 0x0574, 0x0574,  /* 0x3550 */
  0x055C, 0x055C, 0x055C, 0x055C, 0x055C, 0x055C, 0x055C, 0x055C,  /* 0x3558 */
  0x0544, 0x0544, 0x0544, 0x0544, 0x0544, 0x0544, 0x0544, 0x0544,  /* 0x3560 */
  0x058C, 0x058C, 0x058C, 0x058C, 0x058C, 0x058C, 0x058C, 0x058C,  /* 0x3568 */
  0x05A3, 0x05A3, 0x05A3, 0x05A3, 0x05A3, 0x05A3, 0x05A3, 0x05A3,  /* 0x3570 */
  0x051D, 0x052F, 0x05A3, 0x05A3, 0x04F0, 0x03E1, 0x03E1, 0x03E1,  /* 0x3578 */
  0x050B, 0x050B, 0x050B, 0x050B, 0x050B, 0x050B, 0x050B, 0x050B,  /* 0x3580 */
  0x050B, 0x050B, 0x050B, 0x050B, 0x050B, 0x050B, 0x050B, 0x050B,  /* 0x3588 */
  0x0577, 0x0577, 0x0577, 0x0577, 0x0577, 0x0577, 0x0577, 0x0577,  /* 0x3590 */
  0x055F, 0x055F, 0x055F, 0x055F, 0x055F, 0x055F, 0x055F, 0x055F,  /* 0x3598 */
  0x0547, 0x0547, 0x0547, 0x0547, 0x0547, 0x0547, 0x0547, 0x0547,  /* 0x35A0 */
  0x058F, 0x058F, 0x058F, 0x058F, 0x058F, 0x058F, 0x058F, 0x058F,  /* 0x35A8 */
  0x05A3, 0x05A3, 0x05A3, 0x05A3, 0x05A3, 0x05A3, 0x05A3, 0x05A3,  /* 0x35B0 */
  0x05A3, 0x05A3, 0x05A3, 0x05A3, 0x04F3, 0x03E1, 0x03E1, 0x03E1,  /* 0x35B8 */
  0x03E1, 0x03E1, 0x03E1, 0x03E1, 0x03E1, 0x03E1, 0x03E1, 0x03E1,  /* 0x35C0 */
  0x03E1, 0x03E1, 0x03E1, 0x03E1, 0x03E1, 0x03E1, 0x03E1, 0x03E1,  /* 0x35C8 */
  0x03E1, 0x03E1, 0x03E1, 0x03E1, 0x03E1, 0x03E1, 0x03E1, 0x03E1,  /* 0x35D0 */
  0x03E1, 0x03E1, 0x03E1, 0x03E1, 0x03E1, 0x03E1, 0x03E1, 0x03E1,  /* 0x35D8 */
  0x03E1, 0x03E1, 0x03E1, 0x03E1, 0x03E1, 0x03E1, 0x03E1, 0x03E1,  /* 0x35E0 */
  0x03E1, 0x03E1, 0x03E1, 0x03E1, 0x03E1, 0x03E1, 0x03E1, 0x03E1,  /* 0x35E8 */
  0x03E1, 0x03E1, 0x03E1, 0x03E1, 0x03E1, 0x03E1, 0x03E1, 0x03E1,  /* 0x35F0 */
  0x03E1, 0x03E1, 0x03E1, 0x03E1, 0x03E1, 0x03E1, 0x03E1, 0x03E1,  /* 0x35F8 */
  0x04F6, 0x04F6, 0x04F6, 0x04F6, 0x04F6, 0x04F6, 0x04F6, 0x04F6,  /* 0x3600 */
  0x04F6, 0x04F6, 0x04F6, 0x04F6, 0x04F6, 0x04F6, 0x04F6, 0x04F6,  /* 0x3608 */
  0x0562, 0x0562, 0x0562, 0x0562, 0x0562, 0x0562, 0x0562, 0x0562,  /* 0x3610 */
  0x054A, 0x054A, 0x054A, 0x054A, 0x054A, 0x054A, 0x054A, 0x054A,  /* 0x3618 */
  0x0532, 0x0532, 0x0532, 0x0532, 0x0532, 0x0532, 0x0532, 0x0532,  /* 0x3620 */
  0x057A, 0x057A, 0x057A, 0x057A, 0x057A, 0x057A, 0x057A, 0x057A,  /* 0x3628 */
  0x0592, 0x0592, 0x0592, 0x0592, 0x0592, 0x0592, 0x0592, 0x0592,  /* 0x3630 */
  0x050E, 0x0520, 0x05A1, 0x05A1, 0x04DE, 0x03E1, 0x03E1, 0x03E1,  /* 0x3638 */
  0x05AA, 0x05AA, 0x05AA, 0x05AA, 0x05AA, 0x05AA, 0x05AA, 0x05AA,  /* 0x3640 */
  0x05AA, 0x05AA, 0x05AA, 0x05AA, 0x05AA, 0x05AA, 0x05AA, 0x05AA,  /* 0x3648 */
  0x05AF, 0x05AF, 0x05AF, 0x05AF, 0x05AF, 0x05AF, 0x05AF, 0x05AF,  /* 0x3650 */
  0x05AE, 0x05AE, 0x05AE, 0x05AE, 0x05AE, 0x05AE, 0x05AE, 0x05AE,  /* 0x3658 */
  0x05AD, 0x05AD, 0x05AD, 0x05AD, 0x05AD, 0x05AD, 0x05AD, 0x05AD,  /* 0x3660 */
  0x05B0, 0x05B0, 0x05B0, 0x05B0, 0x05B0, 0x05B0, 0x05B0, 0x05B0,  /* 0x3668 */
  0x05BA, 0x05BA, 0x05BA, 0x05BA, 0x05BA, 0x05BA, 0x05BA, 0x05BA,  /* 0x3670 */
  0x05AB, 0x05AC, 0x05BA, 0x05BA, 0x05A9, 0x03E1, 0x03E1, 0x03E1,  /* 0x3678 */
  0x0505, 0x0505, 0x0505, 0x0505, 0x0505, 0x0505, 0x0505, 0x0505,  /* 0x3680 */
  0x0505, 0x0505, 0x0505, 0x0505, 0x0505, 0x0505, 0x0505, 0x0505,  /* 0x3688 */
  0x0571, 0x0571, 0x0571, 0x0571, 0x0571, 0x0571, 0x0571, 0x0571,  /* 0x3690 */
  0x0559, 0x0559, 0x0559, 0x0559, 0x0559, 0x0559, 0x0559, 0x0559,  /* 0x3698 */
  0x0541, 0x0541, 0x0541, 0x0541, 0x0541, 0x0541, 0x0541, 0x0541,  /* 0x36A0 */
  0x0589, 0x0589, 0x0589, 0x0589, 0x0589, 0x0589, 0x0589, 0x0589,  /* 0x36A8 */
  0x0595, 0x0595, 0x0595, 0x0595, 0x0595, 0x0595, 0x0595, 0x0595,  /* 0x36B0 */
  0x051A, 0x052C, 0x05A3, 0x05A3, 0x04ED, 0x03E1, 0x03E1, 0x03E1,  /* 0x36B8 */
  0x0502, 0x0502, 0x0502, 0x0502, 0x0502, 0x0502, 0x0502, 0x0502,  /* 0x36C0 */
  0x0502, 0x0502, 0x0502, 0x0502, 0x0502, 0x0502, 0x0502, 0x0502,  /* 0x36C8 */
  0x056E, 0x056E, 0x056E, 0x056E, 0x056E, 0x056E, 0x056E, 0x056E,  /* 0x36D0 */
  0x0556, 0x0556, 0x0556, 0x0556, 0x0556, 0x0556, 0x0556, 0x0556,  /* 0x36D8 */
  0x053E, 0x053E, 0x053E, 0x053E, 0x053E, 0x053E, 0x053E, 0x053E,  /* 0x36E0 */
  0x0586, 0x0586, 0x0586, 0x0586, 0x0586, 0x0586, 0x0586, 0x0586,  /* 0x36E8 */
  0x059B, 0x059B, 0x059B, 0x059B, 0x059B, 0x059B, 0x059B, 0x059B,  /* 0x36F0 */
  0x05A3, 0x05A3, 0x05A3, 0x05A3, 0x04EA, 0x03E1, 0x03E1, 0x03E1,  /* 0x36F8 */
  0x04FF, 0x04FF, 0x04FF, 0x04FF, 0x04FF, 0x04FF, 0x04FF, 0x04FF,  /* 0x3700 */
  0x04FF, 0x04FF, 0x04FF, 0x04FF, 0x04FF, 0x04FF, 0x04FF, 0x04FF,  /* 0x3708 */
  0x056B, 0x056B, 0x056B, 0x056B, 0x056B, 0x056B, 0x056B, 0x056B,  /* 0x3710 */
  0x0553, 0x0553, 0x0553, 0x0553, 0x0553, 0x0553, 0x0553, 0x0553,  /* 0x3718 */
  0x053B, 0x053B, 0x053B, 0x053B, 0x053B, 0x053B, 0x053B, 0x053B,  /* 0x3720 */
  0x0583, 0x0583, 0x0583, 0x0583, 0x0583, 0x0583, 0x0583, 0x0583,  /* 0x3728 */
  0x0598, 0x0598, 0x0598, 0x0598, 0x0598, 0x0598, 0x0598, 0x0598,  /* 0x3730 */
  0x0517, 0x0529, 0x05A3, 0x05A3, 0x04E7, 0x03E1, 0x03E1, 0x03E1,  /* 0x3738 */
  0x0508, 0x0508, 0x0508, 0x0508, 0x0508, 0x0508, 0x0508, 0x0508,  /* 0x3740 */
  0x0508, 0x0508, 0x0508, 0x0508, 0x0508, 0x0508, 0x0508, 0x0508,  /* 0x3748 */
  0x0574, 0x0574, 0x0574, 0x0574, 0x0574, 0x0574, 0x0574, 0x0574,  /* 0x3750 */
  0x055C, 0x055C, 0x055C, 0x055C, 0x055C, 0x055C, 0x055C, 0x055C,  /* 0x3758 */
  0x0544, 0x0544, 0x0544, 0x0544, 0x0544, 0x0544, 0x0544, 0x0544,  /* 0x3760 */
  0x058C, 0x058C, 0x058C, 0x058C, 0x058C, 0x058C, 0x058C, 0x058C,  /* 0x3768 */
  0x05A3, 0x05A3, 0x05A3, 0x05A3, 0x05A3, 0x05A3, 0x05A3, 0x05A3,  /* 0x3770 */
  0x051D, 0x052F, 0x05A3, 0x05A3, 0x04F0, 0x03E1, 0x03E1, 0x03E1,  /* 0x3778 */
  0x050B, 0x050B, 0x050B, 0x050B, 0x050B, 0x050B, 0x050B, 0x050B,  /* 0x3780 */
  0x050B, 0x050B, 0x050B, 0x050B, 0x050B, 0x050B, 0x050B, 0x050B,  /* 0x3788 */
  0x0577, 0x0577, 0x0577, 0x0577, 0x0577, 0x0577, 0x0577, 0x0577,  /* 0x3790 */
  0x055F, 0x055F, 0x055F, 0x055F, 0x055F, 0x055F, 0x055F, 0x055F,  /* 0x3798 */
  0x0547, 0x0547, 0x0547, 0x0547, 0x0547, 0x0547, 0x0547, 0x0547,  /* 0x37A0 */
  0x058F, 0x058F, 0x058F, 0x058F, 0x058F, 0x058F, 0x058F, 0x058F,  /* 0x37A8 */
  0x05A3, 0x05A3, 0x05A3, 0x05A3, 0x05A3, 0x05A3, 0x05A3, 0x05A3,  /* 0x37B0 */
  0x05A3, 0x05A3, 0x05A3, 0x05A3, 0x04F3, 0x03E1, 0x03E1, 0x03E1,  /* 0x37B8 */
  0x03E1, 0x03E1, 0x03E1, 0x03E1, 0x03E1, 0x03E1, 0x03E1, 0x03E1,  /* 0x37C0 */
  0x03E1, 0x03E1, 0x03E1, 0x03E1, 0x03E1, 0x03E1, 0x03E1, 0x03E1,  /* 0x37C8 */
  0x03E1, 0x03E1, 0x03E1, 0x03E1, 0x03E1, 0x03E1, 0x03E1, 0x03E1,  /* 0x37D0 */
  0x03E1, 0x03E1, 0x03E1, 0x03E1, 0x03E1, 0x03E1, 0x03E1, 0x03E1,  /* 0x37D8 */
  0x03E1, 0x03E1, 0x03E1, 0x03E1, 0x03E1, 0x03E1, 0x03E1, 0x03E1,  /* 0x37E0 */
  0x03E1, 0x03E1, 0x03E1, 0x03E1, 0x03E1, 0x03E1, 0x03E1, 0x03E1,  /* 0x37E8 */
  0x03E1, 0x03E1, 0x03E1, 0x03E1, 0x03E1, 0x03E1, 0x03E1, 0x03E1,  /* 0x37F0 */
  0x03E1, 0x03E1, 0x03E1, 0x03E1, 0x03E1, 0x03E1, 0x03E1, 0x03E1,  /* 0x37F8 */
  0x04F6, 0x04F6, 0x04F6, 0x04F6, 0x04F6, 0x04F6, 0x04F6, 0x04F6,  /* 0x3800 */
  0x04F6, 0x04F6, 0x04F6, 0x04F6, 0x04F6, 0x04F6, 0x04F6, 0x04F6,  /* 0x3808 */
  0x0562, 0x0562, 0x0562, 0x0562, 0x0562, 0x0562, 0x0562, 0x0562,  /* 0x3810 */
  0x054A, 0x054A, 0x054A, 0x054A, 0x054A, 0x054A, 0x054A, 0x054A,  /* 0x3818 */
  0x0532, 0x0532, 0x0532, 0x0532, 0x0532, 0x0532, 0x0532, 0x0532,  /* 0x3820 */
  0x057A, 0x057A, 0x057A, 0x057A, 0x057A, 0x057A, 0x057A, 0x057A,  /* 0x3828 */
  0x0592, 0x0592, 0x0592, 0x0592, 0x0592, 0x0592, 0x0592, 0x0592,  /* 0x3830 */
  0x050E, 0x0520, 0x05A1, 0x05A1, 0x04DE, 0x03E1, 0x03E1, 0x03E1,  /* 0x3838 */
  0x05AA, 0x05AA, 0x05AA, 0x05AA, 0x05AA, 0x05AA, 0x05AA, 0x05AA,  /* 0x3840 */
  0x05AA, 0x05AA, 0x05AA, 0x05AA, 0x05AA, 0x05AA, 0x05AA, 0x05AA,  /* 0x3848 */
  0x05AF, 0x05AF, 0x05AF, 0x05AF, 0x05AF, 0x05AF, 0x05AF, 0x05AF,  /* 0x3850 */
  0x05AE, 0x05AE, 0x05AE, 0x05AE, 0x05AE, 0x05AE, 0x05AE, 0x05AE,  /* 0x3858 */
  0x05AD, 0x05AD, 0x05AD, 0x05AD, 0x05AD, 0x05AD, 0x05AD, 0x05AD,  /* 0x3860 */
  0x05B0, 0x05B0, 0x05B0, 0x05B0, 0x05B0, 0x05B0, 0x05B0, 0x05B0,  /* 0x3868 */
  0x05BA, 0x05BA, 0x05BA, 0x05BA, 0x05BA, 0x05BA, 0x05BA, 0x05BA,  /* 0x3870 */
  0x05AB, 0x05AC, 0x05BA, 0x05BA, 0x05A9, 0x03E1, 0x03E1, 0x03E1,  /* 0x3878 */
  0x0505, 0x0505, 0x0505, 0x0505, 0x0505, 0x0505, 0x0505, 0x0505,  /* 0x3880 */
  0x0505, 0x0505, 0x0505, 0x0505, 0x0505, 0x0505, 0x0505, 0x0505,  /* 0x3888 */
  0x0571, 0x0571, 0x0571, 0x0571, 0x0571, 0x0571, 0x0571, 0x0571,  /* 0x3890 */
  0x0559, 0x0559, 0x0559, 0x0559, 0x0559, 0x0559, 0x0559, 0x0559,  /* 0x3898 */
  0x0541, 0x0541, 0x0541, 0x0541, 0x0541, 0x0541, 0x0541, 0x0541,  /* 0x38A0 */
  0x0589, 0x0589, 0x0589, 0x0589, 0x0589, 0x0589, 0x0589, 0x0589,  /* 0x38A8 */
  0x0595, 0x0595, 0x0595, 0x0595, 0x0595, 0x0595, 0x0595, 0x0595,  /* 0x38B0 */
  0x051A, 0x052C, 0x05A3, 0x05A3, 0x04ED, 0x03E1, 0x03E1, 0x03E1,  /* 0x38B8 */
  0x0502, 0x0502, 0x0502, 0x0502, 0x0502, 0x0502, 0x0502, 0x0502,  /* 0x38C0 */
  0x0502, 0x0502, 0x0502, 0x0502, 0x0502, 0x0502, 0x0502, 0x0502,  /* 0x38C8 */
  0x056E, 0x056E, 0x056E, 0x056E, 0x056E, 0x056E, 0x056E, 0x056E,  /* 0x38D0 */
  0x0556, 0x0556, 0x0556, 0x0556, 0x0556, 0x0556, 0x0556, 0x0556,  /* 0x38D8 */
  0x053E, 0x053E, 0x053E, 0x053E, 0x053E, 0x053E, 0x053E, 0x053E,  /* 0x38E0 */
  0x0586, 0x0586, 0x0586, 0x0586, 0x0586, 0x0586, 0x0586, 0x0586,  /* 0x38E8 */
  0x059B, 0x059B, 0x059B, 0x059B, 0x059B, 0x059B, 0x059B, 0x059B,  /* 0x38F0 */
  0x05A3, 0x05A3, 0x05A3, 0x05A3, 0x04EA, 0x03E1, 0x03E1, 0x03E1,  /* 0x38F8 */
  0x04FF, 0x04FF, 0x04FF, 0x04FF, 0x04FF, 0x04FF, 0x04FF, 0x04FF,  /* 0x3900 */
  0x04FF, 0x04FF, 0x04FF, 0x04FF, 0x04FF, 0x04FF, 0x04FF, 0x04FF,  /* 0x3908 */
  0x056B, 0x056B, 0x056B, 0x056B, 0x056B, 0x056B, 0x056B, 0x056B,  /* 0x3910 */
  0x0553, 0x0553, 0x0553, 0x0553, 0x0553, 0x0553, 0x0553, 0x0553,  /* 0x3918 */
  0x053B, 0x053B, 0x053B, 0x053B, 0x053B, 0x053B, 0x053B, 0x053B,  /* 0x3920 */
  0x0583, 0x0583, 0x0583, 0x0583, 0x0583, 0x0583, 0x0583, 0x0583,  /* 0x3928 */
  0x0598, 0x0598, 0x0598, 0x0598, 0x0598, 0x0598, 0x0598, 0x0598,  /* 0x3930 */
  0x0517, 0x0529, 0x05A3, 0x05A3, 0x04E7, 0x03E1, 0x03E1, 0x03E1,  /* 0x3938 */
  0x0508, 0x0508, 0x0508, 0x0508, 0x0508, 0x0508, 0x0508, 0x0508,  /* 0x3940 */
  0x0508, 0x0508, 0x0508, 0x0508, 0x0508, 0x0508, 0x0508, 0x0508,  /* 0x3948 */
  0x0574, 0x0574, 0x0574, 0x0574, 0x0574, 0x0574, 0x0574, 0x0574,  /* 0x3950 */
  0x055C, 0x055C, 0x055C, 0x055C, 0x055C, 0x055C, 0x055C, 0x055C,  /* 0x3958 */
  0x0544, 0x0544, 0x0544, 0x0544, 0x0544, 0x0544, 0x0544, 0x0544,  /* 0x3960 */
  0x058C, 0x058C, 0x058C, 0x058C, 0x058C, 0x058C, 0x058C, 0x058C,  /* 0x3968 */
  0x05A3, 0x05A3, 0x05A3, 0x05A3, 0x05A3, 0x05A3, 0x05A3, 0x05A3,  /* 0x3970 */
  0x051D, 0x052F, 0x05A3, 0x05A3, 0x04F0, 0x03E1, 0x03E1, 0x03E1,  /* 0x3978 */
  0x050B, 0x050B, 0x050B, 0x050B, 0x050B, 0x050B, 0x050B, 0x050B,  /* 0x3980 */
  0x050B, 0x050B, 0x050B, 0x050B, 0x050B, 0x050B, 0x050B, 0x050B,  /* 0x3988 */
  0x0577, 0x0577, 0x0577, 0x0577, 0x0577, 0x0577, 0x0577, 0x0577,  /* 0x3990 */
  0x055F, 0x055F, 0x055F, 0x055F, 0x055F, 0x055F, 0x055F, 0x055F,  /* 0x3998 */
  0x0547, 0x0547, 0x0547, 0x0547, 0x0547, 0x0547, 0x0547, 0x0547,  /* 0x39A0 */
  0x058F, 0x058F, 0x058F, 0x058F, 0x058F, 0x058F, 0x058F, 0x058F,  /* 0x39A8 */
  0x05A3, 0x05A3, 0x05A3, 0x05A3, 0x05A3, 0x05A3, 0x05A3, 0x05A3,  /* 0x39B0 */
  0x05A3, 0x05A3, 0x05A3, 0x05A3, 0x04F3, 0x03E1, 0x03E1, 0x03E1,  /* 0x39B8 */
  0x03E1, 0x03E1, 0x03E1, 0x03E1, 0x03E1, 0x03E1, 0x03E1, 0x03E1,  /* 0x39C0 */
  0x03E1, 0x03E1, 0x03E1, 0x03E1, 0x03E1, 0x03E1, 0x03E1, 0x03E1,  /* 0x39C8 */
  0x03E1, 0x03E1, 0x03E1, 0x03E1, 0x03E1, 0x03E1, 0x03E1, 0x03E1,  /* 0x39D0 */
  0x03E1, 0x03E1, 0x03E1, 0x03E1, 0x03E1, 0x03E1, 0x03E1, 0x03E1,  /* 0x39D8 */
  0x03E1, 0x03E1, 0x03E1, 0x03E1, 0x03E1, 0x03E1, 0x03E1, 0x03E1,  /* 0x39E0 */
  0x03E1, 0x03E1, 0x03E1, 0x03E1, 0x03E1, 0x03E1, 0x03E1, 0x03E1,  /* 0x39E8 */
  0x03E1, 0x03E1, 0x03E1, 0x03E1, 0x03E1, 0x03E1, 0x03E1, 0x03E1,  /* 0x39F0 */
  0x03E1, 0x03E1, 0x03E1, 0x03E1, 0x03E1, 0x03E1, 0x03E1, 0x03E1,  /* 0x39F8 */
  0x04F6, 0x04F6, 0x04F6, 0x04F6, 0x04F6, 0x04F6, 0x04F6, 0x04F6,  /* 0x3A00 */
  0x04F6, 0x04F6, 0x04F6, 0x04F6, 0x04F6, 0x04F6, 0x04F6, 0x04F6,  /* 0x3A08 */
  0x0562, 0x0562, 0x0562, 0x0562, 0x0562, 0x0562, 0x0562, 0x0562,  /* 0x3A10 */
  0x054A, 0x054A, 0x054A, 0x054A, 0x054A, 0x054A, 0x054A, 0x054A,  /* 0x3A18 */
  0x0532, 0x0532, 0x0532, 0x0532, 0x0532, 0x0532, 0x0532, 0x0532,  /* 0x3A20 */
  0x057A, 0x057A, 0x057A, 0x057A, 0x057A, 0x057A, 0x057A, 0x057A,  /* 0x3A28 */
  0x0592, 0x0592, 0x0592, 0x0592, 0x0592, 0x0592, 0x0592, 0x0592,  /* 0x3A30 */
  0x050E, 0x0520, 0x05A1, 0x05A1, 0x04DE, 0x03E1, 0x03E1, 0x03E1,  /* 0x3A38 */
  0x05AA, 0x05AA, 0x05AA, 0x05AA, 0x05AA, 0x05AA, 0x05AA, 0x05AA,  /* 0x3A40 */
  0x05AA, 0x05AA, 0x05AA, 0x05AA, 0x05AA, 0x05AA, 0x05AA, 0x05AA,  /* 0x3A48 */
  0x05AF, 0x05AF, 0x05AF, 0x05AF, 0x05AF, 0x05AF, 0x05AF, 0x05AF,  /* 0x3A50 */
  0x05AE, 0x05AE, 0x05AE, 0x05AE, 0x05AE, 0x05AE, 0x05AE, 0x05AE,  /* 0x3A58 */
  0x05AD, 0x05AD, 0x05AD, 0x05AD, 0x05AD, 0x05AD, 0x05AD, 0x05AD,  /* 0x3A60 */
  0x05B0, 0x05B0, 0x05B0, 0x05B0, 0x05B0, 0x05B0, 0x05B0, 0x05B0,  /* 0x3A68 */
  0x05BA, 0x05BA, 0x05BA, 0x05BA, 0x05BA, 0x05BA, 0x05BA, 0x05BA,  /* 0x3A70 */
  0x05AB, 0x05AC, 0x05BA, 0x05BA, 0x05A9, 0x03E1, 0x03E1, 0x03E1,  /* 0x3A78 */
  0x0505, 0x0505, 0x0505, 0x0505, 0x0505, 0x0505, 0x0505, 0x0505,  /* 0x3A80 */
  0x0505, 0x0505, 0x0505, 0x0505, 0x0505, 0x0505, 0x0505, 0x0505,  /* 0x3A88 */
  0x0571, 0x0571, 0x0571, 0x0571, 0x0571, 0x0571, 0x0571, 0x0571,  /* 0x3A90 */
  0x0559, 0x0559, 0x0559, 0x0559, 0x0559, 0x0559, 0x0559, 0x0559,  /* 0x3A98 */
  0x0541, 0x0541, 0x0541, 0x0541, 0x0541, 0x0541, 0x0541, 0x0541,  /* 0x3AA0 */
  0x0589, 0x0589, 0x0589, 0x0589, 0x0589, 0x0589, 0x0589, 0x0589,  /* 0x3AA8 */
  0x0595, 0x0595, 0x0595, 0x0595, 0x0595, 0x0595, 0x0595, 0x0595,  /* 0x3AB0 */
  0x051A, 0x052C, 0x05A3, 0x05A3, 0x04ED, 0x03E1, 0x03E1, 0x03E1,  /* 0x3AB8 */
  0x0502, 0x0502, 0x0502, 0x0502, 0x0502, 0x0502, 0x0502, 0x0502,  /* 0x3AC0 */
  0x0502, 0x0502, 0x0502, 0x0502, 0x0502, 0x0502, 0x0502, 0x0502,  /* 0x3AC8 */
  0x056E, 0x056E, 0x056E, 0x056E, 0x056E, 0x056E, 0x056E, 0x056E,  /* 0x3AD0 */
  0x0556, 0x0556, 0x0556, 0x0556, 0x0556, 0x0556, 0x0556, 0x0556,  /* 0x3AD8 */
  0x053E, 0x053E, 0x053E, 0x053E, 0x053E, 0x053E, 0x053E, 0x053E,  /* 0x3AE0 */
  0x0586, 0x0586, 0x0586, 0x0586, 0x0586, 0x0586, 0x0586, 0x0586,  /* 0x3AE8 */
  0x059B, 0x059B, 0x059B, 0x059B, 0x059B, 0x059B, 0x059B, 0x059B,  /* 0x3AF0 */
  0x05A3, 0x05A3, 0x05A3, 0x05A3, 0x04EA, 0x03E1, 0x03E1, 0x03E1,  /* 0x3AF8 */
  0x04FF, 0x04FF, 0x04FF, 0x04FF, 0x04FF, 0x04FF, 0x04FF, 0x04FF,  /* 0x3B00 */
  0x04FF, 0x04FF, 0x04FF, 0x04FF, 0x04FF, 0x04FF, 0x04FF, 0x04FF,  /* 0x3B08 */
  0x056B, 0x056B, 0x056B, 0x056B, 0x056B, 0x056B, 0x056B, 0x056B,  /* 0x3B10 */
  0x0553, 0x0553, 0x0553, 0x0553, 0x0553, 0x0553, 0x0553, 0x0553,  /* 0x3B18 */
  0x053B, 0x053B, 0x053B, 0x053B, 0x053B, 0x053B, 0x053B, 0x053B,  /* 0x3B20 */
  0x0583, 0x0583, 0x0583, 0x0583, 0x0583, 0x0583, 0x0583, 0x0583,  /* 0x3B28 */
  0x0598, 0x0598, 0x0598, 0x0598, 0x0598, 0x0598, 0x0598, 0x0598,  /* 0x3B30 */
  0x0517, 0x0529, 0x05A3, 0x05A3, 0x04E7, 0x03E1, 0x03E1, 0x03E1,  /* 0x3B38 */
  0x0508, 0x0508, 0x0508, 0x0508, 0x0508, 0x0508, 0x0508, 0x0508,  /* 0x3B40 */
  0x0508, 0x0508, 0x0508, 0x0508, 0x0508, 0x0508, 0x0508, 0x0508,  /* 0x3B48 */
  0x0574, 0x0574, 0x0574, 0x0574, 0x0574, 0x0574, 0x0574, 0x0574,  /* 0x3B50 */
  0x055C, 0x055C, 0x055C, 0x055C, 0x055C, 0x055C, 0x055C, 0x055C,  /* 0x3B58 */
  0x0544, 0x0544, 0x0544, 0x0544, 0x0544, 0x0544, 0x0544, 0x0544,  /* 0x3B60 */
  0x058C, 0x058C, 0x058C, 0x058C, 0x058C, 0x058C, 0x058C, 0x058C,  /* 0x3B68 */
  0x05A3, 0x05A3, 0x05A3, 0x05A3, 0x05A3, 0x05A3, 0x05A3, 0x05A3,  /* 0x3B70 */
  0x051D, 0x052F, 0x05A3, 0x05A3, 0x04F0, 0x03E1, 0x03E1, 0x03E1,  /* 0x3B78 */
  0x050B, 0x050B, 0x050B, 0x050B, 0x050B, 0x050B, 0x050B, 0x050B,  /* 0x3B80 */
  0x050B, 0x050B, 0x050B, 0x050B, 0x050B, 0x050B, 0x050B, 0x050B,  /* 0x3B88 */
  0x0577, 0x0577, 0x0577, 0x0577, 0x0577, 0x0577, 0x0577, 0x0577,  /* 0x3B90 */
  0x055F, 0x055F, 0x055F, 0x055F, 0x055F, 0x055F, 0x055F, 0x055F,  /* 0x3B98 */
  0x0547, 0x0547, 0x0547, 0x0547, 0x0547, 0x0547, 0x0547, 0x0547,  /* 0x3BA0 */
  0x058F, 0x058F, 0x058F, 0x058F, 0x058F, 0x058F, 0x058F, 0x058F,  /* 0x3BA8 */
  0x05A3, 0x05A3, 0x05A3, 0x05A3, 0x05A3, 0x05A3, 0x05A3, 0x05A3,  /* 0x3BB0 */
  0x05A3, 0x05A3, 0x05A3, 0x05A3, 0x04F3, 0x03E1, 0x03E1, 0x03E1,  /* 0x3BB8 */
  0x03E1, 0x03E1, 0x03E1, 0x03E1, 0x03E1, 0x03E1, 0x03E1, 0x03E1,  /* 0x3BC0 */
  0x03E1, 0x03E1, 0x03E1, 0x03E1, 0x03E1, 0x03E1, 0x03E1, 0x03E1,  /* 0x3BC8 */
  0x03E1, 0x03E1, 0x03E1, 0x03E1, 0x03E1, 0x03E1, 0x03E1, 0x03E1,  /* 0x3BD0 */
  0x03E1, 0x03E1, 0x03E1, 0x03E1, 0x03E1, 0x03E1, 0x03E1, 0x03E1,  /* 0x3BD8 */
  0x03E1, 0x03E1, 0x03E1, 0x03E1, 0x03E1, 0x03E1, 0x03E1, 0x03E1,  /* 0x3BE0 */
  0x03E1, 0x03E1, 0x03E1, 0x03E1, 0x03E1, 0x03E1, 0x03E1, 0x03E1,  /* 0x3BE8 */
  0x03E1, 0x03E1, 0x03E1, 0x03E1, 0x03E1, 0x03E1, 0x03E1, 0x03E1,  /* 0x3BF0 */
  0x03E1, 0x03E1, 0x03E1, 0x03E1, 0x03E1, 0x03E1, 0x03E1, 0x03E1,  /* 0x3BF8 */
  0x04F6, 0x04F6, 0x04F6, 0x04F6, 0x04F6, 0x04F6, 0x04F6, 0x04F6,  /* 0x3C00 */
  0x04F6, 0x04F6, 0x04F6, 0x04F6, 0x04F6, 0x04F6, 0x04F6, 0x04F6,  /* 0x3C08 */
  0x0562, 0x0562, 0x0562, 0x0562, 0x0562, 0x0562, 0x0562, 0x0562,  /* 0x3C10 */
  0x054A, 0x054A, 0x054A, 0x054A, 0x054A, 0x054A, 0x054A, 0x054A,  /* 0x3C18 */
  0x0532, 0x0532, 0x0532, 0x0532, 0x0532, 0x0532, 0x0532, 0x0532,  /* 0x3C20 */
  0x057A, 0x057A, 0x057A, 0x057A, 0x057A, 0x057A, 0x057A, 0x057A,  /* 0x3C28 */
  0x0592, 0x0592, 0x0592, 0x0592, 0x0592, 0x0592, 0x0592, 0x0592,  /* 0x3C30 */
  0x050E, 0x0520, 0x05A1, 0x05A1, 0x04DE, 0x03E1, 0x03E1, 0x03E1,  /* 0x3C38 */
  0x05AA, 0x05AA, 0x05AA, 0x05AA, 0x05AA, 0x05AA, 0x05AA, 0x05AA,  /* 0x3C40 */
  0x05AA, 0x05AA, 0x05AA, 0x05AA, 0x05AA, 0x05AA, 0x05AA, 0x05AA,  /* 0x3C48 */
  0x05AF, 0x05AF, 0x05AF, 0x05AF, 0x05AF, 0x05AF, 0x05AF, 0x05AF,  /* 0x3C50 */
  0x05AE, 0x05AE, 0x05AE, 0x05AE, 0x05AE, 0x05AE, 0x05AE, 0x05AE,  /* 0x3C58 */
  0x05AD, 0x05AD, 0x05AD, 0x05AD, 0x05AD, 0x05AD, 0x05AD, 0x05AD,  /* 0x3C60 */
  0x05B0, 0x05B0, 0x05B0, 0x05B0, 0x05B0, 0x05B0, 0x05B0, 0x05B0,  /* 0x3C68 */
  0x05BA, 0x05BA, 0x05BA, 0x05BA, 0x05BA, 0x05BA, 0x05BA, 0x05BA,  /* 0x3C70 */
  0x05AB, 0x05AC, 0x05BA, 0x05BA, 0x05A9, 0x03E1, 0x03E1, 0x03E1,  /* 0x3C78 */
  0x0505, 0x0505, 0x0505, 0x0505, 0x0505, 0x0505, 0x0505, 0x0505,  /* 0x3C80 */
  0x0505, 0x0505, 0x0505, 0x0505, 0x0505, 0x0505, 0x0505, 0x0505,  /* 0x3C88 */
  0x0571, 0x0571, 0x0571, 0x0571, 0x0571, 0x0571, 0x0571, 0x0571,  /* 0x3C90 */
  0x0559, 0x0559, 0x0559, 0x0559, 0x0559, 0x0559, 0x0559, 0x0559,  /* 0x3C98 */
  0x0541, 0x0541, 0x0541, 0x0541, 0x0541, 0x0541, 0x0541, 0x0541,  /* 0x3CA0 */
  0x0589, 0x0589, 0x0589, 0x0589, 0x0589, 0x0589, 0x0589, 0x0589,  /* 0x3CA8 */
  0x0595, 0x0595, 0x0595, 0x0595, 0x0595, 0x0595, 0x0595, 0x0595,  /* 0x3CB0 */
  0x051A, 0x052C, 0x05A3, 0x05A3, 0x04ED, 0x03E1, 0x03E1, 0x03E1,  /* 0x3CB8 */
  0x0502, 0x0502, 0x0502, 0x0502, 0x0502, 0x0502, 0x0502, 0x0502,  /* 0x3CC0 */
  0x0502, 0x0502, 0x0502, 0x0502, 0x0502, 0x0502, 0x0502, 0x0502,  /* 0x3CC8 */
  0x056E, 0x056E, 0x056E, 0x056E, 0x056E, 0x056E, 0x056E, 0x056E,  /* 0x3CD0 */
  0x0556, 0x0556, 0x0556, 0x0556, 0x0556, 0x0556, 0x0556, 0x0556,  /* 0x3CD8 */
  0x053E, 0x053E, 0x053E, 0x053E, 0x053E, 0x053E, 0x053E, 0x053E,  /* 0x3CE0 */
  0x0586, 0x0586, 0x0586, 0x0586, 0x0586, 0x0586, 0x0586, 0x0586,  /* 0x3CE8 */
  0x059B, 0x059B, 0x059B, 0x059B, 0x059B, 0x059B, 0x059B, 0x059B,  /* 0x3CF0 */
  0x05A3, 0x05A3, 0x05A3, 0x05A3, 0x04EA, 0x03E1, 0x03E1, 0x03E1,  /* 0x3CF8 */
  0x04FF, 0x04FF, 0x04FF, 0x04FF, 0x04FF, 0x04FF, 0x04FF, 0x04FF,  /* 0x3D00 */
  0x04FF, 0x04FF, 0x04FF, 0x04FF, 0x04FF, 0x04FF, 0x04FF, 0x04FF,  /* 0x3D08 */
  0x056B, 0x056B, 0x056B, 0x056B, 0x056B, 0x056B, 0x056B, 0x056B,  /* 0x3D10 */
  0x0553, 0x0553, 0x0553, 0x0553, 0x0553, 0x0553, 0x0553, 0x0553,  /* 0x3D18 */
  0x053B, 0x053B, 0x053B, 0x053B, 0x053B, 0x053B, 0x053B, 0x053B,  /* 0x3D20 */
  0x0583, 0x0583, 0x0583, 0x0583, 0x0583, 0x0583, 0x0583, 0x0583,  /* 0x3D28 */
  0x0598, 0x0598, 0x0598, 0x0598, 0x0598, 0x0598, 0x0598, 0x0598,  /* 0x3D30 */
  0x0517, 0x0529, 0x05A3, 0x05A3, 0x04E7, 0x03E1, 0x03E1, 0x03E1,  /* 0x3D38 */
  0x0508, 0x0508, 0x0508, 0x0508, 0x0508, 0x0508, 0x0508, 0x0508,  /* 0x3D40 */
  0x0508, 0x0508, 0x0508, 0x0508, 0x0508, 0x0508, 0x0508, 0x0508,  /* 0x3D48 */
  0x0574, 0x0574, 0x0574, 0x0574, 0x0574, 0x0574, 0x0574, 0x0574,  /* 0x3D50 */
  0x055C, 0x055C, 0x055C, 0x055C, 0x055C, 0x055C, 0x055C, 0x055C,  /* 0x3D58 */
  0x0544, 0x0544, 0x0544, 0x0544, 0x0544, 0x0544, 0x0544, 0x0544,  /* 0x3D60 */
  0x058C, 0x058C, 0x058C, 0x058C, 0x058C, 0x058C, 0x058C, 0x058C,  /* 0x3D68 */
  0x05A3, 0x05A3, 0x05A3, 0x05A3, 0x05A3, 0x05A3, 0x05A3, 0x05A3,  /* 0x3D70 */
  0x051D, 0x052F, 0x05A3, 0x05A3, 0x04F0, 0x03E1, 0x03E1, 0x03E1,  /* 0x3D78 */
  0x050B, 0x050B, 0x050B, 0x050B, 0x050B, 0x050B, 0x050B, 0x050B,  /* 0x3D80 */
  0x050B, 0x050B, 0x050B, 0x050B, 0x050B, 0x050B, 0x050B, 0x050B,  /* 0x3D88 */
  0x0577, 0x0577, 0x0577, 0x0577, 0x0577, 0x0577, 0x0577, 0x0577,  /* 0x3D90 */
  0x055F, 0x055F, 0x055F, 0x055F, 0x055F, 0x055F, 0x055F, 0x055F,  /* 0x3D98 */
  0x0547, 0x0547, 0x0547, 0x0547, 0x0547, 0x0547, 0x0547, 0x0547,  /* 0x3DA0 */
  0x058F, 0x058F, 0x058F, 0x058F, 0x058F, 0x058F, 0x058F, 0x058F,  /* 0x3DA8 */
  0x05A3, 0x05A3, 0x05A3, 0x05A3, 0x05A3, 0x05A3, 0x05A3, 0x05A3,  /* 0x3DB0 */
  0x05A3, 0x05A3, 0x05A3, 0x05A3, 0x04F3, 0x03E1, 0x03E1, 0x03E1,  /* 0x3DB8 */
  0x03E1, 0x03E1, 0x03E1, 0x03E1, 0x03E1, 0x03E1, 0x03E1, 0x03E1,  /* 0x3DC0 */
  0x03E1, 0x03E1, 0x03E1, 0x03E1, 0x03E1, 0x03E1, 0x03E1, 0x03E1,  /* 0x3DC8 */
  0x03E1, 0x03E1, 0x03E1, 0x03E1, 0x03E1, 0x03E1, 0x03E1, 0x03E1,  /* 0x3DD0 */
  0x03E1, 0x03E1, 0x03E1, 0x03E1, 0x03E1, 0x03E1, 0x03E1, 0x03E1,  /* 0x3DD8 */
  0x03E1, 0x03E1, 0x03E1, 0x03E1, 0x03E1, 0x03E1, 0x03E1, 0x03E1,  /* 0x3DE0 */
  0x03E1, 0x03E1, 0x03E1, 0x03E1, 0x03E1, 0x03E1, 0x03E1, 0x03E1,  /* 0x3DE8 */
  0x03E1, 0x03E1, 0x03E1, 0x03E1, 0x03E1, 0x03E1, 0x03E1, 0x03E1,  /* 0x3DF0 */
  0x03E1, 0x03E1, 0x03E1, 0x03E1, 0x03E1, 0x03E1, 0x03E1, 0x03E1,  /* 0x3DF8 */
  0x04F6, 0x04F6, 0x04F6, 0x04F6, 0x04F6, 0x04F6, 0x04F6, 0x04F6,  /* 0x3E00 */
  0x04F6, 0x04F6, 0x04F6, 0x04F6, 0x04F6, 0x04F6, 0x04F6, 0x04F6,  /* 0x3E08 */
  0x0562, 0x0562, 0x0562, 0x0562, 0x0562, 0x0562, 0x0562, 0x0562,  /* 0x3E10 */
  0x054A, 0x054A, 0x054A, 0x054A, 0x054A, 0x054A, 0x054A, 0x054A,  /* 0x3E18 */
  0x0532, 0x0532, 0x0532, 0x0532, 0x0532, 0x0532, 0x0532, 0x0532,  /* 0x3E20 */
  0x057A, 0x057A, 0x057A, 0x057A, 0x057A, 0x057A, 0x057A, 0x057A,  /* 0x3E28 */
  0x0592, 0x0592, 0x0592, 0x0592, 0x0592, 0x0592, 0x0592, 0x0592,  /* 0x3E30 */
  0x050E, 0x0520, 0x05A1, 0x05A1, 0x04DE, 0x03E1, 0x03E1, 0x03E1,  /* 0x3E38 */
  0x05AA, 0x05AA, 0x05AA, 0x05AA, 0x05AA, 0x05AA, 0x05AA, 0x05AA,  /* 0x3E40 */
  0x05AA, 0x05AA, 0x05AA, 0x05AA, 0x05AA, 0x05AA, 0x05AA, 0x05AA,  /* 0x3E48 */
  0x05AF, 0x05AF, 0x05AF, 0x05AF, 0x05AF, 0x05AF, 0x05AF, 0x05AF,  /* 0x3E50 */
  0x05AE, 0x05AE, 0x05AE, 0x05AE, 0x05AE, 0x05AE, 0x05AE, 0x05AE,  /* 0x3E58 */
  0x05AD, 0x05AD, 0x05AD, 0x05AD, 0x05AD, 0x05AD, 0x05AD, 0x05AD,  /* 0x3E60 */
  0x05B0, 0x05B0, 0x05B0, 0x05B0, 0x05B0, 0x05B0, 0x05B0, 0x05B0,  /* 0x3E68 */
  0x05BA, 0x05BA, 0x05BA, 0x05BA, 0x05BA, 0x05BA, 0x05BA, 0x05BA,  /* 0x3E70 */
  0x05AB, 0x05AC, 0x05BA, 0x05BA, 0x05A9, 0x03E1, 0x03E1, 0x03E1,  /* 0x3E78 */
  0x0505, 0x0505, 0x0505, 0x0505, 0x0505, 0x0505, 0x0505, 0x0505,  /* 0x3E80 */
  0x0505, 0x0505, 0x0505, 0x0505, 0x0505, 0x0505, 0x0505, 0x0505,  /* 0x3E88 */
  0x0571, 0x0571, 0x0571, 0x0571, 0x0571, 0x0571, 0x0571, 0x0571,  /* 0x3E90 */
  0x0559, 0x0559, 0x0559, 0x0559, 0x0559, 0x0559, 0x0559, 0x0559,  /* 0x3E98 */
  0x0541, 0x0541, 0x0541, 0x0541, 0x0541, 0x0541, 0x0541, 0x0541,  /* 0x3EA0 */
  0x0589, 0x0589, 0x0589, 0x0589, 0x0589, 0x0589, 0x0589, 0x0589,  /* 0x3EA8 */
  0x0595, 0x0595, 0x0595, 0x0595, 0x0595, 0x0595, 0x0595, 0x0595,  /* 0x3EB0 */
  0x051A, 0x052C, 0x05A3, 0x05A3, 0x04ED, 0x03E1, 0x03E1, 0x03E1,  /* 0x3EB8 */
  0x0502, 0x0502, 0x0502, 0x0502, 0x0502, 0x0502, 0x0502, 0x0502,  /* 0x3EC0 */
  0x0502, 0x0502, 0x0502, 0x0502, 0x0502, 0x0502, 0x0502, 0x0502,  /* 0x3EC8 */
  0x056E, 0x056E, 0x056E, 0x056E, 0x056E, 0x056E, 0x056E, 0x056E,  /* 0x3ED0 */
  0x0556, 0x0556, 0x0556, 0x0556, 0x0556, 0x0556, 0x0556, 0x0556,  /* 0x3ED8 */
  0x053E, 0x053E, 0x053E, 0x053E, 0x053E, 0x053E, 0x053E, 0x053E,  /* 0x3EE0 */
  0x0586, 0x0586, 0x0586, 0x0586, 0x0586, 0x0586, 0x0586, 0x0586,  /* 0x3EE8 */
  0x059B, 0x059B, 0x059B, 0x059B, 0x059B, 0x059B, 0x059B, 0x059B,  /* 0x3EF0 */
  0x05A3, 0x05A3, 0x05A3, 0x05A3, 0x04EA, 0x03E1, 0x03E1, 0x03E1,  /* 0x3EF8 */
  0x04FF, 0x04FF, 0x04FF, 0x04FF, 0x04FF, 0x04FF, 0x04FF, 0x04FF,  /* 0x3F00 */
  0x04FF, 0x04FF, 0x04FF, 0x04FF, 0x04FF, 0x04FF, 0x04FF, 0x04FF,  /* 0x3F08 */
  0x056B, 0x056B, 0x056B, 0x056B, 0x056B, 0x056B, 0x056B, 0x056B,  /* 0x3F10 */
  0x0553, 0x0553, 0x0553, 0x0553, 0x0553, 0x0553, 0x0553, 0x0553,  /* 0x3F18 */
  0x053B, 0x053B, 0x053B, 0x053B, 0x053B, 0x053B, 0x053B, 0x053B,  /* 0x3F20 */
  0x0583, 0x0583, 0x0583, 0x0583, 0x0583, 0x0583, 0x0583, 0x0583,  /* 0x3F28 */
  0x0598, 0x0598, 0x0598, 0x0598, 0x0598, 0x0598, 0x0598, 0x0598,  /* 0x3F30 */
  0x0517, 0x0529, 0x05A3, 0x05A3, 0x04E7, 0x03E1, 0x03E1, 0x03E1,  /* 0x3F38 */
  0x0508, 0x0508, 0x0508, 0x0508, 0x0508, 0x0508, 0x0508, 0x0508,  /* 0x3F40 */
  0x0508, 0x0508, 0x0508, 0x0508, 0x0508, 0x0508, 0x0508, 0x0508,  /* 0x3F48 */
  0x0574, 0x0574, 0x0574, 0x0574, 0x0574, 0x0574, 0x0574, 0x0574,  /* 0x3F50 */
  0x055C, 0x055C, 0x055C, 0x055C, 0x055C, 0x055C, 0x055C, 0x055C,  /* 0x3F58 */
  0x0544, 0x0544, 0x0544, 0x0544, 0x0544, 0x0544, 0x0544, 0x0544,  /* 0x3F60 */
  0x058C, 0x058C, 0x058C, 0x058C, 0x058C, 0x058C, 0x058C, 0x058C,  /* 0x3F68 */
  0x05A3, 0x05A3, 0x05A3, 0x05A3, 0x05A3, 0x05A3, 0x05A3, 0x05A3,  /* 0x3F70 */
  0x051D, 0x052F, 0x05A3, 0x05A3, 0x04F0, 0x03E1, 0x03E1, 0x03E1,  /* 0x3F78 */
  0x050B, 0x050B, 0x050B, 0x050B, 0x050B, 0x050B, 0x050B, 0x050B,  /* 0x3F80 */
  0x050B, 0x050B, 0x050B, 0x050B, 0x050B, 0x050B, 0x050B, 0x050B,  /* 0x3F88 */
  0x0577, 0x0577, 0x0577, 0x0577, 0x0577, 0x0577, 0x0577, 0x0577,  /* 0x3F90 */
  0x055F, 0x055F, 0x055F, 0x055F, 0x055F, 0x055F, 0x055F, 0x055F,  /* 0x3F98 */
  0x0547, 0x0547, 0x0547, 0x0547, 0x0547, 0x0547, 0x0547, 0x0547,  /* 0x3FA0 */
  0x058F, 0x058F, 0x058F, 0x058F, 0x058F, 0x058F, 0x058F, 0x058F,  /* 0x3FA8 */
  0x05A3, 0x05A3, 0x05A3, 0x05A3, 0x05A3, 0x05A3, 0x05A3, 0x05A3,  /* 0x3FB0 */
  0x05A3, 0x05A3, 0x05A3, 0x05A3, 0x04F3, 0x03E1, 0x03E1, 0x03E1,  /* 0x3FB8 */
  0x03E1, 0x03E1, 0x03E1, 0x03E1, 0x03E1, 0x03E1, 0x03E1, 0x03E1,  /* 0x3FC0 */
  0x03E1, 0x03E1, 0x03E1, 0x03E1, 0x03E1, 0x03E1, 0x03E1, 0x03E1,  /* 0x3FC8 */
  0x03E1, 0x03E1, 0x03E1, 0x03E1, 0x03E1, 0x03E1, 0x03E1, 0x03E1,  /* 0x3FD0 */
  0x03E1, 0x03E1, 0x03E1, 0x03E1, 0x03E1, 0x03E1, 0x03E1, 0x03E1,  /* 0x3FD8 */
  0x03E1, 0x03E1, 0x03E1, 0x03E1, 0x03E1, 0x03E1, 0x03E1, 0x03E1,  /* 0x3FE0 */
  0x03E1, 0x03E1, 0x03E1, 0x03E1, 0x03E1, 0x03E1, 0x03E1, 0x03E1,  /* 0x3FE8 */
  0x03E1, 0x03E1, 0x03E1, 0x03E1, 0x03E1, 0x03E1, 0x03E1, 0x03E1,  /* 0x3FF0 */
  0x03E1, 0x03E1, 0x03E1, 0x03E1, 0x03E1, 0x03E1, 0x03E1, 0x03E1,  /* 0x3FF8 */
  0x0616, 0x0616, 0x0616, 0x0616, 0x0616, 0x0616, 0x0616, 0x0616,  /* 0x4000 */
  0x03E1, 0x03E1, 0x03E1, 0x03E1, 0x03E1, 0x03E1, 0x03E1, 0x03E1,  /* 0x4008 */
  0x0618, 0x0618, 0x0618, 0x0618, 0x0618, 0x0618, 0x0618, 0x0618,  /* 0x4010 */
  0x0618, 0x0618, 0x0618, 0x0618, 0x0618, 0x0618, 0x0618, 0x0618,  /* 0x4018 */
  0x0618, 0x0618, 0x0618, 0x0618, 0x0618, 0x0618, 0x0618, 0x0618,  /* 0x4020 */
  0x0618, 0x0618, 0x0618, 0x0618, 0x0618, 0x0618, 0x0618, 0x0618,  /* 0x4028 */
  0x0618, 0x0618, 0x0618, 0x0618, 0x0618, 0x0618, 0x0618, 0x0618,  /* 0x4030 */
  0x0618, 0x0618, 0x03E1, 0x03E1, 0x03E1, 0x03E1, 0x03E1, 0x03E1,  /* 0x4038 */
  0x061A, 0x061A, 0x061A, 0x061A, 0x061A, 0x061A, 0x061A, 0x061A,  /* 0x4040 */
  0x03E1, 0x03E1, 0x03E1, 0x03E1, 0x03E1, 0x03E1, 0x03E1, 0x03E1,  /* 0x4048 */
  0x061C, 0x061C, 0x061C, 0x061C, 0x061C, 0x061C, 0x061C, 0x061C,  /* 0x4050 */
  0x061C, 0x061C, 0x061C, 0x061C, 0x061C, 0x061C, 0x061C, 0x061C,  /* 0x4058 */
  0x061C, 0x061C, 0x061C, 0x061C, 0x061C, 0x061C, 0x061C, 0x061C,  /* 0x4060 */
  0x061C, 0x061C, 0x061C, 0x061C, 0x061C, 0x061C, 0x061C, 0x061C,  /* 0x4068 */
  0x061C, 0x061C, 0x061C, 0x061C, 0x061C, 0x061C, 0x061C, 0x061C,  /* 0x4070 */
  0x061C, 0x061C, 0x03E1, 0x03E1, 0x03E1, 0x03E1, 0x03E1, 0x03E1,  /* 0x4078 */
  0x061E, 0x061E, 0x061E, 0x061E, 0x061E, 0x061E, 0x061E, 0x061E,  /* 0x4080 */
  0x03E1, 0x03E1, 0x03E1, 0x03E1, 0x03E1, 0x03E1, 0x03E1, 0x03E1,  /* 0x4088 */
  0x0620, 0x0620, 0x0620, 0x0620, 0x0620, 0x0620, 0x0620, 0x0620,  /* 0x4090 */
  0x0620, 0x0620, 0x0620, 0x0620, 0x0620, 0x0620, 0x0620, 0x0620,  /* 0x4098 */
  0x0620, 0x0620, 0x0620, 0x0620, 0x0620, 0x0620, 0x0620, 0x0620,  /* 0x40A0 */
  0x0620, 0x0620, 0x0620, 0x0620, 0x0620, 0x0620, 0x0620, 0x0620,  /* 0x40A8 */
  0x0620, 0x0620, 0x0620, 0x0620, 0x0620, 0x0620, 0x0620, 0x0620,  /* 0x40B0 */
  0x0620, 0x0620, 0x03E1, 0x03E1, 0x03E1, 0x03E1, 0x03E1, 0x03E1,  /* 0x40B8 */
  0x03D8, 0x03D8, 0x03D8, 0x03D8, 0x03D8, 0x03D8, 0x03D8, 0x03D8,  /* 0x40C0 */
  0x03E1, 0x03E1, 0x03E1, 0x03E1, 0x03E1, 0x03E1, 0x03E1, 0x03E1,  /* 0x40C8 */
  0x03D9, 0x03D9, 0x03D9, 0x03D9, 0x03D9, 0x03D9, 0x03D9, 0x03D9,  /* 0x40D0 */
  0x03D9, 0x03D9, 0x03D9, 0x03D9, 0x03D9, 0x03D9, 0x03D9, 0x03D9,  /* 0x40D8 */
  0x03D9, 0x03D9, 0x03D9, 0x03D9, 0x03D9, 0x03D9, 0x03D9, 0x03D9,  /* 0x40E0 */
  0x03D9, 0x03D9, 0x03D9, 0x03D9, 0x03D9, 0x03D9, 0x03D9, 0x03D9,  /* 0x40E8 */
  0x03D9, 0x03D9, 0x03D9, 0x03D9, 0x03D9, 0x03D9, 0x03D9, 0x03D9,  /* 0x40F0 */
  0x03D9, 0x03D9, 0x03E1, 0x03E1, 0x03E1, 0x03E1, 0x03E1, 0x03E1,  /* 0x40F8 */
  0x0476, 0x0476, 0x0476, 0x0476, 0x0476, 0x0476, 0x0476, 0x0476,  /* 0x4100 */
  0x03E1, 0x03E1, 0x03E1, 0x03E1, 0x03E1, 0x03E1, 0x03E1, 0x03E1,  /* 0x4108 */
  0x0478, 0x0478, 0x0478, 0x0478, 0x0478, 0x0478, 0x0478, 0x0478,  /* 0x4110 */
  0x0478, 0x0478, 0x0478, 0x0478, 0x0478, 0x0478, 0x0478, 0x0478,  /* 0x4118 */
  0x0478, 0x0478, 0x0478, 0x0478, 0x0478, 0x0478, 0x0478, 0x0478,  /* 0x4120 */
  0x0478, 0x0478, 0x0478, 0x0478, 0x0478, 0x0478, 0x0478, 0x0478,  /* 0x4128 */
  0x0478, 0x0478, 0x0478, 0x0478, 0x0478, 0x0478, 0x0478, 0x0478,  /* 0x4130 */
  0x0478, 0x0478, 0x0478, 0x0478, 0x0477, 0x03E1, 0x03E1, 0x03E1,  /* 0x4138 */
  0x03E1, 0x03E1, 0x03E1, 0x03E1, 0x03E1, 0x03E1, 0x03E1, 0x03E1,  /* 0x4140 */
  0x03E1, 0x03E1, 0x03E1, 0x03E1, 0x03E1, 0x03E1, 0x03E1, 0x03E1,  /* 0x4148 */
  0x03E1, 0x03E1, 0x03E1, 0x03E1, 0x03E1, 0x03E1, 0x03E1, 0x03E1,  /* 0x4150 */
  0x03E1, 0x03E1, 0x03E1, 0x03E1, 0x03E1, 0x03E1, 0x03E1, 0x03E1,  /* 0x4158 */
  0x03E1, 0x03E1, 0x03E1, 0x03E1, 0x03E1, 0x03E1, 0x03E1, 0x03E1,  /* 0x4160 */
  0x03E1, 0x03E1, 0x03E1, 0x03E1, 0x03E1, 0x03E1, 0x03E1, 0x03E1,  /* 0x4168 */
  0x03E1, 0x03E1, 0x03E1, 0x03E1, 0x03E1, 0x03E1, 0x03E1, 0x03E1,  /* 0x4170 */
  0x03E1, 0x03E1, 0x03E1, 0x03E1, 0x03E1, 0x03E1, 0x03E1, 0x03E1,  /* 0x4178 */
  0x0473, 0x0473, 0x0473, 0x0473, 0x0473, 0x0473, 0x0473, 0x0473,  /* 0x4180 */
  0x03E1, 0x03E1, 0x03E1, 0x03E1, 0x03E1, 0x03E1, 0x03E1, 0x03E1,  /* 0x4188 */
  0x0475, 0x0475, 0x0475, 0x0475, 0x0475, 0x0475, 0x0475, 0x0475,  /* 0x4190 */
  0x0475, 0x0475, 0x0475, 0x0475, 0x0475, 0x0475, 0x0475, 0x0475,  /* 0x4198 */
  0x0475, 0x0475, 0x0475, 0x0475, 0x0475, 0x0475, 0x0475, 0x0475,  /* 0x41A0 */
  0x0475, 0x0475, 0x0475, 0x0475, 0x0475, 0x0475, 0x0475, 0x0475,  /* 0x41A8 */
  0x0475, 0x0475, 0x0475, 0x0475, 0x0475, 0x0475, 0x0475, 0x0475,  /* 0x41B0 */
  0x0475, 0x0475, 0x0475, 0x0475, 0x0474, 0x03E1, 0x03E1, 0x03E1,  /* 0x41B8 */
  0x03E1, 0x03E1, 0x03E1, 0x03E1, 0x03E1, 0x03E1, 0x03E1, 0x03E1,  /* 0x41C0 */
  0x03E1, 0x03E1, 0x03E1, 0x03E1, 0x03E1, 0x03E1, 0x03E1, 0x03E1,  /* 0x41C8 */
  0x04D3, 0x04D3, 0x04D3, 0x04D3, 0x04D3, 0x04D3, 0x04D3, 0x04D3,  /* 0x41D0 */
  0x03E1, 0x03E1, 0x03E1, 0x03E1, 0x03E1, 0x03E1, 0x03E1, 0x03E1,  /* 0x41D8 */
  0x03E1, 0x03E1, 0x03E1, 0x03E1, 0x03E1, 0x03E1, 0x03E1, 0x03E1,  /* 0x41E0 */
  0x04D2, 0x04D2, 0x04D2, 0x04D2, 0x04D2, 0x04D2, 0x04D2, 0x04D2,  /* 0x41E8 */
  0x04D4, 0x04D4, 0x04D4, 0x04D4, 0x04D4, 0x04D4, 0x04D4, 0x04D4,  /* 0x41F0 */
  0x04D0, 0x04D1, 0x04D5, 0x04D5, 0x03E1, 0x03E1, 0x03E1, 0x03E1,  /* 0x41F8 */
  0x047C, 0x047C, 0x047C, 0x047C, 0x047C, 0x047C, 0x047C, 0x047C,  /* 0x4200 */
  0x03E1, 0x03E1, 0x03E1, 0x03E1, 0x03E1, 0x03E1, 0x03E1, 0x03E1,  /* 0x4208 */
  0x0488, 0x0488, 0x0488, 0x0488, 0x0488, 0x0488, 0x0488, 0x0488,  /* 0x4210 */
  0x0485, 0x0485, 0x0485, 0x0485, 0x0485, 0x0485, 0x0485, 0x0485,  /* 0x4218 */
  0x0482, 0x0482, 0x0482, 0x0482, 0x0482, 0x0482, 0x0482, 0x0482,  /* 0x4220 */
  0x048B, 0x048B, 0x048B, 0x048B, 0x048B, 0x048B, 0x048B, 0x048B,  /* 0x4228 */
  0x048E, 0x048E, 0x048E, 0x048E, 0x048E, 0x048E, 0x048E, 0x048E,  /* 0x4230 */
  0x047F, 0x0491, 0x03E1, 0x03E1, 0x03E1, 0x03E1, 0x03E1, 0x03E1,  /* 0x4238 */
  0x047D, 0x047D, 0x047D, 0x047D, 0x047D, 0x047D, 0x047D, 0x047D,  /* 0x4240 */
  0x03E1, 0x03E1, 0x03E1, 0x03E1, 0x03E1, 0x03E1, 0x03E1, 0x03E1,  /* 0x4248 */
  0x0489, 0x0489, 0x0489, 0x0489, 0x0489, 0x0489, 0x0489, 0x0489,  /* 0x4250 */
  0x0486, 0x0486, 0x0486, 0x0486, 0x0486, 0x0486, 0x0486, 0x0486,  /* 0x4258 */
  0x0483, 0x0483, 0x0483, 0x0483, 0x0483, 0x0483, 0x0483, 0x0483,  /* 0x4260 */
  0x048C, 0x048C, 0x048C, 0x048C, 0x048C, 0x048C, 0x048C, 0x048C,  /* 0x4268 */
  0x048F, 0x048F, 0x048F, 0x048F, 0x048F, 0x048F, 0x048F, 0x048F,  /* 0x4270 */
  0x0480, 0x0493, 0x03E1, 0x03E1, 0x03E1, 0x03E1, 0x03E1, 0x03E1,  /* 0x4278 */
  0x047E, 0x047E, 0x047E, 0x047E, 0x047E, 0x047E, 0x047E, 0x047E,  /* 0x4280 */
  0x03E1, 0x03E1, 0x03E1, 0x03E1, 0x03E1, 0x03E1, 0x03E1, 0x03E1,  /* 0x4288 */
  0x048A, 0x048A, 0x048A, 0x048A, 0x048A, 0x048A, 0x048A, 0x048A,  /* 0x4290 */
  0x0487, 0x0487, 0x0487, 0x0487, 0x0487, 0x0487, 0x0487, 0x0487,  /* 0x4298 */
  0x0484, 0x0484, 0x0484, 0x0484, 0x0484, 0x0484, 0x0484, 0x0484,  /* 0x42A0 */
  0x048D, 0x048D, 0x048D, 0x048D, 0x048D, 0x048D, 0x048D, 0x048D,  /* 0x42A8 */
  0x0490, 0x0490, 0x0490, 0x0490, 0x0490, 0x0490, 0x0490, 0x0490,  /* 0x42B0 */
  0x0481, 0x0495, 0x03E1, 0x03E1, 0x03E1, 0x03E1, 0x03E1, 0x03E1,  /* 0x42B8 */
  0x03D3, 0x03D3, 0x03D3, 0x03D3, 0x03D3, 0x03D3, 0x03D3, 0x03D3,  /* 0x42C0 */
  0x03E1, 0x03E1, 0x03E1, 0x03E1, 0x03E1, 0x03E1, 0x03E1, 0x03E1,  /* 0x42C8 */
  0x03D4, 0x03D4, 0x03D4, 0x03D4, 0x03D4, 0x03D4, 0x03D4, 0x03D4,  /* 0x42D0 */
  0x03D4, 0x03D4, 0x03D4, 0x03D4, 0x03D4, 0x03D4, 0x03D4, 0x03D4,  /* 0x42D8 */
  0x03D4, 0x03D4, 0x03D4, 0x03D4, 0x03D4, 0x03D4, 0x03D4, 0x03D4,  /* 0x42E0 */
  0x03D4, 0x03D4, 0x03D4, 0x03D4, 0x03D4, 0x03D4, 0x03D4, 0x03D4,  /* 0x42E8 */
  0x03D4, 0x03D4, 0x03D4, 0x03D4, 0x03D4, 0x03D4, 0x03D4, 0x03D4,  /* 0x42F0 */
  0x03D4, 0x03D4, 0x03E1, 0x03E1, 0x03E1, 0x03E1, 0x03E1, 0x03E1,  /* 0x42F8 */
  0x0476, 0x0476, 0x0476, 0x0476, 0x0476, 0x0476, 0x0476, 0x0476,  /* 0x4300 */
  0x03E1, 0x03E1, 0x03E1, 0x03E1, 0x03E1, 0x03E1, 0x03E1, 0x03E1,  /* 0x4308 */
  0x0478, 0x0478, 0x0478, 0x0478, 0x0478, 0x0478, 0x0478, 0x0478,  /* 0x4310 */
  0x0478, 0x0478, 0x0478, 0x0478, 0x0478, 0x0478, 0x0478, 0x0478,  /* 0x4318 */
  0x0478, 0x0478, 0x0478, 0x0478, 0x0478, 0x0478, 0x0478, 0x0478,  /* 0x4320 */
  0x0478, 0x0478, 0x0478, 0x0478, 0x0478, 0x0478, 0x0478, 0x0478,  /* 0x4328 */
  0x0478, 0x0478, 0x0478, 0x0478, 0x0478, 0x0478, 0x0478, 0x0478,  /* 0x4330 */
  0x0478, 0x0478, 0x0478, 0x0478, 0x0477, 0x03E1, 0x03E1, 0x03E1,  /* 0x4338 */
  0x03E1, 0x03E1, 0x03E1, 0x03E1, 0x03E1, 0x03E1, 0x03E1, 0x03E1,  /* 0x4340 */
  0x03E1, 0x03E1, 0x03E1, 0x03E1, 0x03E1, 0x03E1, 0x03E1, 0x03E1,  /* 0x4348 */
  0x03E1, 0x03E1, 0x03E1, 0x03E1, 0x03E1, 0x03E1, 0x03E1, 0x03E1,  /* 0x4350 */
  0x03E1, 0x03E1, 0x03E1, 0x03E1, 0x03E1, 0x03E1, 0x03E1, 0x03E1,  /* 0x4358 */
  0x03E1, 0x03E1, 0x03E1, 0x03E1, 0x03E1, 0x03E1, 0x03E1, 0x03E1,  /* 0x4360 */
  0x03E1, 0x03E1, 0x03E1, 0x03E1, 0x03E1, 0x03E1, 0x03E1, 0x03E1,  /* 0x4368 */
  0x03E1, 0x03E1, 0x03E1, 0x03E1, 0x03E1, 0x03E1, 0x03E1, 0x03E1,  /* 0x4370 */
  0x03E1, 0x03E1, 0x03E1, 0x03E1, 0x03E1, 0x03E1, 0x03E1, 0x03E1,  /* 0x4378 */
  0x0473, 0x0473, 0x0473, 0x0473, 0x0473, 0x0473, 0x0473, 0x0473,  /* 0x4380 */
  0x03E1, 0x03E1, 0x03E1, 0x03E1, 0x03E1, 0x03E1, 0x03E1, 0x03E1,  /* 0x4388 */
  0x0475, 0x0475, 0x0475, 0x0475, 0x0475, 0x0475, 0x0475, 0x0475,  /* 0x4390 */
  0x0475, 0x0475, 0x0475, 0x0475, 0x0475, 0x0475, 0x0475, 0x0475,  /* 0x4398 */
  0x0475, 0x0475, 0x0475, 0x0475, 0x0475, 0x0475, 0x0475, 0x0475,  /* 0x43A0 */
  0x0475, 0x0475, 0x0475, 0x0475, 0x0475, 0x0475, 0x0475, 0x0475,  /* 0x43A8 */
  0x0475, 0x0475, 0x0475, 0x0475, 0x0475, 0x0475, 0x0475, 0x0475,  /* 0x43B0 */
  0x0475, 0x0475, 0x0475, 0x0475, 0x0474, 0x03E1, 0x03E1, 0x03E1,  /* 0x43B8 */
  0x03E1, 0x03E1, 0x03E1, 0x03E1, 0x03E1, 0x03E1, 0x03E1, 0x03E1,  /* 0x43C0 */
  0x03E1, 0x03E1, 0x03E1, 0x03E1, 0x03E1, 0x03E1, 0x03E1, 0x03E1,  /* 0x43C8 */
  0x04D3, 0x04D3, 0x04D3, 0x04D3, 0x04D3, 0x04D3, 0x04D3, 0x04D3,  /* 0x43D0 */
  0x03E1, 0x03E1, 0x03E1, 0x03E1, 0x03E1, 0x03E1, 0x03E1, 0x03E1,  /* 0x43D8 */
  0x03E1, 0x03E1, 0x03E1, 0x03E1, 0x03E1, 0x03E1, 0x03E1, 0x03E1,  /* 0x43E0 */
  0x04D2, 0x04D2, 0x04D2, 0x04D2, 0x04D2, 0x04D2, 0x04D2, 0x04D2,  /* 0x43E8 */
  0x04D4, 0x04D4, 0x04D4, 0x04D4, 0x04D4, 0x04D4, 0x04D4, 0x04D4,  /* 0x43F0 */
  0x04D0, 0x04D1, 0x04D5, 0x04D5, 0x03E1, 0x03E1, 0x03E1, 0x03E1,  /* 0x43F8 */
  0x05F2, 0x05F2, 0x05F2, 0x05F2, 0x05F2, 0x05F2, 0x05F2, 0x05F2,  /* 0x4400 */
  0x03E1, 0x03E1, 0x03E1, 0x03E1, 0x03E1, 0x03E1, 0x03E1, 0x03E1,  /* 0x4408 */
  0x05F4, 0x05F4, 0x05F4, 0x05F4, 0x05F4, 0x05F4, 0x05F4, 0x05F4,  /* 0x4410 */
  0x05F8, 0x05F8, 0x05F8, 0x05F8, 0x05F8, 0x05F8, 0x05F8, 0x05F8,  /* 0x4418 */
  0x05F6, 0x05F6, 0x05F6, 0x05F6, 0x05F6, 0x05F6, 0x05F6, 0x05F6,  /* 0x4420 */
  0x05FA, 0x05FA, 0x05FA, 0x05FA, 0x05FA, 0x05FA, 0x05FA, 0x05FA,  /* 0x4428 */
  0x0610, 0x0610, 0x0610, 0x0610, 0x0610, 0x0610, 0x0610, 0x0610,  /* 0x4430 */
  0x0610, 0x0610, 0x03E1, 0x03E1, 0x03E1, 0x03E1, 0x03E1, 0x03E1,  /* 0x4438 */
  0x05FC, 0x05FC, 0x05FC, 0x05FC, 0x05FC, 0x05FC, 0x05FC, 0x05FC,  /* 0x4440 */
  0x03E1, 0x03E1, 0x03E1, 0x03E1, 0x03E1, 0x03E1, 0x03E1, 0x03E1,  /* 0x4448 */
  0x05FE, 0x05FE, 0x05FE, 0x05FE, 0x05FE, 0x05FE, 0x05FE, 0x05FE,  /* 0x4450 */
  0x0602, 0x0602, 0x0602, 0x0602, 0x0602, 0x0602, 0x0602, 0x0602,  /* 0x4458 */
  0x0600, 0x0600, 0x0600, 0x0600, 0x0600, 0x0600, 0x0600, 0x0600,  /* 0x4460 */
  0x0604, 0x0604, 0x0604, 0x0604, 0x0604, 0x0604, 0x0604, 0x0604,  /* 0x4468 */
  0x0612, 0x0612, 0x0612, 0x0612, 0x0612, 0x0612, 0x0612, 0x0612,  /* 0x4470 */
  0x0612, 0x0612, 0x03E1, 0x03E1, 0x03E1, 0x03E1, 0x03E1, 0x03E1,  /* 0x4478 */
  0x0606, 0x0606, 0x0606, 0x0606, 0x0606, 0x0606, 0x0606, 0x0606,  /* 0x4480 */
  0x03E1, 0x03E1, 0x03E1, 0x03E1, 0x03E1, 0x03E1, 0x03E1, 0x03E1,  /* 0x4488 */
  0x0608, 0x0608, 0x0608, 0x0608, 0x0608, 0x0608, 0x0608, 0x0608,  /* 0x4490 */
  0x060C, 0x060C, 0x060C, 0x060C, 0x060C, 0x060C, 0x060C, 0x060C,  /* 0x4498 */
  0x060A, 0x060A, 0x060A, 0x060A, 0x060A, 0x060A, 0x060A, 0x060A,  /* 0x44A0 */
  0x060E, 0x060E, 0x060E, 0x060E, 0x060E, 0x060E, 0x060E, 0x060E,  /* 0x44A8 */
  0x0614, 0x0614, 0x0614, 0x0614, 0x0614, 0x0614, 0x0614, 0x0614,  /* 0x44B0 */
  0x0614, 0x0614, 0x03E1, 0x03E1, 0x03E1, 0x03E1, 0x03E1, 0x03E1,  /* 0x44B8 */
  0x03D5, 0x03D5, 0x03D5, 0x03D5, 0x03D5, 0x03D5, 0x03D5, 0x03D5,  /* 0x44C0 */
  0x03E1, 0x03E1, 0x03E1, 0x03E1, 0x03E1, 0x03E1, 0x03E1, 0x03E1,  /* 0x44C8 */
  0x03D7, 0x03D7, 0x03D7, 0x03D7, 0x03D7, 0x03D7, 0x03D7, 0x03D7,  /* 0x44D0 */
  0x03D7, 0x03D7, 0x03D7, 0x03D7, 0x03D7, 0x03D7, 0x03D7, 0x03D7,  /* 0x44D8 */
  0x03D7, 0x03D7, 0x03D7, 0x03D7, 0x03D7, 0x03D7, 0x03D7, 0x03D7,  /* 0x44E0 */
  0x03D7, 0x03D7, 0x03D7, 0x03D7, 0x03D7, 0x03D7, 0x03D7, 0x03D7,  /* 0x44E8 */
  0x03D7, 0x03D7, 0x03D7, 0x03D7, 0x03D7, 0x03D7, 0x03D7, 0x03D7,  /* 0x44F0 */
  0x03D7, 0x03D7, 0x03D7, 0x03D7, 0x03D6, 0x03E1, 0x03E1, 0x03E1,  /* 0x44F8 */
  0x0476, 0x0476, 0x0476, 0x0476, 0x0476, 0x0476, 0x0476, 0x0476,  /* 0x4500 */
  0x03E1, 0x03E1, 0x03E1, 0x03E1, 0x03E1, 0x03E1, 0x03E1, 0x03E1,  /* 0x4508 */
  0x0478, 0x0478, 0x0478, 0x0478, 0x0478, 0x0478, 0x0478, 0x0478,  /* 0x4510 */
  0x0478, 0x0478, 0x0478, 0x0478, 0x0478, 0x0478, 0x0478, 0x0478,  /* 0x4518 */
  0x0478, 0x0478, 0x0478, 0x0478, 0x0478, 0x0478, 0x0478, 0x0478,  /* 0x4520 */
  0x0478, 0x0478, 0x0478, 0x0478, 0x0478, 0x0478, 0x0478, 0x0478,  /* 0x4528 */
  0x0478, 0x0478, 0x0478, 0x0478, 0x0478, 0x0478, 0x0478, 0x0478,  /* 0x4530 */
  0x0478, 0x0478, 0x0478, 0x0478, 0x0477, 0x03E1, 0x03E1, 0x03E1,  /* 0x4538 */
  0x03E1, 0x03E1, 0x03E1, 0x03E1, 0x03E1, 0x03E1, 0x03E1, 0x03E1,  /* 0x4540 */
  0x03E1, 0x03E1, 0x03E1, 0x03E1, 0x03E1, 0x03E1, 0x03E1, 0x03E1,  /* 0x4548 */
  0x03E1, 0x03E1, 0x03E1, 0x03E1, 0x03E1, 0x03E1, 0x03E1, 0x03E1,  /* 0x4550 */
  0x03E1, 0x03E1, 0x03E1, 0x03E1, 0x03E1, 0x03E1, 0x03E1, 0x03E1,  /* 0x4558 */
  0x03E1, 0x03E1, 0x03E1, 0x03E1, 0x03E1, 0x03E1, 0x03E1, 0x03E1,  /* 0x4560 */
  0x03E1, 0x03E1, 0x03E1, 0x03E1, 0x03E1, 0x03E1, 0x03E1, 0x03E1,  /* 0x4568 */
  0x03E1, 0x03E1, 0x03E1, 0x03E1, 0x03E1, 0x03E1, 0x03E1, 0x03E1,  /* 0x4570 */
  0x03E1, 0x03E1, 0x03E1, 0x03E1, 0x03E1, 0x03E1, 0x03E1, 0x03E1,  /* 0x4578 */
  0x0473, 0x0473, 0x0473, 0x0473, 0x0473, 0x0473, 0x0473, 0x0473,  /* 0x4580 */
  0x03E1, 0x03E1, 0x03E1, 0x03E1, 0x03E1, 0x03E1, 0x03E1, 0x03E1,  /* 0x4588 */
  0x0475, 0x0475, 0x0475, 0x0475, 0x0475, 0x0475, 0x0475, 0x0475,  /* 0x4590 */
  0x0475, 0x0475, 0x0475, 0x0475, 0x0475, 0x0475, 0x0475, 0x0475,  /* 0x4598 */
  0x0475, 0x0475, 0x0475, 0x0475, 0x0475, 0x0475, 0x0475, 0x0475,  /* 0x45A0 */
  0x0475, 0x0475, 0x0475, 0x0475, 0x0475, 0x0475, 0x0475, 0x0475,  /* 0x45A8 */
  0x0475, 0x0475, 0x0475, 0x0475, 0x0475, 0x0475, 0x0475, 0x0475,  /* 0x45B0 */
  0x0475, 0x0475, 0x0475, 0x0475, 0x0474, 0x03E1, 0x03E1, 0x03E1,  /* 0x45B8 */
  0x03E1, 0x03E1, 0x03E1, 0x03E1, 0x03E1, 0x03E1, 0x03E1, 0x03E1,  /* 0x45C0 */
  0x03E1, 0x03E1, 0x03E1, 0x03E1, 0x03E1, 0x03E1, 0x03E1, 0x03E1,  /* 0x45C8 */
  0x04D3, 0x04D3, 0x04D3, 0x04D3, 0x04D3, 0x04D3, 0x04D3, 0x04D3,  /* 0x45D0 */
  0x03E1, 0x03E1, 0x03E1, 0x03E1, 0x03E1, 0x03E1, 0x03E1, 0x03E1,  /* 0x45D8 */
  0x03E1, 0x03E1, 0x03E1, 0x03E1, 0x03E1, 0x03E1, 0x03E1, 0x03E1,  /* 0x45E0 */
  0x04D2, 0x04D2, 0x04D2, 0x04D2, 0x04D2, 0x04D2, 0x04D2, 0x04D2,  /* 0x45E8 */
  0x04D4, 0x04D4, 0x04D4, 0x04D4, 0x04D4, 0x04D4, 0x04D4, 0x04D4,  /* 0x45F0 */
  0x04D0, 0x04D1, 0x04D5, 0x04D5, 0x03E1, 0x03E1, 0x03E1, 0x03E1,  /* 0x45F8 */
  0x0623, 0x0623, 0x0623, 0x0623, 0x0623, 0x0623, 0x0623, 0x0623,  /* 0x4600 */
  0x03E1, 0x03E1, 0x03E1, 0x03E1, 0x03E1, 0x03E1, 0x03E1, 0x03E1,  /* 0x4608 */
  0x0625, 0x0625, 0x0625, 0x0625, 0x0625, 0x0625, 0x0625, 0x0625,  /* 0x4610 */
  0x0625, 0x0625, 0x0625, 0x0625, 0x0625, 0x0625, 0x0625, 0x0625,  /* 0x4618 */
  0x0625, 0x0625, 0x0625, 0x0625, 0x0625, 0x0625, 0x0625, 0x0625,  /* 0x4620 */
  0x0625, 0x0625, 0x0625, 0x0625, 0x0625, 0x0625, 0x0625, 0x0625,  /* 0x4628 */
  0x0625, 0x0625, 0x0625, 0x0625, 0x0625, 0x0625, 0x0625, 0x0625,  /* 0x4630 */
  0x0625, 0x0625, 0x03E1, 0x03E1, 0x03E1, 0x03E1, 0x03E1, 0x03E1,  /* 0x4638 */
  0x0627, 0x0627, 0x0627, 0x0627, 0x0627, 0x0627, 0x0627, 0x0627,  /* 0x4640 */
  0x03E1, 0x03E1, 0x03E1, 0x03E1, 0x03E1, 0x03E1, 0x03E1, 0x03E1,  /* 0x4648 */
  0x0629, 0x0629, 0x0629, 0x0629, 0x0629, 0x0629, 0x0629, 0x0629,  /* 0x4650 */
  0x0629, 0x0629, 0x0629, 0x0629, 0x0629, 0x0629, 0x0629, 0x0629,  /* 0x4658 */
  0x0629, 0x0629, 0x0629, 0x0629, 0x0629, 0x0629, 0x0629, 0x0629,  /* 0x4660 */
  0x0629, 0x0629, 0x0629, 0x0629, 0x0629, 0x0629, 0x0629, 0x0629,  /* 0x4668 */
  0x0629, 0x0629, 0x0629, 0x0629, 0x0629, 0x0629, 0x0629, 0x0629,  /* 0x4670 */
  0x0629, 0x0629, 0x03E1, 0x03E1, 0x03E1, 0x03E1, 0x03E1, 0x03E1,  /* 0x4678 */
  0x062B, 0x062B, 0x062B, 0x062B, 0x062B, 0x062B, 0x062B, 0x062B,  /* 0x4680 */
  0x03E1, 0x03E1, 0x03E1, 0x03E1, 0x03E1, 0x03E1, 0x03E1, 0x03E1,  /* 0x4688 */
  0x062D, 0x062D, 0x062D, 0x062D, 0x062D, 0x062D, 0x062D, 0x062D,  /* 0x4690 */
  0x062D, 0x062D, 0x062D, 0x062D, 0x062D, 0x062D, 0x062D, 0x062D,  /* 0x4698 */
  0x062D, 0x062D, 0x062D, 0x062D, 0x062D, 0x062D, 0x062D, 0x062D,  /* 0x46A0 */
  0x062D, 0x062D, 0x062D, 0x062D, 0x062D, 0x062D, 0x062D, 0x062D,  /* 0x46A8 */
  0x062D, 0x062D, 0x062D, 0x062D, 0x062D, 0x062D, 0x062D, 0x062D,  /* 0x46B0 */
  0x062D, 0x062D, 0x03E1, 0x03E1, 0x03E1, 0x03E1, 0x03E1, 0x03E1,  /* 0x46B8 */
  0x03DA, 0x03DA, 0x03DA, 0x03DA, 0x03DA, 0x03DA, 0x03DA, 0x03DA,  /* 0x46C0 */
  0x03E1, 0x03E1, 0x03E1, 0x03E1, 0x03E1, 0x03E1, 0x03E1, 0x03E1,  /* 0x46C8 */
  0x03DC, 0x03DC, 0x03DC, 0x03DC, 0x03DC, 0x03DC, 0x03DC, 0x03DC,  /* 0x46D0 */
  0x03DC, 0x03DC, 0x03DC, 0x03DC, 0x03DC, 0x03DC, 0x03DC, 0x03DC,  /* 0x46D8 */
  0x03DC, 0x03DC, 0x03DC, 0x03DC, 0x03DC, 0x03DC, 0x03DC, 0x03DC,  /* 0x46E0 */
  0x03DC, 0x03DC, 0x03DC, 0x03DC, 0x03DC, 0x03DC, 0x03DC, 0x03DC,  /* 0x46E8 */
  0x03DC, 0x03DC, 0x03DC, 0x03DC, 0x03DC, 0x03DC, 0x03DC, 0x03DC,  /* 0x46F0 */
  0x03DC, 0x03DC, 0x03DC, 0x03DC, 0x03DB, 0x03E1, 0x03E1, 0x03E1,  /* 0x46F8 */
  0x0476, 0x0476, 0x0476, 0x0476, 0x0476, 0x0476, 0x0476, 0x0476,  /* 0x4700 */
  0x03E1, 0x03E1, 0x03E1, 0x03E1, 0x03E1, 0x03E1, 0x03E1, 0x03E1,  /* 0x4708 */
  0x0478, 0x0478, 0x0478, 0x0478, 0x0478, 0x0478, 0x0478, 0x0478,  /* 0x4710 */
  0x0478, 0x0478, 0x0478, 0x0478, 0x0478, 0x0478, 0x0478, 0x0478,  /* 0x4718 */
  0x0478, 0x0478, 0x0478, 0x0478, 0x0478, 0x0478, 0x0478, 0x0478,  /* 0x4720 */
  0x0478, 0x0478, 0x0478, 0x0478, 0x0478, 0x0478, 0x0478, 0x0478,  /* 0x4728 */
  0x0478, 0x0478, 0x0478, 0x0478, 0x0478, 0x0478, 0x0478, 0x0478,  /* 0x4730 */
  0x0478, 0x0478, 0x0478, 0x0478, 0x0477, 0x03E1, 0x03E1, 0x03E1,  /* 0x4738 */
  0x03E1, 0x03E1, 0x03E1, 0x03E1, 0x03E1, 0x03E1, 0x03E1, 0x03E1,  /* 0x4740 */
  0x03E1, 0x03E1, 0x03E1, 0x03E1, 0x03E1, 0x03E1, 0x03E1, 0x03E1,  /* 0x4748 */
  0x03E1, 0x03E1, 0x03E1, 0x03E1, 0x03E1, 0x03E1, 0x03E1, 0x03E1,  /* 0x4750 */
  0x03E1, 0x03E1, 0x03E1, 0x03E1, 0x03E1, 0x03E1, 0x03E1, 0x03E1,  /* 0x4758 */
  0x03E1, 0x03E1, 0x03E1, 0x03E1, 0x03E1, 0x03E1, 0x03E1, 0x03E1,  /* 0x4760 */
  0x03E1, 0x03E1, 0x03E1, 0x03E1, 0x03E1, 0x03E1, 0x03E1, 0x03E1,  /* 0x4768 */
  0x03E1, 0x03E1, 0x03E1, 0x03E1, 0x03E1, 0x03E1, 0x03E1, 0x03E1,  /* 0x4770 */
  0x03E1, 0x03E1, 0x03E1, 0x03E1, 0x03E1, 0x03E1, 0x03E1, 0x03E1,  /* 0x4778 */
  0x0473, 0x0473, 0x0473, 0x0473, 0x0473, 0x0473, 0x0473, 0x0473,  /* 0x4780 */
  0x03E1, 0x03E1, 0x03E1, 0x03E1, 0x03E1, 0x03E1, 0x03E1, 0x03E1,  /* 0x4788 */
  0x0475, 0x0475, 0x0475, 0x0475, 0x0475, 0x0475, 0x0475, 0x0475,  /* 0x4790 */
  0x0475, 0x0475, 0x0475, 0x0475, 0x0475, 0x0475, 0x0475, 0x0475,  /* 0x4798 */
  0x0475, 0x0475, 0x0475, 0x0475, 0x0475, 0x0475, 0x0475, 0x0475,  /* 0x47A0 */
  0x0475, 0x0475, 0x0475, 0x0475, 0x0475, 0x0475, 0x0475, 0x0475,  /* 0x47A8 */
  0x0475, 0x0475, 0x0475, 0x0475, 0x0475, 0x0475, 0x0475, 0x0475,  /* 0x47B0 */
  0x0475, 0x0475, 0x0475, 0x0475, 0x0474, 0x03E1, 0x03E1, 0x03E1,  /* 0x47B8 */
  0x03E1, 0x03E1, 0x03E1, 0x03E1, 0x03E1, 0x03E1, 0x03E1, 0x03E1,  /* 0x47C0 */
  0x03E1, 0x03E1, 0x03E1, 0x03E1, 0x03E1, 0x03E1, 0x03E1, 0x03E1,  /* 0x47C8 */
  0x04D3, 0x04D3, 0x04D3, 0x04D3, 0x04D3, 0x04D3, 0x04D3, 0x04D3,  /* 0x47D0 */
  0x03E1, 0x03E1, 0x03E1, 0x03E1, 0x03E1, 0x03E1, 0x03E1, 0x03E1,  /* 0x47D8 */
  0x03E1, 0x03E1, 0x03E1, 0x03E1, 0x03E1, 0x03E1, 0x03E1, 0x03E1,  /* 0x47E0 */
  0x04D2, 0x04D2, 0x04D2, 0x04D2, 0x04D2, 0x04D2, 0x04D2, 0x04D2,  /* 0x47E8 */
  0x04D4, 0x04D4, 0x04D4, 0x04D4, 0x04D4, 0x04D4, 0x04D4, 0x04D4,  /* 0x47F0 */
  0x04D0, 0x04D1, 0x04D5, 0x04D5, 0x03E1, 0x03E1, 0x03E1, 0x03E1,  /* 0x47F8 */
  0x05F0, 0x05F0, 0x05F0, 0x05F0, 0x05F0, 0x05F0, 0x05F0, 0x05F0,  /* 0x4800 */
  0x04D7, 0x04D7, 0x04D7, 0x04D7, 0x04D7, 0x04D7, 0x04D7, 0x04D7,  /* 0x4808 */
  0x05F1, 0x05F1, 0x05F1, 0x05F1, 0x05F1, 0x05F1, 0x05F1, 0x05F1,  /* 0x4810 */
  0x05F1, 0x05F1, 0x05F1, 0x05F1, 0x05F1, 0x05F1, 0x05F1, 0x05F1,  /* 0x4818 */
  0x05F1, 0x05F1, 0x05F1, 0x05F1, 0x05F1, 0x05F1, 0x05F1, 0x05F1,  /* 0x4820 */
  0x05F1, 0x05F1, 0x05F1, 0x05F1, 0x05F1, 0x05F1, 0x05F1, 0x05F1,  /* 0x4828 */
  0x05F1, 0x05F1, 0x05F1, 0x05F1, 0x05F1, 0x05F1, 0x05F1, 0x05F1,  /* 0x4830 */
  0x05F1, 0x05F1, 0x03E1, 0x03E1, 0x03E1, 0x03E1, 0x03E1, 0x03E1,  /* 0x4838 */
  0x06A2, 0x06A2, 0x06A2, 0x06A2, 0x06A2, 0x06A2, 0x06A2, 0x06A2,  /* 0x4840 */
  0x046D, 0x046D, 0x046D, 0x046D, 0x046D, 0x046D, 0x046D, 0x046D,  /* 0x4848 */
  0x0637, 0x0637, 0x0637, 0x0637, 0x0637, 0x0637, 0x0637, 0x0637,  /* 0x4850 */
  0x03E1, 0x03E1, 0x03E1, 0x03E1, 0x03E1, 0x03E1, 0x03E1, 0x03E1,  /* 0x4858 */
  0x03E1, 0x03E1, 0x03E1, 0x03E1, 0x03E1, 0x03E1, 0x03E1, 0x03E1,  /* 0x4860 */
  0x0638, 0x0638, 0x0638, 0x0638, 0x0638, 0x0638, 0x0638, 0x0638,  /* 0x4868 */
  0x0639, 0x0639, 0x0639, 0x0639, 0x0639, 0x0639, 0x0639, 0x0639,  /* 0x4870 */
  0x0635, 0x0636, 0x0639, 0x0639, 0x03E1, 0x03E1, 0x03E1, 0x03E1,  /* 0x4878 */
  0x04C0, 0x04C0, 0x04C0, 0x04C0, 0x04C0, 0x04C0, 0x04C0, 0x04C0,  /* 0x4880 */
  0x03E1, 0x03E1, 0x03E1, 0x03E1, 0x03E1, 0x03E1, 0x03E1, 0x03E1,  /* 0x4888 */
  0x05C1, 0x05C1, 0x05C1, 0x05C1, 0x05C1, 0x05C1, 0x05C1, 0x05C1,  /* 0x4890 */
  0x03E1, 0x03E1, 0x03E1, 0x03E1, 0x03E1, 0x03E1, 0x03E1, 0x03E1,  /* 0x4898 */
  0x05BC, 0x05BC, 0x05BC, 0x05BC, 0x05BC, 0x05BC, 0x05BC, 0x05BC,  /* 0x48A0 */
  0x05C1, 0x05C1, 0x05C1, 0x05C1, 0x05C1, 0x05C1, 0x05C1, 0x05C1,  /* 0x48A8 */
  0x05C1, 0x05C1, 0x05C1, 0x05C1, 0x05C1, 0x05C1, 0x05C1, 0x05C1,  /* 0x48B0 */
  0x05C1, 0x05C1, 0x03E1, 0x03E1, 0x03E1, 0x03E1, 0x03E1, 0x03E1,  /* 0x48B8 */
  0x04C4, 0x04C4, 0x04C4, 0x04C4, 0x04C4, 0x04C4, 0x04C4, 0x04C4,  /* 0x48C0 */
  0x03E1, 0x03E1, 0x03E1, 0x03E1, 0x03E1, 0x03E1, 0x03E1, 0x03E1,  /* 0x48C8 */
  0x05C2, 0x05C2, 0x05C2, 0x05C2, 0x05C2, 0x05C2, 0x05C2, 0x05C2,  /* 0x48D0 */
  0x03E1, 0x03E1, 0x03E1, 0x03E1, 0x03E1, 0x03E1, 0x03E1, 0x03E1,  /* 0x48D8 */
  0x05BD, 0x05BD, 0x05BD, 0x05BD, 0x05BD, 0x05BD, 0x05BD, 0x05BD,  /* 0x48E0 */
  0x05C2, 0x05C2, 0x05C2, 0x05C2, 0x05C2, 0x05C2, 0x05C2, 0x05C2,  /* 0x48E8 */
  0x05C2, 0x05C2, 0x05C2, 0x05C2, 0x05C2, 0x05C2, 0x05C2, 0x05C2,  /* 0x48F0 */
  0x05C2, 0x05C2, 0x03E1, 0x03E1, 0x03E1, 0x03E1, 0x03E1, 0x03E1,  /* 0x48F8 */
  0x0476, 0x0476, 0x0476, 0x0476, 0x0476, 0x0476, 0x0476, 0x0476,  /* 0x4900 */
  0x03E1, 0x03E1, 0x03E1, 0x03E1, 0x03E1, 0x03E1, 0x03E1, 0x03E1,  /* 0x4908 */
  0x0478, 0x0478, 0x0478, 0x0478, 0x0478, 0x0478, 0x0478, 0x0478,  /* 0x4910 */
  0x0478, 0x0478, 0x0478, 0x0478, 0x0478, 0x0478, 0x0478, 0x0478,  /* 0x4918 */
  0x0478, 0x0478, 0x0478, 0x0478, 0x0478, 0x0478, 0x0478, 0x0478,  /* 0x4920 */
  0x0478, 0x0478, 0x0478, 0x0478, 0x0478, 0x0478, 0x0478, 0x0478,  /* 0x4928 */
  0x0478, 0x0478, 0x0478, 0x0478, 0x0478, 0x0478, 0x0478, 0x0478,  /* 0x4930 */
  0x0478, 0x0478, 0x0478, 0x0478, 0x0477, 0x03E1, 0x03E1, 0x03E1,  /* 0x4938 */
  0x03E1, 0x03E1, 0x03E1, 0x03E1, 0x03E1, 0x03E1, 0x03E1, 0x03E1,  /* 0x4940 */
  0x03E1, 0x03E1, 0x03E1, 0x03E1, 0x03E1, 0x03E1, 0x03E1, 0x03E1,  /* 0x4948 */
  0x03E1, 0x03E1, 0x03E1, 0x03E1, 0x03E1, 0x03E1, 0x03E1, 0x03E1,  /* 0x4950 */
  0x03E1, 0x03E1, 0x03E1, 0x03E1, 0x03E1, 0x03E1, 0x03E1, 0x03E1,  /* 0x4958 */
  0x03E1, 0x03E1, 0x03E1, 0x03E1, 0x03E1, 0x03E1, 0x03E1, 0x03E1,  /* 0x4960 */
  0x03E1, 0x03E1, 0x03E1, 0x03E1, 0x03E1, 0x03E1, 0x03E1, 0x03E1,  /* 0x4968 */
  0x03E1, 0x03E1, 0x03E1, 0x03E1, 0x03E1, 0x03E1, 0x03E1, 0x03E1,  /* 0x4970 */
  0x03E1, 0x03E1, 0x03E1, 0x03E1, 0x03E1, 0x03E1, 0x03E1, 0x03E1,  /* 0x4978 */
  0x0473, 0x0473, 0x0473, 0x0473, 0x0473, 0x0473, 0x0473, 0x0473,  /* 0x4980 */
  0x03E1, 0x03E1, 0x03E1, 0x03E1, 0x03E1, 0x03E1, 0x03E1, 0x03E1,  /* 0x4988 */
  0x0475, 0x0475, 0x0475, 0x0475, 0x0475, 0x0475, 0x0475, 0x0475,  /* 0x4990 */
  0x0475, 0x0475, 0x0475, 0x0475, 0x0475, 0x0475, 0x0475, 0x0475,  /* 0x4998 */
  0x0475, 0x0475, 0x0475, 0x0475, 0x0475, 0x0475, 0x0475, 0x0475,  /* 0x49A0 */
  0x0475, 0x0475, 0x0475, 0x0475, 0x0475, 0x0475, 0x0475, 0x0475,  /* 0x49A8 */
  0x0475, 0x0475, 0x0475, 0x0475, 0x0475, 0x0475, 0x0475, 0x0475,  /* 0x49B0 */
  0x0475, 0x0475, 0x0475, 0x0475, 0x0474, 0x03E1, 0x03E1, 0x03E1,  /* 0x49B8 */
  0x04C2, 0x04C2, 0x04C2, 0x04C2, 0x04C2, 0x04C2, 0x04C2, 0x04C2,  /* 0x49C0 */
  0x03E1, 0x03E1, 0x03E1, 0x03E1, 0x03E1, 0x03E1, 0x03E1, 0x03E1,  /* 0x49C8 */
  0x04D3, 0x04D3, 0x04D3, 0x04D3, 0x04D3, 0x04D3, 0x04D3, 0x04D3,  /* 0x49D0 */
  0x03E1, 0x03E1, 0x03E1, 0x03E1, 0x03E1, 0x03E1, 0x03E1, 0x03E1,  /* 0x49D8 */
  0x03E1, 0x03E1, 0x03E1, 0x03E1, 0x03E1, 0x03E1, 0x03E1, 0x03E1,  /* 0x49E0 */
  0x04D2, 0x04D2, 0x04D2, 0x04D2, 0x04D2, 0x04D2, 0x04D2, 0x04D2,  /* 0x49E8 */
  0x04D4, 0x04D4, 0x04D4, 0x04D4, 0x04D4, 0x04D4, 0x04D4, 0x04D4,  /* 0x49F0 */
  0x04D0, 0x04D1, 0x04D5, 0x04D5, 0x03E1, 0x03E1, 0x03E1, 0x03E1,  /* 0x49F8 */
  0x06D8, 0x06D8, 0x06D8, 0x06D8, 0x06D8, 0x06D8, 0x06D8, 0x06D8,  /* 0x4A00 */
  0x03E1, 0x03E1, 0x03E1, 0x03E1, 0x03E1, 0x03E1, 0x03E1, 0x03E1,  /* 0x4A08 */
  0x06D9, 0x06D9, 0x06D9, 0x06D9, 0x06D9, 0x06D9, 0x06D9, 0x06D9,  /* 0x4A10 */
  0x06DB, 0x06DB, 0x06DB, 0x06DB, 0x06DB, 0x06DB, 0x06DB, 0x06DB,  /* 0x4A18 */
  0x06DA, 0x06DA, 0x06DA, 0x06DA, 0x06DA, 0x06DA, 0x06DA, 0x06DA,  /* 0x4A20 */
  0x06DC, 0x06DC, 0x06DC, 0x06DC, 0x06DC, 0x06DC, 0x06DC, 0x06DC,  /* 0x4A28 */
  0x06E9, 0x06E9, 0x06E9, 0x06E9, 0x06E9, 0x06E9, 0x06E9, 0x06E9,  /* 0x4A30 */
  0x06EC, 0x06EC, 0x06EC, 0x06EC, 0x03E1, 0x03E1, 0x03E1, 0x03E1,  /* 0x4A38 */
  0x06DD, 0x06DD, 0x06DD, 0x06DD, 0x06DD, 0x06DD, 0x06DD, 0x06DD,  /* 0x4A40 */
  0x06DE, 0x06DE, 0x06DE, 0x06DE, 0x06DE, 0x06DE, 0x06DE, 0x06DE,  /* 0x4A48 */
  0x06DF, 0x06DF, 0x06DF, 0x06DF, 0x06DF, 0x06DF, 0x06DF, 0x06DF,  /* 0x4A50 */
  0x06E1, 0x06E1, 0x06E1, 0x06E1, 0x06E1, 0x06E1, 0x06E1, 0x06E1,  /* 0x4A58 */
  0x06E0, 0x06E0, 0x06E0, 0x06E0, 0x06E0, 0x06E0, 0x06E0, 0x06E0,  /* 0x4A60 */
  0x06E2, 0x06E2, 0x06E2, 0x06E2, 0x06E2, 0x06E2, 0x06E2, 0x06E2,  /* 0x4A68 */
  0x06EA, 0x06EA, 0x06EA, 0x06EA, 0x06EA, 0x06EA, 0x06EA, 0x06EA,  /* 0x4A70 */
  0x06ED, 0x06ED, 0x06ED, 0x06ED, 0x03E1, 0x03E1, 0x03E1, 0x03E1,  /* 0x4A78 */
  0x06E3, 0x06E3, 0x06E3, 0x06E3, 0x06E3, 0x06E3, 0x06E3, 0x06E3,  /* 0x4A80 */
  0x06E4, 0x06E4, 0x06E4, 0x06E4, 0x06E4, 0x06E4, 0x06E4, 0x06E4,  /* 0x4A88 */
  0x06E5, 0x06E5, 0x06E5, 0x06E5, 0x06E5, 0x06E5, 0x06E5, 0x06E5,  /* 0x4A90 */
  0x06E7, 0x06E7, 0x06E7, 0x06E7, 0x06E7, 0x06E7, 0x06E7, 0x06E7,  /* 0x4A98 */
  0x06E6, 0x06E6, 0x06E6, 0x06E6, 0x06E6, 0x06E6, 0x06E6, 0x06E6,  /* 0x4AA0 */
  0x06E8, 0x06E8, 0x06E8, 0x06E8, 0x06E8, 0x06E8, 0x06E8, 0x06E8,  /* 0x4AA8 */
  0x06EB, 0x06EB, 0x06EB, 0x06EB, 0x06EB, 0x06EB, 0x06EB, 0x06EB,  /* 0x4AB0 */
  0x06EE, 0x06EE, 0x06EE, 0x06EE, 0x03E1, 0x03E1, 0x03E1, 0x03E1,  /* 0x4AB8 */
  0x06A4, 0x06A4, 0x06A4, 0x06A4, 0x06A4, 0x06A4, 0x06A4, 0x06A4,  /* 0x4AC0 */
  0x03E1, 0x03E1, 0x03E1, 0x03E1, 0x03E1, 0x03E1, 0x03E1, 0x03E1,  /* 0x4AC8 */
  0x06A5, 0x06A5, 0x06A5, 0x06A5, 0x06A5, 0x06A5, 0x06A5, 0x06A5,  /* 0x4AD0 */
  0x06A5, 0x06A5, 0x06A5, 0x06A5, 0x06A5, 0x06A5, 0x06A5, 0x06A5,  /* 0x4AD8 */
  0x06A5, 0x06A5, 0x06A5, 0x06A5, 0x06A5, 0x06A5, 0x06A5, 0x06A5,  /* 0x4AE0 */
  0x06A5, 0x06A5, 0x06A5, 0x06A5, 0x06A5, 0x06A5, 0x06A5, 0x06A5,  /* 0x4AE8 */
  0x06A5, 0x06A5, 0x06A5, 0x06A5, 0x06A5, 0x06A5, 0x06A5, 0x06A5,  /* 0x4AF0 */
  0x06A5, 0x06A5, 0x03E1, 0x03E1, 0x03E1, 0x03E1, 0x03E1, 0x03E1,  /* 0x4AF8 */
  0x0476, 0x0476, 0x0476, 0x0476, 0x0476, 0x0476, 0x0476, 0x0476,  /* 0x4B00 */
  0x03E1, 0x03E1, 0x03E1, 0x03E1, 0x03E1, 0x03E1, 0x03E1, 0x03E1,  /* 0x4B08 */
  0x0478, 0x0478, 0x0478, 0x0478, 0x0478, 0x0478, 0x0478, 0x0478,  /* 0x4B10 */
  0x0478, 0x0478, 0x0478, 0x0478, 0x0478, 0x0478, 0x0478, 0x0478,  /* 0x4B18 */
  0x0478, 0x0478, 0x0478, 0x0478, 0x0478, 0x0478, 0x0478, 0x0478,  /* 0x4B20 */
  0x0478, 0x0478, 0x0478, 0x0478, 0x0478, 0x0478, 0x0478, 0x0478,  /* 0x4B28 */
  0x0478, 0x0478, 0x0478, 0x0478, 0x0478, 0x0478, 0x0478, 0x0478,  /* 0x4B30 */
  0x0478, 0x0478, 0x0478, 0x0478, 0x0477, 0x03E1, 0x03E1, 0x03E1,  /* 0x4B38 */
  0x03E1, 0x03E1, 0x03E1, 0x03E1, 0x03E1, 0x03E1, 0x03E1, 0x03E1,  /* 0x4B40 */
  0x03E1, 0x03E1, 0x03E1, 0x03E1, 0x03E1, 0x03E1, 0x03E1, 0x03E1,  /* 0x4B48 */
  0x03E1, 0x03E1, 0x03E1, 0x03E1, 0x03E1, 0x03E1, 0x03E1, 0x03E1,  /* 0x4B50 */
  0x03E1, 0x03E1, 0x03E1, 0x03E1, 0x03E1, 0x03E1, 0x03E1, 0x03E1,  /* 0x4B58 */
  0x03E1, 0x03E1, 0x03E1, 0x03E1, 0x03E1, 0x03E1, 0x03E1, 0x03E1,  /* 0x4B60 */
  0x03E1, 0x03E1, 0x03E1, 0x03E1, 0x03E1, 0x03E1, 0x03E1, 0x03E1,  /* 0x4B68 */
  0x03E1, 0x03E1, 0x03E1, 0x03E1, 0x03E1, 0x03E1, 0x03E1, 0x03E1,  /* 0x4B70 */
  0x03E1, 0x03E1, 0x03E1, 0x03E1, 0x03E1, 0x03E1, 0x03E1, 0x03E1,  /* 0x4B78 */
  0x0473, 0x0473, 0x0473, 0x0473, 0x0473, 0x0473, 0x0473, 0x0473,  /* 0x4B80 */
  0x03E1, 0x03E1, 0x03E1, 0x03E1, 0x03E1, 0x03E1, 0x03E1, 0x03E1,  /* 0x4B88 */
  0x0475, 0x0475, 0x0475, 0x0475, 0x0475, 0x0475, 0x0475, 0x0475,  /* 0x4B90 */
  0x0475, 0x0475, 0x0475, 0x0475, 0x0475, 0x0475, 0x0475, 0x0475,  /* 0x4B98 */
  0x0475, 0x0475, 0x0475, 0x0475, 0x0475, 0x0475, 0x0475, 0x0475,  /* 0x4BA0 */
  0x0475, 0x0475, 0x0475, 0x0475, 0x0475, 0x0475, 0x0475, 0x0475,  /* 0x4BA8 */
  0x0475, 0x0475, 0x0475, 0x0475, 0x0475, 0x0475, 0x0475, 0x0475,  /* 0x4BB0 */
  0x0475, 0x0475, 0x0475, 0x0475, 0x0474, 0x03E1, 0x03E1, 0x03E1,  /* 0x4BB8 */
  0x03E1, 0x03E1, 0x03E1, 0x03E1, 0x03E1, 0x03E1, 0x03E1, 0x03E1,  /* 0x4BC0 */
  0x03E1, 0x03E1, 0x03E1, 0x03E1, 0x03E1, 0x03E1, 0x03E1, 0x03E1,  /* 0x4BC8 */
  0x04D3, 0x04D3, 0x04D3, 0x04D3, 0x04D3, 0x04D3, 0x04D3, 0x04D3,  /* 0x4BD0 */
  0x03E1, 0x03E1, 0x03E1, 0x03E1, 0x03E1, 0x03E1, 0x03E1, 0x03E1,  /* 0x4BD8 */
  0x03E1, 0x03E1, 0x03E1, 0x03E1, 0x03E1, 0x03E1, 0x03E1, 0x03E1,  /* 0x4BE0 */
  0x04D2, 0x04D2, 0x04D2, 0x04D2, 0x04D2, 0x04D2, 0x04D2, 0x04D2,  /* 0x4BE8 */
  0x04D4, 0x04D4, 0x04D4, 0x04D4, 0x04D4, 0x04D4, 0x04D4, 0x04D4,  /* 0x4BF0 */
  0x04D0, 0x04D1, 0x04D5, 0x04D5, 0x03E1, 0x03E1, 0x03E1, 0x03E1,  /* 0x4BF8 */
  0x05ED, 0x05ED, 0x05ED, 0x05ED, 0x05ED, 0x05ED, 0x05ED, 0x05ED,  /* 0x4C00 */
  0x03E1, 0x03E1, 0x03E1, 0x03E1, 0x03E1, 0x03E1, 0x03E1, 0x03E1,  /* 0x4C08 */
  0x05EF, 0x05EF, 0x05EF, 0x05EF, 0x05EF, 0x05EF, 0x05EF, 0x05EF,  /* 0x4C10 */
  0x05EF, 0x05EF, 0x05EF, 0x05EF, 0x05EF, 0x05EF, 0x05EF, 0x05EF,  /* 0x4C18 */
  0x05EF, 0x05EF, 0x05EF, 0x05EF, 0x05EF, 0x05EF, 0x05EF, 0x05EF,  /* 0x4C20 */
  0x05EF, 0x05EF, 0x05EF, 0x05EF, 0x05EF, 0x05EF, 0x05EF, 0x05EF,  /* 0x4C28 */
  0x05EF, 0x05EF, 0x05EF, 0x05EF, 0x05EF, 0x05EF, 0x05EF, 0x05EF,  /* 0x4C30 */
  0x05EF, 0x05EF, 0x05EF, 0x05EF, 0x05EE, 0x03E1, 0x03E1, 0x03E1,  /* 0x4C38 */
  0x04B0, 0x04B0, 0x04B0, 0x04B0, 0x04B0, 0x04B0, 0x04B0, 0x04B0,  /* 0x4C40 */
  0x03E1, 0x03E1, 0x03E1, 0x03E1, 0x03E1, 0x03E1, 0x03E1, 0x03E1,  /* 0x4C48 */
  0x04B2, 0x04B2, 0x04B2, 0x04B2, 0x04B2, 0x04B2, 0x04B2, 0x04B2,  /* 0x4C50 */
  0x04B2, 0x04B2, 0x04B2, 0x04B2, 0x04B2, 0x04B2, 0x04B2, 0x04B2,  /* 0x4C58 */
  0x04B2, 0x04B2, 0x04B2, 0x04B2, 0x04B2, 0x04B2, 0x04B2, 0x04B2,  /* 0x4C60 */
  0x04B2, 0x04B2, 0x04B2, 0x04B2, 0x04B2, 0x04B2, 0x04B2, 0x04B2,  /* 0x4C68 */
  0x04B2, 0x04B2, 0x04B2, 0x04B2, 0x04B2, 0x04B2, 0x04B2, 0x04B2,  /* 0x4C70 */
  0x04B2, 0x04B2, 0x04B2, 0x04B2, 0x04B1, 0x03E1, 0x03E1, 0x03E1,  /* 0x4C78 */
  0x03E1, 0x03E1, 0x03E1, 0x03E1, 0x03E1, 0x03E1, 0x03E1, 0x03E1,  /* 0x4C80 */
  0x03E1, 0x03E1, 0x03E1, 0x03E1, 0x03E1, 0x03E1, 0x03E1, 0x03E1,  /* 0x4C88 */
  0x05BF, 0x05BF, 0x05BF, 0x05BF, 0x05BF, 0x05BF, 0x05BF, 0x05BF,  /* 0x4C90 */
  0x05BF, 0x05BF, 0x05BF, 0x05BF, 0x05BF, 0x05BF, 0x05BF, 0x05BF,  /* 0x4C98 */
  0x03E1, 0x03E1, 0x03E1, 0x03E1, 0x03E1, 0x03E1, 0x03E1, 0x03E1,  /* 0x4CA0 */
  0x05BF, 0x05BF, 0x05BF, 0x05BF, 0x05BF, 0x05BF, 0x05BF, 0x05BF,  /* 0x4CA8 */
  0x05BF, 0x05BF, 0x05BF, 0x05BF, 0x05BF, 0x05BF, 0x05BF, 0x05BF,  /* 0x4CB0 */
  0x05BF, 0x05BF, 0x05BF, 0x05BF, 0x03E1, 0x03E1, 0x03E1, 0x03E1,  /* 0x4CB8 */
  0x03E1, 0x03E1, 0x03E1, 0x03E1, 0x03E1, 0x03E1, 0x03E1, 0x03E1,  /* 0x4CC0 */
  0x03E1, 0x03E1, 0x03E1, 0x03E1, 0x03E1, 0x03E1, 0x03E1, 0x03E1,  /* 0x4CC8 */
  0x05C0, 0x05C0, 0x05C0, 0x05C0, 0x05C0, 0x05C0, 0x05C0, 0x05C0,  /* 0x4CD0 */
  0x05BE, 0x05BE, 0x05BE, 0x05BE, 0x05BE, 0x05BE, 0x05BE, 0x05BE,  /* 0x4CD8 */
  0x03E1, 0x03E1, 0x03E1, 0x03E1, 0x03E1, 0x03E1, 0x03E1, 0x03E1,  /* 0x4CE0 */
  0x05C0, 0x05C0, 0x05C0, 0x05C0, 0x05C0, 0x05C0, 0x05C0, 0x05C0,  /* 0x4CE8 */
  0x05C0, 0x05C0, 0x05C0, 0x05C0, 0x05C0, 0x05C0, 0x05C0, 0x05C0,  /* 0x4CF0 */
  0x05C0, 0x05C0, 0x05C0, 0x05C0, 0x03E1, 0x03E1, 0x03E1, 0x03E1,  /* 0x4CF8 */
  0x0476, 0x0476, 0x0476, 0x0476, 0x0476, 0x0476, 0x0476, 0x0476,  /* 0x4D00 */
  0x03E1, 0x03E1, 0x03E1, 0x03E1, 0x03E1, 0x03E1, 0x03E1, 0x03E1,  /* 0x4D08 */
  0x0478, 0x0478, 0x0478, 0x0478, 0x0478, 0x0478, 0x0478, 0x0478,  /* 0x4D10 */
  0x0478, 0x0478, 0x0478, 0x0478, 0x0478, 0x0478, 0x0478, 0x0478,  /* 0x4D18 */
  0x0478, 0x0478, 0x0478, 0x0478, 0x0478, 0x0478, 0x0478, 0x0478,  /* 0x4D20 */
  0x0478, 0x0478, 0x0478, 0x0478, 0x0478, 0x0478, 0x0478, 0x0478,  /* 0x4D28 */
  0x0478, 0x0478, 0x0478, 0x0478, 0x0478, 0x0478, 0x0478, 0x0478,  /* 0x4D30 */
  0x0478, 0x0478, 0x0478, 0x0478, 0x0477, 0x03E1, 0x03E1, 0x03E1,  /* 0x4D38 */
  0x03E1, 0x03E1, 0x03E1, 0x03E1, 0x03E1, 0x03E1, 0x03E1, 0x03E1,  /* 0x4D40 */
  0x03E1, 0x03E1, 0x03E1, 0x03E1, 0x03E1, 0x03E1, 0x03E1, 0x03E1,  /* 0x4D48 */
  0x03E1, 0x03E1, 0x03E1, 0x03E1, 0x03E1, 0x03E1, 0x03E1, 0x03E1,  /* 0x4D50 */
  0x03E1, 0x03E1, 0x03E1, 0x03E1, 0x03E1, 0x03E1, 0x03E1, 0x03E1,  /* 0x4D58 */
  0x03E1, 0x03E1, 0x03E1, 0x03E1, 0x03E1, 0x03E1, 0x03E1, 0x03E1,  /* 0x4D60 */
  0x03E1, 0x03E1, 0x03E1, 0x03E1, 0x03E1, 0x03E1, 0x03E1, 0x03E1,  /* 0x4D68 */
  0x03E1, 0x03E1, 0x03E1, 0x03E1, 0x03E1, 0x03E1, 0x03E1, 0x03E1,  /* 0x4D70 */
  0x03E1, 0x03E1, 0x03E1, 0x03E1, 0x03E1, 0x03E1, 0x03E1, 0x03E1,  /* 0x4D78 */
  0x0473, 0x0473, 0x0473, 0x0473, 0x0473, 0x0473, 0x0473, 0x0473,  /* 0x4D80 */
  0x03E1, 0x03E1, 0x03E1, 0x03E1, 0x03E1, 0x03E1, 0x03E1, 0x03E1,  /* 0x4D88 */
  0x0475, 0x0475, 0x0475, 0x0475, 0x0475, 0x0475, 0x0475, 0x0475,  /* 0x4D90 */
  0x0475, 0x0475, 0x0475, 0x0475, 0x0475, 0x0475, 0x0475, 0x0475,  /* 0x4D98 */
  0x0475, 0x0475, 0x0475, 0x0475, 0x0475, 0x0475, 0x0475, 0x0475,  /* 0x4DA0 */
  0x0475, 0x0475, 0x0475, 0x0475, 0x0475, 0x0475, 0x0475, 0x0475,  /* 0x4DA8 */
  0x0475, 0x0475, 0x0475, 0x0475, 0x0475, 0x0475, 0x0475, 0x0475,  /* 0x4DB0 */
  0x0475, 0x0475, 0x0475, 0x0475, 0x0474, 0x03E1, 0x03E1, 0x03E1,  /* 0x4DB8 */
  0x03E1, 0x03E1, 0x03E1, 0x03E1, 0x03E1, 0x03E1, 0x03E1, 0x03E1,  /* 0x4DC0 */
  0x03E1, 0x03E1, 0x03E1, 0x03E1, 0x03E1, 0x03E1, 0x03E1, 0x03E1,  /* 0x4DC8 */
  0x04D3, 0x04D3, 0x04D3, 0x04D3, 0x04D3, 0x04D3, 0x04D3, 0x04D3,  /* 0x4DD0 */
  0x03E1, 0x03E1, 0x03E1, 0x03E1, 0x03E1, 0x03E1, 0x03E1, 0x03E1,  /* 0x4DD8 */
  0x03E1, 0x03E1, 0x03E1, 0x03E1, 0x03E1, 0x03E1, 0x03E1, 0x03E1,  /* 0x4DE0 */
  0x04D2, 0x04D2, 0x04D2, 0x04D2, 0x04D2, 0x04D2, 0x04D2, 0x04D2,  /* 0x4DE8 */
  0x04D4, 0x04D4, 0x04D4, 0x04D4, 0x04D4, 0x04D4, 0x04D4, 0x04D4,  /* 0x4DF0 */
  0x04D0, 0x04D1, 0x04D5, 0x04D5, 0x03E1, 0x03E1, 0x03E1, 0x03E1,  /* 0x4DF8 */
  0x03E1, 0x03E1, 0x03E1, 0x03E1, 0x03E1, 0x03E1, 0x03E1, 0x03E1,  /* 0x4E00 */
  0x03E1, 0x03E1, 0x03E1, 0x03E1, 0x03E1, 0x03E1, 0x03E1, 0x03E1,  /* 0x4E08 */
  0x03E1, 0x03E1, 0x03E1, 0x03E1, 0x03E1, 0x03E1, 0x03E1, 0x03E1,  /* 0x4E10 */
  0x03E1, 0x03E1, 0x03E1, 0x03E1, 0x03E1, 0x03E1, 0x03E1, 0x03E1,  /* 0x4E18 */
  0x03E1, 0x03E1, 0x03E1, 0x03E1, 0x03E1, 0x03E1, 0x03E1, 0x03E1,  /* 0x4E20 */
  0x03E1, 0x03E1, 0x03E1, 0x03E1, 0x03E1, 0x03E1, 0x03E1, 0x03E1,  /* 0x4E28 */
  0x03E1, 0x03E1, 0x03E1, 0x03E1, 0x03E1, 0x03E1, 0x03E1, 0x03E1,  /* 0x4E30 */
  0x03E1, 0x03E1, 0x03E1, 0x03E1, 0x03E1, 0x03E1, 0x03E1, 0x03E1,  /* 0x4E38 */
  0x06A6, 0x06A6, 0x06A6, 0x06A6, 0x06A6, 0x06A6, 0x06A6, 0x06A6,  /* 0x4E40 */
  0x06A6, 0x06A6, 0x06A6, 0x06A6, 0x06A6, 0x06A6, 0x06A6, 0x06A6,  /* 0x4E48 */
  0x04D6, 0x04D6, 0x04D6, 0x04D6, 0x04D6, 0x04D6, 0x04D6, 0x04D6,  /* 0x4E50 */
  0x06EF, 0x06EF, 0x06EF, 0x06EF, 0x06EF, 0x06EF, 0x06EF, 0x06EF,  /* 0x4E58 */
  0x03E1, 0x03E1, 0x03E1, 0x03E1, 0x03E1, 0x03E1, 0x03E1, 0x03E1,  /* 0x4E60 */
  0x03E1, 0x03E1, 0x03E1, 0x03E1, 0x03E1, 0x03E1, 0x03E1, 0x03E1,  /* 0x4E68 */
  0x03E1, 0x0622, 0x03E1, 0x067B, 0x0678, 0x067A, 0x06A7, 0x0679,  /* 0x4E70 */
  0x03E1, 0x03E1, 0x03E0, 0x03E1, 0x03E1, 0x03E1, 0x03E1, 0x03E1,  /* 0x4E78 */
  0x03E1, 0x03E1, 0x03E1, 0x03E1, 0x03E1, 0x03E1, 0x03E1, 0x03E1,  /* 0x4E80 */
  0x03E1, 0x03E1, 0x03E1, 0x03E1, 0x03E1, 0x03E1, 0x03E1, 0x03E1,  /* 0x4E88 */
  0x04CF, 0x04CF, 0x04CF, 0x04CF, 0x04CF, 0x04CF, 0x04CF, 0x04CF,  /* 0x4E90 */
  0x03E1, 0x03E1, 0x03E1, 0x03E1, 0x03E1, 0x03E1, 0x03E1, 0x03E1,  /* 0x4E98 */
  0x03E1, 0x03E1, 0x03E1, 0x03E1, 0x03E1, 0x03E1, 0x03E1, 0x03E1,  /* 0x4EA0 */
  0x04CE, 0x04CE, 0x04CE, 0x04CE, 0x04CE, 0x04CE, 0x04CE, 0x04CE,  /* 0x4EA8 */
  0x04CF, 0x04CF, 0x04CF, 0x04CF, 0x04CF, 0x04CF, 0x04CF, 0x04CF,  /* 0x4EB0 */
  0x04CB, 0x04CC, 0x04CD, 0x04CF, 0x03E1, 0x03E1, 0x03E1, 0x03E1,  /* 0x4EB8 */
  0x03E1, 0x03E1, 0x03E1, 0x03E1, 0x03E1, 0x03E1, 0x03E1, 0x03E1,  /* 0x4EC0 */
  0x03E1, 0x03E1, 0x03E1, 0x03E1, 0x03E1, 0x03E1, 0x03E1, 0x03E1,  /* 0x4EC8 */
  0x04C8, 0x04C8, 0x04C8, 0x04C8, 0x04C8, 0x04C8, 0x04C8, 0x04C8,  /* 0x4ED0 */
  0x03E1, 0x03E1, 0x03E1, 0x03E1, 0x03E1, 0x03E1, 0x03E1, 0x03E1,  /* 0x4ED8 */
  0x03E1, 0x03E1, 0x03E1, 0x03E1, 0x03E1, 0x03E1, 0x03E1, 0x03E1,  /* 0x4EE0 */
  0x04C9, 0x04C9, 0x04C9, 0x04C9, 0x04C9, 0x04C9, 0x04C9, 0x04C9,  /* 0x4EE8 */
  0x04C9, 0x04C9, 0x04C9, 0x04C9, 0x04C9, 0x04C9, 0x04C9, 0x04C9,  /* 0x4EF0 */
  0x04C6, 0x04C7, 0x04C9, 0x04C9, 0x03E1, 0x03E1, 0x03E1, 0x03E1,  /* 0x4EF8 */
  0x0476, 0x0476, 0x0476, 0x0476, 0x0476, 0x0476, 0x0476, 0x0476,  /* 0x4F00 */
  0x03E1, 0x03E1, 0x03E1, 0x03E1, 0x03E1, 0x03E1, 0x03E1, 0x03E1,  /* 0x4F08 */
  0x0478, 0x0478, 0x0478, 0x0478, 0x0478, 0x0478, 0x0478, 0x0478,  /* 0x4F10 */
  0x0478, 0x0478, 0x0478, 0x0478, 0x0478, 0x0478, 0x0478, 0x0478,  /* 0x4F18 */
  0x0478, 0x0478, 0x0478, 0x0478, 0x0478, 0x0478, 0x0478, 0x0478,  /* 0x4F20 */
  0x0478, 0x0478, 0x0478, 0x0478, 0x0478, 0x0478, 0x0478, 0x0478,  /* 0x4F28 */
  0x0478, 0x0478, 0x0478, 0x0478, 0x0478, 0x0478, 0x0478, 0x0478,  /* 0x4F30 */
  0x0478, 0x0478, 0x0478, 0x0478, 0x0477, 0x03E1, 0x03E1, 0x03E1,  /* 0x4F38 */
  0x03E1, 0x03E1, 0x03E1, 0x03E1, 0x03E1, 0x03E1, 0x03E1, 0x03E1,  /* 0x4F40 */
  0x03E1, 0x03E1, 0x03E1, 0x03E1, 0x03E1, 0x03E1, 0x03E1, 0x03E1,  /* 0x4F48 */
  0x03E1, 0x03E1, 0x03E1, 0x03E1, 0x03E1, 0x03E1, 0x03E1, 0x03E1,  /* 0x4F50 */
  0x03E1, 0x03E1, 0x03E1, 0x03E1, 0x03E1, 0x03E1, 0x03E1, 0x03E1,  /* 0x4F58 */
  0x03E1, 0x03E1, 0x03E1, 0x03E1, 0x03E1, 0x03E1, 0x03E1, 0x03E1,  /* 0x4F60 */
  0x03E1, 0x03E1, 0x03E1, 0x03E1, 0x03E1, 0x03E1, 0x03E1, 0x03E1,  /* 0x4F68 */
  0x03E1, 0x03E1, 0x03E1, 0x03E1, 0x03E1, 0x03E1, 0x03E1, 0x03E1,  /* 0x4F70 */
  0x03E1, 0x03E1, 0x03E1, 0x03E1, 0x03E1, 0x03E1, 0x03E1, 0x03E1,  /* 0x4F78 */
  0x0473, 0x0473, 0x0473, 0x0473, 0x0473, 0x0473, 0x0473, 0x0473,  /* 0x4F80 */
  0x03E1, 0x03E1, 0x03E1, 0x03E1, 0x03E1, 0x03E1, 0x03E1, 0x03E1,  /* 0x4F88 */
  0x0475, 0x0475, 0x0475, 0x0475, 0x0475, 0x0475, 0x0475, 0x0475,  /* 0x4F90 */
  0x0475, 0x0475, 0x0475, 0x0475, 0x0475, 0x0475, 0x0475, 0x0475,  /* 0x4F98 */
  0x0475, 0x0475, 0x0475, 0x0475, 0x0475, 0x0475, 0x0475, 0x0475,  /* 0x4FA0 */
  0x0475, 0x0475, 0x0475, 0x0475, 0x0475, 0x0475, 0x0475, 0x0475,  /* 0x4FA8 */
  0x0475, 0x0475, 0x0475, 0x0475, 0x0475, 0x0475, 0x0475, 0x0475,  /* 0x4FB0 */
  0x0475, 0x0475, 0x0475, 0x0475, 0x0474, 0x03E1, 0x03E1, 0x03E1,  /* 0x4FB8 */
  0x03E1, 0x03E1, 0x03E1, 0x03E1, 0x03E1, 0x03E1, 0x03E1, 0x03E1,  /* 0x4FC0 */
  0x03E1, 0x03E1, 0x03E1, 0x03E1, 0x03E1, 0x03E1, 0x03E1, 0x03E1,  /* 0x4FC8 */
  0x04D3, 0x04D3, 0x04D3, 0x04D3, 0x04D3, 0x04D3, 0x04D3, 0x04D3,  /* 0x4FD0 */
  0x03E1, 0x03E1, 0x03E1, 0x03E1, 0x03E1, 0x03E1, 0x03E1, 0x03E1,  /* 0x4FD8 */
  0x03E1, 0x03E1, 0x03E1, 0x03E1, 0x03E1, 0x03E1, 0x03E1, 0x03E1,  /* 0x4FE0 */
  0x04D2, 0x04D2, 0x04D2, 0x04D2, 0x04D2, 0x04D2, 0x04D2, 0x04D2,  /* 0x4FE8 */
  0x04D4, 0x04D4, 0x04D4, 0x04D4, 0x04D4, 0x04D4, 0x04D4, 0x04D4,  /* 0x4FF0 */
  0x04D0, 0x04D1, 0x04D5, 0x04D5, 0x03E1, 0x03E1, 0x03E1, 0x03E1,  /* 0x4FF8 */
  0x0195, 0x0195, 0x0195, 0x0195, 0x0195, 0x0195, 0x0195, 0x0195,  /* 0x5000 */
  0x03E1, 0x03E1, 0x03E1, 0x03E1, 0x03E1, 0x03E1, 0x03E1, 0x03E1,  /* 0x5008 */
  0x01B9, 0x01B9, 0x01B9, 0x01B9, 0x01B9, 0x01B9, 0x01B9, 0x01B9,  /* 0x5010 */
  0x01DD, 0x01DD, 0x01DD, 0x01DD, 0x01DD, 0x01DD, 0x01DD, 0x01DD,  /* 0x5018 */
  0x01D1, 0x01D1, 0x01D1, 0x01D1, 0x01D1, 0x01D1, 0x01D1, 0x01D1,  /* 0x5020 */
  0x01C5, 0x01C5, 0x01C5, 0x01C5, 0x01C5, 0x01C5, 0x01C5, 0x01C5,  /* 0x5028 */
  0x023D, 0x023D, 0x023D, 0x023D, 0x023D, 0x023D, 0x023D, 0x023D,  /* 0x5030 */
  0x01A1, 0x01AD, 0x03E1, 0x03E1, 0x03E1, 0x03E1, 0x03E1, 0x03E1,  /* 0x5038 */
  0x0199, 0x0199, 0x0199, 0x0199, 0x0199, 0x0199, 0x0199, 0x0199,  /* 0x5040 */
  0x024D, 0x024D, 0x024D, 0x024D, 0x024D, 0x024D, 0x024D, 0x024D,  /* 0x5048 */
  0x01BD, 0x01BD, 0x01BD, 0x01BD, 0x01BD, 0x01BD, 0x01BD, 0x01BD,  /* 0x5050 */
  0x01E1, 0x01E1, 0x01E1, 0x01E1, 0x01E1, 0x01E1, 0x01E1, 0x01E1,  /* 0x5058 */
  0x01D5, 0x01D5, 0x01D5, 0x01D5, 0x01D5, 0x01D5, 0x01D5, 0x01D5,  /* 0x5060 */
  0x01C9, 0x01C9, 0x01C9, 0x01C9, 0x01C9, 0x01C9, 0x01C9, 0x01C9,  /* 0x5068 */
  0x0241, 0x0241, 0x0241, 0x0241, 0x0241, 0x0241, 0x0241, 0x0241,  /* 0x5070 */
  0x01A5, 0x01B1, 0x03E1, 0x03E1, 0x03E1, 0x03E1, 0x03E1, 0x03E1,  /* 0x5078 */
  0x019D, 0x019D, 0x019D, 0x019D, 0x019D, 0x019D, 0x019D, 0x019D,  /* 0x5080 */
  0x024D, 0x024D, 0x024D, 0x024D, 0x024D, 0x024D, 0x024D, 0x024D,  /* 0x5088 */
  0x01C1, 0x01C1, 0x01C1, 0x01C1, 0x01C1, 0x01C1, 0x01C1, 0x01C1,  /* 0x5090 */
  0x01E5, 0x01E5, 0x01E5, 0x01E5, 0x01E5, 0x01E5, 0x01E5, 0x01E5,  /* 0x5098 */
  0x01D9, 0x01D9, 0x01D9, 0x01D9, 0x01D9, 0x01D9, 0x01D9, 0x01D9,  /* 0x50A0 */
  0x01CD, 0x01CD, 0x01CD, 0x01CD, 0x01CD, 0x01CD, 0x01CD, 0x01CD,  /* 0x50A8 */
  0x0245, 0x0245, 0x0245, 0x0245, 0x0245, 0x0245, 0x0245, 0x0245,  /* 0x50B0 */
  0x01A9, 0x01B5, 0x03E1, 0x03E1, 0x03E1, 0x03E1, 0x03E1, 0x03E1,  /* 0x50B8 */
  0x0682, 0x0682, 0x0682, 0x0682, 0x0682, 0x0682, 0x0682, 0x0682,  /* 0x50C0 */
  0x04AF, 0x04AF, 0x04AF, 0x04AF, 0x04AF, 0x04AF, 0x04AF, 0x04AF,  /* 0x50C8 */
  0x0692, 0x0692, 0x0692, 0x0692, 0x0692, 0x0692, 0x0692, 0x0692,  /* 0x50D0 */
  0x0692, 0x0692, 0x0692, 0x0692, 0x0692, 0x0692, 0x0692, 0x0692,  /* 0x50D8 */
  0x0692, 0x0692, 0x0692, 0x0692, 0x0692, 0x0692, 0x0692, 0x0692,  /* 0x50E0 */
  0x0692, 0x0692, 0x0692, 0x0692, 0x0692, 0x0692, 0x0692, 0x0692,  /* 0x50E8 */
  0x0692, 0x0692, 0x0692, 0x0692, 0x0692, 0x0692, 0x0692, 0x0692,  /* 0x50F0 */
  0x0692, 0x0692, 0x06B8, 0x06C8, 0x06A8, 0x03E1, 0x03E1, 0x03E1,  /* 0x50F8 */
  0x01E9, 0x01E9, 0x01E9, 0x01E9, 0x01E9, 0x01E9, 0x01E9, 0x01E9,  /* 0x5100 */
  0x03E1, 0x03E1, 0x03E1, 0x03E1, 0x03E1, 0x03E1, 0x03E1, 0x03E1,  /* 0x5108 */
  0x020D, 0x020D, 0x020D, 0x020D, 0x020D, 0x020D, 0x020D, 0x020D,  /* 0x5110 */
  0x0231, 0x0231, 0x0231, 0x0231, 0x0231, 0x0231, 0x0231, 0x0231,  /* 0x5118 */
  0x0225, 0x0225, 0x0225, 0x0225, 0x0225, 0x0225, 0x0225, 0x0225,  /* 0x5120 */
  0x0219, 0x0219, 0x0219, 0x0219, 0x0219, 0x0219, 0x0219, 0x0219,  /* 0x5128 */
  0x0249, 0x0249, 0x0249, 0x0249, 0x0249, 0x0249, 0x0249, 0x0249,  /* 0x5130 */
  0x01F5, 0x0201, 0x03E1, 0x03E1, 0x03E1, 0x03E1, 0x03E1, 0x03E1,  /* 0x5138 */
  0x01ED, 0x01ED, 0x01ED, 0x01ED, 0x01ED, 0x01ED, 0x01ED, 0x01ED,  /* 0x5140 */
  0x024F, 0x024F, 0x024F, 0x024F, 0x024F, 0x024F, 0x024F, 0x024F,  /* 0x5148 */
  0x0211, 0x0211, 0x0211, 0x0211, 0x0211, 0x0211, 0x0211, 0x0211,  /* 0x5150 */
  0x0235, 0x0235, 0x0235, 0x0235, 0x0235, 0x0235, 0x0235, 0x0235,  /* 0x5158 */
  0x0229, 0x0229, 0x0229, 0x0229, 0x0229, 0x0229, 0x0229, 0x0229,  /* 0x5160 */
  0x021D, 0x021D, 0x021D, 0x021D, 0x021D, 0x021D, 0x021D, 0x021D,  /* 0x5168 */
  0x0251, 0x0251, 0x0251, 0x0251, 0x0251, 0x0251, 0x0251, 0x0251,  /* 0x5170 */
  0x01F9, 0x0205, 0x03E1, 0x03E1, 0x03E1, 0x03E1, 0x03E1, 0x03E1,  /* 0x5178 */
  0x01F1, 0x01F1, 0x01F1, 0x01F1, 0x01F1, 0x01F1, 0x01F1, 0x01F1,  /* 0x5180 */
  0x024F, 0x024F, 0x024F, 0x024F, 0x024F, 0x024F, 0x024F, 0x024F,  /* 0x5188 */
  0x0215, 0x0215, 0x0215, 0x0215, 0x0215, 0x0215, 0x0215, 0x0215,  /* 0x5190 */
  0x0239, 0x0239, 0x0239, 0x0239, 0x0239, 0x0239, 0x0239, 0x0239,  /* 0x5198 */
  0x022D, 0x022D, 0x022D, 0x022D, 0x022D, 0x022D, 0x022D, 0x022D,  /* 0x51A0 */
  0x0221, 0x0221, 0x0221, 0x0221, 0x0221, 0x0221, 0x0221, 0x0221,  /* 0x51A8 */
  0x0255, 0x0255, 0x0255, 0x0255, 0x0255, 0x0255, 0x0255, 0x0255,  /* 0x51B0 */
  0x01FD, 0x0209, 0x03E1, 0x03E1, 0x03E1, 0x03E1, 0x03E1, 0x03E1,  /* 0x51B8 */
  0x0683, 0x0683, 0x0683, 0x0683, 0x0683, 0x0683, 0x0683, 0x0683,  /* 0x51C0 */
  0x04AE, 0x04AE, 0x04AE, 0x04AE, 0x04AE, 0x04AE, 0x04AE, 0x04AE,  /* 0x51C8 */
  0x0693, 0x0693, 0x0693, 0x0693, 0x0693, 0x0693, 0x0693, 0x0693,  /* 0x51D0 */
  0x0693, 0x0693, 0x0693, 0x0693, 0x0693, 0x0693, 0x0693, 0x0693,  /* 0x51D8 */
  0x0693, 0x0693, 0x0693, 0x0693, 0x0693, 0x0693, 0x0693, 0x0693,  /* 0x51E0 */
  0x0693, 0x0693, 0x0693, 0x0693, 0x0693, 0x0693, 0x0693, 0x0693,  /* 0x51E8 */
  0x0693, 0x0693, 0x0693, 0x0693, 0x0693, 0x0693, 0x0693, 0x0693,  /* 0x51F0 */
  0x0693, 0x0693, 0x06B9, 0x06C9, 0x06A9, 0x03E1, 0x03E1, 0x03E1,  /* 0x51F8 */
  0x0197, 0x0197, 0x0197, 0x0197, 0x0197, 0x0197, 0x0197, 0x0197,  /* 0x5200 */
  0x03E1, 0x03E1, 0x03E1, 0x03E1, 0x03E1, 0x03E1, 0x03E1, 0x03E1,  /* 0x5208 */
  0x01BB, 0x01BB, 0x01BB, 0x01BB, 0x01BB, 0x01BB, 0x01BB, 0x01BB,  /* 0x5210 */
  0x01DF, 0x01DF, 0x01DF, 0x01DF, 0x01DF, 0x01DF, 0x01DF, 0x01DF,  /* 0x5218 */
  0x01D3, 0x01D3, 0x01D3, 0x01D3, 0x01D3, 0x01D3, 0x01D3, 0x01D3,  /* 0x5220 */
  0x01C7, 0x01C7, 0x01C7, 0x01C7, 0x01C7, 0x01C7, 0x01C7, 0x01C7,  /* 0x5228 */
  0x023F, 0x023F, 0x023F, 0x023F, 0x023F, 0x023F, 0x023F, 0x023F,  /* 0x5230 */
  0x01A3, 0x01AF, 0x03E1, 0x03E1, 0x03E1, 0x03E1, 0x03E1, 0x03E1,  /* 0x5238 */
  0x019B, 0x019B, 0x019B, 0x019B, 0x019B, 0x019B, 0x019B, 0x019B,  /* 0x5240 */
  0x024E, 0x024E, 0x024E, 0x024E, 0x024E, 0x024E, 0x024E, 0x024E,  /* 0x5248 */
  0x01BF, 0x01BF, 0x01BF, 0x01BF, 0x01BF, 0x01BF, 0x01BF, 0x01BF,  /* 0x5250 */
  0x01E3, 0x01E3, 0x01E3, 0x01E3, 0x01E3, 0x01E3, 0x01E3, 0x01E3,  /* 0x5258 */
  0x01D7, 0x01D7, 0x01D7, 0x01D7, 0x01D7, 0x01D7, 0x01D7, 0x01D7,  /* 0x5260 */
  0x01CB, 0x01CB, 0x01CB, 0x01CB, 0x01CB, 0x01CB, 0x01CB, 0x01CB,  /* 0x5268 */
  0x0243, 0x0243, 0x0243, 0x0243, 0x0243, 0x0243, 0x0243, 0x0243,  /* 0x5270 */
  0x01A7, 0x01B3, 0x03E1, 0x03E1, 0x03E1, 0x03E1, 0x03E1, 0x03E1,  /* 0x5278 */
  0x019F, 0x019F, 0x019F, 0x019F, 0x019F, 0x019F, 0x019F, 0x019F,  /* 0x5280 */
  0x024E, 0x024E, 0x024E, 0x024E, 0x024E, 0x024E, 0x024E, 0x024E,  /* 0x5288 */
  0x01C3, 0x01C3, 0x01C3, 0x01C3, 0x01C3, 0x01C3, 0x01C3, 0x01C3,  /* 0x5290 */
  0x01E7, 0x01E7, 0x01E7, 0x01E7, 0x01E7, 0x01E7, 0x01E7, 0x01E7,  /* 0x5298 */
  0x01DB, 0x01DB, 0x01DB, 0x01DB, 0x01DB, 0x01DB, 0x01DB, 0x01DB,  /* 0x52A0 */
  0x01CF, 0x01CF, 0x01CF, 0x01CF, 0x01CF, 0x01CF, 0x01CF, 0x01CF,  /* 0x52A8 */
  0x0247, 0x0247, 0x0247, 0x0247, 0x0247, 0x0247, 0x0247, 0x0247,  /* 0x52B0 */
  0x01AB, 0x01B7, 0x03E1, 0x03E1, 0x03E1, 0x03E1, 0x03E1, 0x03E1,  /* 0x52B8 */
  0x0684, 0x0684, 0x0684, 0x0684, 0x0684, 0x0684, 0x0684, 0x0684,  /* 0x52C0 */
  0x04A0, 0x04A0, 0x04A0, 0x04A0, 0x04A0, 0x04A0, 0x04A0, 0x04A0,  /* 0x52C8 */
  0x0694, 0x0694, 0x0694, 0x0694, 0x0694, 0x0694, 0x0694, 0x0694,  /* 0x52D0 */
  0x0694, 0x0694, 0x0694, 0x0694, 0x0694, 0x0694, 0x0694, 0x0694,  /* 0x52D8 */
  0x0694, 0x0694, 0x0694, 0x0694, 0x0694, 0x0694, 0x0694, 0x0694,  /* 0x52E0 */
  0x0694, 0x0694, 0x0694, 0x0694, 0x0694, 0x0694, 0x0694, 0x0694,  /* 0x52E8 */
  0x0694, 0x0694, 0x0694, 0x0694, 0x0694, 0x0694, 0x0694, 0x0694,  /* 0x52F0 */
  0x0694, 0x0694, 0x06BA, 0x06CA, 0x06AA, 0x03E1, 0x03E1, 0x03E1,  /* 0x52F8 */
  0x01EB, 0x01EB, 0x01EB, 0x01EB, 0x01EB, 0x01EB, 0x01EB, 0x01EB,  /* 0x5300 */
  0x03E1, 0x03E1, 0x03E1, 0x03E1, 0x03E1, 0x03E1, 0x03E1, 0x03E1,  /* 0x5308 */
  0x020F, 0x020F, 0x020F, 0x020F, 0x020F, 0x020F, 0x020F, 0x020F,  /* 0x5310 */
  0x0233, 0x0233, 0x0233, 0x0233, 0x0233, 0x0233, 0x0233, 0x0233,  /* 0x5318 */
  0x0227, 0x0227, 0x0227, 0x0227, 0x0227, 0x0227, 0x0227, 0x0227,  /* 0x5320 */
  0x021B, 0x021B, 0x021B, 0x021B, 0x021B, 0x021B, 0x021B, 0x021B,  /* 0x5328 */
  0x024B, 0x024B, 0x024B, 0x024B, 0x024B, 0x024B, 0x024B, 0x024B,  /* 0x5330 */
  0x01F7, 0x0203, 0x03E1, 0x03E1, 0x03E1, 0x03E1, 0x03E1, 0x03E1,  /* 0x5338 */
  0x01EF, 0x01EF, 0x01EF, 0x01EF, 0x01EF, 0x01EF, 0x01EF, 0x01EF,  /* 0x5340 */
  0x0250, 0x0250, 0x0250, 0x0250, 0x0250, 0x0250, 0x0250, 0x0250,  /* 0x5348 */
  0x0213, 0x0213, 0x0213, 0x0213, 0x0213, 0x0213, 0x0213, 0x0213,  /* 0x5350 */
  0x0237, 0x0237, 0x0237, 0x0237, 0x0237, 0x0237, 0x0237, 0x0237,  /* 0x5358 */
  0x022B, 0x022B, 0x022B, 0x022B, 0x022B, 0x022B, 0x022B, 0x022B,  /* 0x5360 */
  0x021F, 0x021F, 0x021F, 0x021F, 0x021F, 0x021F, 0x021F, 0x021F,  /* 0x5368 */
  0x0253, 0x0253, 0x0253, 0x0253, 0x0253, 0x0253, 0x0253, 0x0253,  /* 0x5370 */
  0x01FB, 0x0207, 0x03E1, 0x03E1, 0x03E1, 0x03E1, 0x03E1, 0x03E1,  /* 0x5378 */
  0x01F3, 0x01F3, 0x01F3, 0x01F3, 0x01F3, 0x01F3, 0x01F3, 0x01F3,  /* 0x5380 */
  0x0250, 0x0250, 0x0250, 0x0250, 0x0250, 0x0250, 0x0250, 0x0250,  /* 0x5388 */
  0x0217, 0x0217, 0x0217, 0x0217, 0x0217, 0x0217, 0x0217, 0x0217,  /* 0x5390 */
  0x023B, 0x023B, 0x023B, 0x023B, 0x023B, 0x023B, 0x023B, 0x023B,  /* 0x5398 */
  0x022F, 0x022F, 0x022F, 0x022F, 0x022F, 0x022F, 0x022F, 0x022F,  /* 0x53A0 */
  0x0223, 0x0223, 0x0223, 0x0223, 0x0223, 0x0223, 0x0223, 0x0223,  /* 0x53A8 */
  0x0257, 0x0257, 0x0257, 0x0257, 0x0257, 0x0257, 0x0257, 0x0257,  /* 0x53B0 */
  0x01FF, 0x020B, 0x03E1, 0x03E1, 0x03E1, 0x03E1, 0x03E1, 0x03E1,  /* 0x53B8 */
  0x0685, 0x0685, 0x0685, 0x0685, 0x0685, 0x0685, 0x0685, 0x0685,  /* 0x53C0 */
  0x04A1, 0x04A1, 0x04A1, 0x04A1, 0x04A1, 0x04A1, 0x04A1, 0x04A1,  /* 0x53C8 */
  0x0695, 0x0695, 0x0695, 0x0695, 0x0695, 0x0695, 0x0695, 0x0695,  /* 0x53D0 */
  0x0695, 0x0695, 0x0695, 0x0695, 0x0695, 0x0695, 0x0695, 0x0695,  /* 0x53D8 */
  0x0695, 0x0695, 0x0695, 0x0695, 0x0695, 0x0695, 0x0695, 0x0695,  /* 0x53E0 */
  0x0695, 0x0695, 0x0695, 0x0695, 0x0695, 0x0695, 0x0695, 0x0695,  /* 0x53E8 */
  0x0695, 0x0695, 0x0695, 0x0695, 0x0695, 0x0695, 0x0695, 0x0695,  /* 0x53F0 */
  0x0695, 0x0695, 0x06BB, 0x06CB, 0x06AB, 0x03E1, 0x03E1, 0x03E1,  /* 0x53F8 */
  0x0197, 0x0197, 0x0197, 0x0197, 0x0197, 0x0197, 0x0197, 0x0197,  /* 0x5400 */
  0x03E1, 0x03E1, 0x03E1, 0x03E1, 0x03E1, 0x03E1, 0x03E1, 0x03E1,  /* 0x5408 */
  0x01BB, 0x01BB, 0x01BB, 0x01BB, 0x01BB, 0x01BB, 0x01BB, 0x01BB,  /* 0x5410 */
  0x01DF, 0x01DF, 0x01DF, 0x01DF, 0x01DF, 0x01DF, 0x01DF, 0x01DF,  /* 0x5418 */
  0x01D3, 0x01D3, 0x01D3, 0x01D3, 0x01D3, 0x01D3, 0x01D3, 0x01D3,  /* 0x5420 */
  0x01C7, 0x01C7, 0x01C7, 0x01C7, 0x01C7, 0x01C7, 0x01C7, 0x01C7,  /* 0x5428 */
  0x023F, 0x023F, 0x023F, 0x023F, 0x023F, 0x023F, 0x023F, 0x023F,  /* 0x5430 */
  0x01A3, 0x01AF, 0x03E1, 0x03E1, 0x03E1, 0x03E1, 0x03E1, 0x03E1,  /* 0x5438 */
  0x019B, 0x019B, 0x019B, 0x019B, 0x019B, 0x019B, 0x019B, 0x019B,  /* 0x5440 */
  0x024E, 0x024E, 0x024E, 0x024E, 0x024E, 0x024E, 0x024E, 0x024E,  /* 0x5448 */
  0x01BF, 0x01BF, 0x01BF, 0x01BF, 0x01BF, 0x01BF, 0x01BF, 0x01BF,  /* 0x5450 */
  0x01E3, 0x01E3, 0x01E3, 0x01E3, 0x01E3, 0x01E3, 0x01E3, 0x01E3,  /* 0x5458 */
  0x01D7, 0x01D7, 0x01D7, 0x01D7, 0x01D7, 0x01D7, 0x01D7, 0x01D7,  /* 0x5460 */
  0x01CB, 0x01CB, 0x01CB, 0x01CB, 0x01CB, 0x01CB, 0x01CB, 0x01CB,  /* 0x5468 */
  0x0243, 0x0243, 0x0243, 0x0243, 0x0243, 0x0243, 0x0243, 0x0243,  /* 0x5470 */
  0x01A7, 0x01B3, 0x03E1, 0x03E1, 0x03E1, 0x03E1, 0x03E1, 0x03E1,  /* 0x5478 */
  0x019F, 0x019F, 0x019F, 0x019F, 0x019F, 0x019F, 0x019F, 0x019F,  /* 0x5480 */
  0x024E, 0x024E, 0x024E, 0x024E, 0x024E, 0x024E, 0x024E, 0x024E,  /* 0x5488 */
  0x01C3, 0x01C3, 0x01C3, 0x01C3, 0x01C3, 0x01C3, 0x01C3, 0x01C3,  /* 0x5490 */
  0x01E7, 0x01E7, 0x01E7, 0x01E7, 0x01E7, 0x01E7, 0x01E7, 0x01E7,  /* 0x5498 */
  0x01DB, 0x01DB, 0x01DB, 0x01DB, 0x01DB, 0x01DB, 0x01DB, 0x01DB,  /* 0x54A0 */
  0x01CF, 0x01CF, 0x01CF, 0x01CF, 0x01CF, 0x01CF, 0x01CF, 0x01CF,  /* 0x54A8 */
  0x0247, 0x0247, 0x0247, 0x0247, 0x0247, 0x0247, 0x0247, 0x0247,  /* 0x54B0 */
  0x01AB, 0x01B7, 0x03E1, 0x03E1, 0x03E1, 0x03E1, 0x03E1, 0x03E1,  /* 0x54B8 */
  0x0686, 0x0686, 0x0686, 0x0686, 0x0686, 0x0686, 0x0686, 0x0686,  /* 0x54C0 */
  0x04A2, 0x04A2, 0x04A2, 0x04A2, 0x04A2, 0x04A2, 0x04A2, 0x04A2,  /* 0x54C8 */
  0x0696, 0x0696, 0x0696, 0x0696, 0x0696, 0x0696, 0x0696, 0x0696,  /* 0x54D0 */
  0x0696, 0x0696, 0x0696, 0x0696, 0x0696, 0x0696, 0x0696, 0x0696,  /* 0x54D8 */
  0x0696, 0x0696, 0x0696, 0x0696, 0x0696, 0x0696, 0x0696, 0x0696,  /* 0x54E0 */
  0x0696, 0x0696, 0x0696, 0x0696, 0x0696, 0x0696, 0x0696, 0x0696,  /* 0x54E8 */
  0x0696, 0x0696, 0x0696, 0x0696, 0x0696, 0x0696, 0x0696, 0x0696,  /* 0x54F0 */
  0x0696, 0x0696, 0x06BC, 0x06CC, 0x06AC, 0x03E1, 0x03E1, 0x03E1,  /* 0x54F8 */
  0x01EB, 0x01EB, 0x01EB, 0x01EB, 0x01EB, 0x01EB, 0x01EB, 0x01EB,  /* 0x5500 */
  0x03E1, 0x03E1, 0x03E1, 0x03E1, 0x03E1, 0x03E1, 0x03E1, 0x03E1,  /* 0x5508 */
  0x020F, 0x020F, 0x020F, 0x020F, 0x020F, 0x020F, 0x020F, 0x020F,  /* 0x5510 */
  0x0233, 0x0233, 0x0233, 0x0233, 0x0233, 0x0233, 0x0233, 0x0233,  /* 0x5518 */
  0x0227, 0x0227, 0x0227, 0x0227, 0x0227, 0x0227, 0x0227, 0x0227,  /* 0x5520 */
  0x021B, 0x021B, 0x021B, 0x021B, 0x021B, 0x021B, 0x021B, 0x021B,  /* 0x5528 */
  0x024B, 0x024B, 0x024B, 0x024B, 0x024B, 0x024B, 0x024B, 0x024B,  /* 0x5530 */
  0x01F7, 0x0203, 0x03E1, 0x03E1, 0x03E1, 0x03E1, 0x03E1, 0x03E1,  /* 0x5538 */
  0x01EF, 0x01EF, 0x01EF, 0x01EF, 0x01EF, 0x01EF, 0x01EF, 0x01EF,  /* 0x5540 */
  0x0250, 0x0250, 0x0250, 0x0250, 0x0250, 0x0250, 0x0250, 0x0250,  /* 0x5548 */
  0x0213, 0x0213, 0x0213, 0x0213, 0x0213, 0x0213, 0x0213, 0x0213,  /* 0x5550 */
  0x0237, 0x0237, 0x0237, 0x0237, 0x0237, 0x0237, 0x0237, 0x0237,  /* 0x5558 */
  0x022B, 0x022B, 0x022B, 0x022B, 0x022B, 0x022B, 0x022B, 0x022B,  /* 0x5560 */
  0x021F, 0x021F, 0x021F, 0x021F, 0x021F, 0x021F, 0x021F, 0x021F,  /* 0x5568 */
  0x0253, 0x0253, 0x0253, 0x0253, 0x0253, 0x0253, 0x0253, 0x0253,  /* 0x5570 */
  0x01FB, 0x0207, 0x03E1, 0x03E1, 0x03E1, 0x03E1, 0x03E1, 0x03E1,  /* 0x5578 */
  0x01F3, 0x01F3, 0x01F3, 0x01F3, 0x01F3, 0x01F3, 0x01F3, 0x01F3,  /* 0x5580 */
  0x0250, 0x0250, 0x0250, 0x0250, 0x0250, 0x0250, 0x0250, 0x0250,  /* 0x5588 */
  0x0217, 0x0217, 0x0217, 0x0217, 0x0217, 0x0217, 0x0217, 0x0217,  /* 0x5590 */
  0x023B, 0x023B, 0x023B, 0x023B, 0x023B, 0x023B, 0x023B, 0x023B,  /* 0x5598 */
  0x022F, 0x022F, 0x022F, 0x022F, 0x022F, 0x022F, 0x022F, 0x022F,  /* 0x55A0 */
  0x0223, 0x0223, 0x0223, 0x0223, 0x0223, 0x0223, 0x0223, 0x0223,  /* 0x55A8 */
  0x0257, 0x0257, 0x0257, 0x0257, 0x0257, 0x0257, 0x0257, 0x0257,  /* 0x55B0 */
  0x01FF, 0x020B, 0x03E1, 0x03E1, 0x03E1, 0x03E1, 0x03E1, 0x03E1,  /* 0x55B8 */
  0x0687, 0x0687, 0x0687, 0x0687, 0x0687, 0x0687, 0x0687, 0x0687,  /* 0x55C0 */
  0x04A3, 0x04A3, 0x04A3, 0x04A3, 0x04A3, 0x04A3, 0x04A3, 0x04A3,  /* 0x55C8 */
  0x0697, 0x0697, 0x0697, 0x0697, 0x0697, 0x0697, 0x0697, 0x0697,  /* 0x55D0 */
  0x0697, 0x0697, 0x0697, 0x0697, 0x0697, 0x0697, 0x0697, 0x0697,  /* 0x55D8 */
  0x0697, 0x0697, 0x0697, 0x0697, 0x0697, 0x0697, 0x0697, 0x0697,  /* 0x55E0 */
  0x0697, 0x0697, 0x0697, 0x0697, 0x0697, 0x0697, 0x0697, 0x0697,  /* 0x55E8 */
  0x0697, 0x0697, 0x0697, 0x0697, 0x0697, 0x0697, 0x0697, 0x0697,  /* 0x55F0 */
  0x0697, 0x0697, 0x06BD, 0x06CD, 0x06AD, 0x03E1, 0x03E1, 0x03E1,  /* 0x55F8 */
  0x0197, 0x0197, 0x0197, 0x0197, 0x0197, 0x0197, 0x0197, 0x0197,  /* 0x5600 */
  0x03E1, 0x03E1, 0x03E1, 0x03E1, 0x03E1, 0x03E1, 0x03E1, 0x03E1,  /* 0x5608 */
  0x01BB, 0x01BB, 0x01BB, 0x01BB, 0x01BB, 0x01BB, 0x01BB, 0x01BB,  /* 0x5610 */
  0x01DF, 0x01DF, 0x01DF, 0x01DF, 0x01DF, 0x01DF, 0x01DF, 0x01DF,  /* 0x5618 */
  0x01D3, 0x01D3, 0x01D3, 0x01D3, 0x01D3, 0x01D3, 0x01D3, 0x01D3,  /* 0x5620 */
  0x01C7, 0x01C7, 0x01C7, 0x01C7, 0x01C7, 0x01C7, 0x01C7, 0x01C7,  /* 0x5628 */
  0x023F, 0x023F, 0x023F, 0x023F, 0x023F, 0x023F, 0x023F, 0x023F,  /* 0x5630 */
  0x01A3, 0x01AF, 0x03E1, 0x03E1, 0x03E1, 0x03E1, 0x03E1, 0x03E1,  /* 0x5638 */
  0x019B, 0x019B, 0x019B, 0x019B, 0x019B, 0x019B, 0x019B, 0x019B,  /* 0x5640 */
  0x024E, 0x024E, 0x024E, 0x024E, 0x024E, 0x024E, 0x024E, 0x024E,  /* 0x5648 */
  0x01BF, 0x01BF, 0x01BF, 0x01BF, 0x01BF, 0x01BF, 0x01BF, 0x01BF,  /* 0x5650 */
  0x01E3, 0x01E3, 0x01E3, 0x01E3, 0x01E3, 0x01E3, 0x01E3, 0x01E3,  /* 0x5658 */
  0x01D7, 0x01D7, 0x01D7, 0x01D7, 0x01D7, 0x01D7, 0x01D7, 0x01D7,  /* 0x5660 */
  0x01CB, 0x01CB, 0x01CB, 0x01CB, 0x01CB, 0x01CB, 0x01CB, 0x01CB,  /* 0x5668 */
  0x0243, 0x0243, 0x0243, 0x0243, 0x0243, 0x0243, 0x0243, 0x0243,  /* 0x5670 */
  0x01A7, 0x01B3, 0x03E1, 0x03E1, 0x03E1, 0x03E1, 0x03E1, 0x03E1,  /* 0x5678 */
  0x019F, 0x019F, 0x019F, 0x019F, 0x019F, 0x019F, 0x019F, 0x019F,  /* 0x5680 */
  0x024E, 0x024E, 0x024E, 0x024E, 0x024E, 0x024E, 0x024E, 0x024E,  /* 0x5688 */
  0x01C3, 0x01C3, 0x01C3, 0x01C3, 0x01C3, 0x01C3, 0x01C3, 0x01C3,  /* 0x5690 */
  0x01E7, 0x01E7, 0x01E7, 0x01E7, 0x01E7, 0x01E7, 0x01E7, 0x01E7,  /* 0x5698 */
  0x01DB, 0x01DB, 0x01DB, 0x01DB, 0x01DB, 0x01DB, 0x01DB, 0x01DB,  /* 0x56A0 */
  0x01CF, 0x01CF, 0x01CF, 0x01CF, 0x01CF, 0x01CF, 0x01CF, 0x01CF,  /* 0x56A8 */
  0x0247, 0x0247, 0x0247, 0x0247, 0x0247, 0x0247, 0x0247, 0x0247,  /* 0x56B0 */
  0x01AB, 0x01B7, 0x03E1, 0x03E1, 0x03E1, 0x03E1, 0x03E1, 0x03E1,  /* 0x56B8 */
  0x0688, 0x0688, 0x0688, 0x0688, 0x0688, 0x0688, 0x0688, 0x0688,  /* 0x56C0 */
  0x04A4, 0x04A4, 0x04A4, 0x04A4, 0x04A4, 0x04A4, 0x04A4, 0x04A4,  /* 0x56C8 */
  0x0698, 0x0698, 0x0698, 0x0698, 0x0698, 0x0698, 0x0698, 0x0698,  /* 0x56D0 */
  0x0698, 0x0698, 0x0698, 0x0698, 0x0698, 0x0698, 0x0698, 0x0698,  /* 0x56D8 */
  0x0698, 0x0698, 0x0698, 0x0698, 0x0698, 0x0698, 0x0698, 0x0698,  /* 0x56E0 */
  0x0698, 0x0698, 0x0698, 0x0698, 0x0698, 0x0698, 0x0698, 0x0698,  /* 0x56E8 */
  0x0698, 0x0698, 0x0698, 0x0698, 0x0698, 0x0698, 0x0698, 0x0698,  /* 0x56F0 */
  0x0698, 0x0698, 0x06BE, 0x06CE, 0x06AE, 0x03E1, 0x03E1, 0x03E1,  /* 0x56F8 */
  0x01EB, 0x01EB, 0x01EB, 0x01EB, 0x01EB, 0x01EB, 0x01EB, 0x01EB,  /* 0x5700 */
  0x03E1, 0x03E1, 0x03E1, 0x03E1, 0x03E1, 0x03E1, 0x03E1, 0x03E1,  /* 0x5708 */
  0x020F, 0x020F, 0x020F, 0x020F, 0x020F, 0x020F, 0x020F, 0x020F,  /* 0x5710 */
  0x0233, 0x0233, 0x0233, 0x0233, 0x0233, 0x0233, 0x0233, 0x0233,  /* 0x5718 */
  0x0227, 0x0227, 0x0227, 0x0227, 0x0227, 0x0227, 0x0227, 0x0227,  /* 0x5720 */
  0x021B, 0x021B, 0x021B, 0x021B, 0x021B, 0x021B, 0x021B, 0x021B,  /* 0x5728 */
  0x024B, 0x024B, 0x024B, 0x024B, 0x024B, 0x024B, 0x024B, 0x024B,  /* 0x5730 */
  0x01F7, 0x0203, 0x03E1, 0x03E1, 0x03E1, 0x03E1, 0x03E1, 0x03E1,  /* 0x5738 */
  0x01EF, 0x01EF, 0x01EF, 0x01EF, 0x01EF, 0x01EF, 0x01EF, 0x01EF,  /* 0x5740 */
  0x0250, 0x0250, 0x0250, 0x0250, 0x0250, 0x0250, 0x0250, 0x0250,  /* 0x5748 */
  0x0213, 0x0213, 0x0213, 0x0213, 0x0213, 0x0213, 0x0213, 0x0213,  /* 0x5750 */
  0x0237, 0x0237, 0x0237, 0x0237, 0x0237, 0x0237, 0x0237, 0x0237,  /* 0x5758 */
  0x022B, 0x022B, 0x022B, 0x022B, 0x022B, 0x022B, 0x022B, 0x022B,  /* 0x5760 */
  0x021F, 0x021F, 0x021F, 0x021F, 0x021F, 0x021F, 0x021F, 0x021F,  /* 0x5768 */
  0x0253, 0x0253, 0x0253, 0x0253, 0x0253, 0x0253, 0x0253, 0x0253,  /* 0x5770 */
  0x01FB, 0x0207, 0x03E1, 0x03E1, 0x03E1, 0x03E1, 0x03E1, 0x03E1,  /* 0x5778 */
  0x01F3, 0x01F3, 0x01F3, 0x01F3, 0x01F3, 0x01F3, 0x01F3, 0x01F3,  /* 0x5780 */
  0x0250, 0x0250, 0x0250, 0x0250, 0x0250, 0x0250, 0x0250, 0x0250,  /* 0x5788 */
  0x0217, 0x0217, 0x0217, 0x0217, 0x0217, 0x0217, 0x0217, 0x0217,  /* 0x5790 */
  0x023B, 0x023B, 0x023B, 0x023B, 0x023B, 0x023B, 0x023B, 0x023B,  /* 0x5798 */
  0x022F, 0x022F, 0x022F, 0x022F, 0x022F, 0x022F, 0x022F, 0x022F,  /* 0x57A0 */
  0x0223, 0x0223, 0x0223, 0x0223, 0x0223, 0x0223, 0x0223, 0x0223,  /* 0x57A8 */
  0x0257, 0x0257, 0x0257, 0x0257, 0x0257, 0x0257, 0x0257, 0x0257,  /* 0x57B0 */
  0x01FF, 0x020B, 0x03E1, 0x03E1, 0x03E1, 0x03E1, 0x03E1, 0x03E1,  /* 0x57B8 */
  0x0689, 0x0689, 0x0689, 0x0689, 0x0689, 0x0689, 0x0689, 0x0689,  /* 0x57C0 */
  0x04A5, 0x04A5, 0x04A5, 0x04A5, 0x04A5, 0x04A5, 0x04A5, 0x04A5,  /* 0x57C8 */
  0x0699, 0x0699, 0x0699, 0x0699, 0x0699, 0x0699, 0x0699, 0x0699,  /* 0x57D0 */
  0x0699, 0x0699, 0x0699, 0x0699, 0x0699, 0x0699, 0x0699, 0x0699,  /* 0x57D8 */
  0x0699, 0x0699, 0x0699, 0x0699, 0x0699, 0x0699, 0x0699, 0x0699,  /* 0x57E0 */
  0x0699, 0x0699, 0x0699, 0x0699, 0x0699, 0x0699, 0x0699, 0x0699,  /* 0x57E8 */
  0x0699, 0x0699, 0x0699, 0x0699, 0x0699, 0x0699, 0x0699, 0x0699,  /* 0x57F0 */
  0x0699, 0x0699, 0x06BF, 0x06CF, 0x06AF, 0x03E1, 0x03E1, 0x03E1,  /* 0x57F8 */
  0x0197, 0x0197, 0x0197, 0x0197, 0x0197, 0x0197, 0x0197, 0x0197,  /* 0x5800 */
  0x03E1, 0x03E1, 0x03E1, 0x03E1, 0x03E1, 0x03E1, 0x03E1, 0x03E1,  /* 0x5808 */
  0x01BB, 0x01BB, 0x01BB, 0x01BB, 0x01BB, 0x01BB, 0x01BB, 0x01BB,  /* 0x5810 */
  0x01DF, 0x01DF, 0x01DF, 0x01DF, 0x01DF, 0x01DF, 0x01DF, 0x01DF,  /* 0x5818 */
  0x01D3, 0x01D3, 0x01D3, 0x01D3, 0x01D3, 0x01D3, 0x01D3, 0x01D3,  /* 0x5820 */
  0x01C7, 0x01C7, 0x01C7, 0x01C7, 0x01C7, 0x01C7, 0x01C7, 0x01C7,  /* 0x5828 */
  0x023F, 0x023F, 0x023F, 0x023F, 0x023F, 0x023F, 0x023F, 0x023F,  /* 0x5830 */
  0x01A3, 0x01AF, 0x03E1, 0x03E1, 0x03E1, 0x03E1, 0x03E1, 0x03E1,  /* 0x5838 */
  0x019B, 0x019B, 0x019B, 0x019B, 0x019B, 0x019B, 0x019B, 0x019B,  /* 0x5840 */
  0x024E, 0x024E, 0x024E, 0x024E, 0x024E, 0x024E, 0x024E, 0x024E,  /* 0x5848 */
  0x01BF, 0x01BF, 0x01BF, 0x01BF, 0x01BF, 0x01BF, 0x01BF, 0x01BF,  /* 0x5850 */
  0x01E3, 0x01E3, 0x01E3, 0x01E3, 0x01E3, 0x01E3, 0x01E3, 0x01E3,  /* 0x5858 */
  0x01D7, 0x01D7, 0x01D7, 0x01D7, 0x01D7, 0x01D7, 0x01D7, 0x01D7,  /* 0x5860 */
  0x01CB, 0x01CB, 0x01CB, 0x01CB, 0x01CB, 0x01CB, 0x01CB, 0x01CB,  /* 0x5868 */
  0x0243, 0x0243, 0x0243, 0x0243, 0x0243, 0x0243, 0x0243, 0x0243,  /* 0x5870 */
  0x01A7, 0x01B3, 0x03E1, 0x03E1, 0x03E1, 0x03E1, 0x03E1, 0x03E1,  /* 0x5878 */
  0x019F, 0x019F, 0x019F, 0x019F, 0x019F, 0x019F, 0x019F, 0x019F,  /* 0x5880 */
  0x024E, 0x024E, 0x024E, 0x024E, 0x024E, 0x024E, 0x024E, 0x024E,  /* 0x5888 */
  0x01C3, 0x01C3, 0x01C3, 0x01C3, 0x01C3, 0x01C3, 0x01C3, 0x01C3,  /* 0x5890 */
  0x01E7, 0x01E7, 0x01E7, 0x01E7, 0x01E7, 0x01E7, 0x01E7, 0x01E7,  /* 0x5898 */
  0x01DB, 0x01DB, 0x01DB, 0x01DB, 0x01DB, 0x01DB, 0x01DB, 0x01DB,  /* 0x58A0 */
  0x01CF, 0x01CF, 0x01CF, 0x01CF, 0x01CF, 0x01CF, 0x01CF, 0x01CF,  /* 0x58A8 */
  0x0247, 0x0247, 0x0247, 0x0247, 0x0247, 0x0247, 0x0247, 0x0247,  /* 0x58B0 */
  0x01AB, 0x01B7, 0x03E1, 0x03E1, 0x03E1, 0x03E1, 0x03E1, 0x03E1,  /* 0x58B8 */
  0x068A, 0x068A, 0x068A, 0x068A, 0x068A, 0x068A, 0x068A, 0x068A,  /* 0x58C0 */
  0x04A6, 0x04A6, 0x04A6, 0x04A6, 0x04A6, 0x04A6, 0x04A6, 0x04A6,  /* 0x58C8 */
  0x069A, 0x069A, 0x069A, 0x069A, 0x069A, 0x069A, 0x069A, 0x069A,  /* 0x58D0 */
  0x069A, 0x069A, 0x069A, 0x069A, 0x069A, 0x069A, 0x069A, 0x069A,  /* 0x58D8 */
  0x069A, 0x069A, 0x069A, 0x069A, 0x069A, 0x069A, 0x069A, 0x069A,  /* 0x58E0 */
  0x069A, 0x069A, 0x069A, 0x069A, 0x069A, 0x069A, 0x069A, 0x069A,  /* 0x58E8 */
  0x069A, 0x069A, 0x069A, 0x069A, 0x069A, 0x069A, 0x069A, 0x069A,  /* 0x58F0 */
  0x069A, 0x069A, 0x06C0, 0x06D0, 0x06B0, 0x03E1, 0x03E1, 0x03E1,  /* 0x58F8 */
  0x01EB, 0x01EB, 0x01EB, 0x01EB, 0x01EB, 0x01EB, 0x01EB, 0x01EB,  /* 0x5900 */
  0x03E1, 0x03E1, 0x03E1, 0x03E1, 0x03E1, 0x03E1, 0x03E1, 0x03E1,  /* 0x5908 */
  0x020F, 0x020F, 0x020F, 0x020F, 0x020F, 0x020F, 0x020F, 0x020F,  /* 0x5910 */
  0x0233, 0x0233, 0x0233, 0x0233, 0x0233, 0x0233, 0x0233, 0x0233,  /* 0x5918 */
  0x0227, 0x0227, 0x0227, 0x0227, 0x0227, 0x0227, 0x0227, 0x0227,  /* 0x5920 */
  0x021B, 0x021B, 0x021B, 0x021B, 0x021B, 0x021B, 0x021B, 0x021B,  /* 0x5928 */
  0x024B, 0x024B, 0x024B, 0x024B, 0x024B, 0x024B, 0x024B, 0x024B,  /* 0x5930 */
  0x01F7, 0x0203, 0x03E1, 0x03E1, 0x03E1, 0x03E1, 0x03E1, 0x03E1,  /* 0x5938 */
  0x01EF, 0x01EF, 0x01EF, 0x01EF, 0x01EF, 0x01EF, 0x01EF, 0x01EF,  /* 0x5940 */
  0x0250, 0x0250, 0x0250, 0x0250, 0x0250, 0x0250, 0x0250, 0x0250,  /* 0x5948 */
  0x0213, 0x0213, 0x0213, 0x0213, 0x0213, 0x0213, 0x0213, 0x0213,  /* 0x5950 */
  0x0237, 0x0237, 0x0237, 0x0237, 0x0237, 0x0237, 0x0237, 0x0237,  /* 0x5958 */
  0x022B, 0x022B, 0x022B, 0x022B, 0x022B, 0x022B, 0x022B, 0x022B,  /* 0x5960 */
  0x021F, 0x021F, 0x021F, 0x021F, 0x021F, 0x021F, 0x021F, 0x021F,  /* 0x5968 */
  0x0253, 0x0253, 0x0253, 0x0253, 0x0253, 0x0253, 0x0253, 0x0253,  /* 0x5970 */
  0x01FB, 0x0207, 0x03E1, 0x03E1, 0x03E1, 0x03E1, 0x03E1, 0x03E1,  /* 0x5978 */
  0x01F3, 0x01F3, 0x01F3, 0x01F3, 0x01F3, 0x01F3, 0x01F3, 0x01F3,  /* 0x5980 */
  0x0250, 0x0250, 0x0250, 0x0250, 0x0250, 0x0250, 0x0250, 0x0250,  /* 0x5988 */
  0x0217, 0x0217, 0x0217, 0x0217, 0x0217, 0x0217, 0x0217, 0x0217,  /* 0x5990 */
  0x023B, 0x023B, 0x023B, 0x023B, 0x023B, 0x023B, 0x023B, 0x023B,  /* 0x5998 */
  0x022F, 0x022F, 0x022F, 0x022F, 0x022F, 0x022F, 0x022F, 0x022F,  /* 0x59A0 */
  0x0223, 0x0223, 0x0223, 0x0223, 0x0223, 0x0223, 0x0223, 0x0223,  /* 0x59A8 */
  0x0257, 0x0257, 0x0257, 0x0257, 0x0257, 0x0257, 0x0257, 0x0257,  /* 0x59B0 */
  0x01FF, 0x020B, 0x03E1, 0x03E1, 0x03E1, 0x03E1, 0x03E1, 0x03E1,  /* 0x59B8 */
  0x068B, 0x068B, 0x068B, 0x068B, 0x068B, 0x068B, 0x068B, 0x068B,  /* 0x59C0 */
  0x04A7, 0x04A7, 0x04A7, 0x04A7, 0x04A7, 0x04A7, 0x04A7, 0x04A7,  /* 0x59C8 */
  0x069B, 0x069B, 0x069B, 0x069B, 0x069B, 0x069B, 0x069B, 0x069B,  /* 0x59D0 */
  0x069B, 0x069B, 0x069B, 0x069B, 0x069B, 0x069B, 0x069B, 0x069B,  /* 0x59D8 */
  0x069B, 0x069B, 0x069B, 0x069B, 0x069B, 0x069B, 0x069B, 0x069B,  /* 0x59E0 */
  0x069B, 0x069B, 0x069B, 0x069B, 0x069B, 0x069B, 0x069B, 0x069B,  /* 0x59E8 */
  0x069B, 0x069B, 0x069B, 0x069B, 0x069B, 0x069B, 0x069B, 0x069B,  /* 0x59F0 */
  0x069B, 0x069B, 0x06C1, 0x06D1, 0x06B1, 0x03E1, 0x03E1, 0x03E1,  /* 0x59F8 */
  0x0197, 0x0197, 0x0197, 0x0197, 0x0197, 0x0197, 0x0197, 0x0197,  /* 0x5A00 */
  0x03E1, 0x03E1, 0x03E1, 0x03E1, 0x03E1, 0x03E1, 0x03E1, 0x03E1,  /* 0x5A08 */
  0x01BB, 0x01BB, 0x01BB, 0x01BB, 0x01BB, 0x01BB, 0x01BB, 0x01BB,  /* 0x5A10 */
  0x01DF, 0x01DF, 0x01DF, 0x01DF, 0x01DF, 0x01DF, 0x01DF, 0x01DF,  /* 0x5A18 */
  0x01D3, 0x01D3, 0x01D3, 0x01D3, 0x01D3, 0x01D3, 0x01D3, 0x01D3,  /* 0x5A20 */
  0x01C7, 0x01C7, 0x01C7, 0x01C7, 0x01C7, 0x01C7, 0x01C7, 0x01C7,  /* 0x5A28 */
  0x023F, 0x023F, 0x023F, 0x023F, 0x023F, 0x023F, 0x023F, 0x023F,  /* 0x5A30 */
  0x01A3, 0x01AF, 0x03E1, 0x03E1, 0x03E1, 0x03E1, 0x03E1, 0x03E1,  /* 0x5A38 */
  0x019B, 0x019B, 0x019B, 0x019B, 0x019B, 0x019B, 0x019B, 0x019B,  /* 0x5A40 */
  0x024E, 0x024E, 0x024E, 0x024E, 0x024E, 0x024E, 0x024E, 0x024E,  /* 0x5A48 */
  0x01BF, 0x01BF, 0x01BF, 0x01BF, 0x01BF, 0x01BF, 0x01BF, 0x01BF,  /* 0x5A50 */
  0x01E3, 0x01E3, 0x01E3, 0x01E3, 0x01E3, 0x01E3, 0x01E3, 0x01E3,  /* 0x5A58 */
  0x01D7, 0x01D7, 0x01D7, 0x01D7, 0x01D7, 0x01D7, 0x01D7, 0x01D7,  /* 0x5A60 */
  0x01CB, 0x01CB, 0x01CB, 0x01CB, 0x01CB, 0x01CB, 0x01CB, 0x01CB,  /* 0x5A68 */
  0x0243, 0x0243, 0x0243, 0x0243, 0x0243, 0x0243, 0x0243, 0x0243,  /* 0x5A70 */
  0x01A7, 0x01B3, 0x03E1, 0x03E1, 0x03E1, 0x03E1, 0x03E1, 0x03E1,  /* 0x5A78 */
  0x019F, 0x019F, 0x019F, 0x019F, 0x019F, 0x019F, 0x019F, 0x019F,  /* 0x5A80 */
  0x024E, 0x024E, 0x024E, 0x024E, 0x024E, 0x024E, 0x024E, 0x024E,  /* 0x5A88 */
  0x01C3, 0x01C3, 0x01C3, 0x01C3, 0x01C3, 0x01C3, 0x01C3, 0x01C3,  /* 0x5A90 */
  0x01E7, 0x01E7, 0x01E7, 0x01E7, 0x01E7, 0x01E7, 0x01E7, 0x01E7,  /* 0x5A98 */
  0x01DB, 0x01DB, 0x01DB, 0x01DB, 0x01DB, 0x01DB, 0x01DB, 0x01DB,  /* 0x5AA0 */
  0x01CF, 0x01CF, 0x01CF, 0x01CF, 0x01CF, 0x01CF, 0x01CF, 0x01CF,  /* 0x5AA8 */
  0x0247, 0x0247, 0x0247, 0x0247, 0x0247, 0x0247, 0x0247, 0x0247,  /* 0x5AB0 */
  0x01AB, 0x01B7, 0x03E1, 0x03E1, 0x03E1, 0x03E1, 0x03E1, 0x03E1,  /* 0x5AB8 */
  0x068C, 0x068C, 0x068C, 0x068C, 0x068C, 0x068C, 0x068C, 0x068C,  /* 0x5AC0 */
  0x04A8, 0x04A8, 0x04A8, 0x04A8, 0x04A8, 0x04A8, 0x04A8, 0x04A8,  /* 0x5AC8 */
  0x069C, 0x069C, 0x069C, 0x069C, 0x069C, 0x069C, 0x069C, 0x069C,  /* 0x5AD0 */
  0x069C, 0x069C, 0x069C, 0x069C, 0x069C, 0x069C, 0x069C, 0x069C,  /* 0x5AD8 */
  0x069C, 0x069C, 0x069C, 0x069C, 0x069C, 0x069C, 0x069C, 0x069C,  /* 0x5AE0 */
  0x069C, 0x069C, 0x069C, 0x069C, 0x069C, 0x069C, 0x069C, 0x069C,  /* 0x5AE8 */
  0x069C, 0x069C, 0x069C, 0x069C, 0x069C, 0x069C, 0x069C, 0x069C,  /* 0x5AF0 */
  0x069C, 0x069C, 0x06C2, 0x06D2, 0x06B2, 0x03E1, 0x03E1, 0x03E1,  /* 0x5AF8 */
  0x01EB, 0x01EB, 0x01EB, 0x01EB, 0x01EB, 0x01EB, 0x01EB, 0x01EB,  /* 0x5B00 */
  0x03E1, 0x03E1, 0x03E1, 0x03E1, 0x03E1, 0x03E1, 0x03E1, 0x03E1,  /* 0x5B08 */
  0x020F, 0x020F, 0x020F, 0x020F, 0x020F, 0x020F, 0x020F, 0x020F,  /* 0x5B10 */
  0x0233, 0x0233, 0x0233, 0x0233, 0x0233, 0x0233, 0x0233, 0x0233,  /* 0x5B18 */
  0x0227, 0x0227, 0x0227, 0x0227, 0x0227, 0x0227, 0x0227, 0x0227,  /* 0x5B20 */
  0x021B, 0x021B, 0x021B, 0x021B, 0x021B, 0x021B, 0x021B, 0x021B,  /* 0x5B28 */
  0x024B, 0x024B, 0x024B, 0x024B, 0x024B, 0x024B, 0x024B, 0x024B,  /* 0x5B30 */
  0x01F7, 0x0203, 0x03E1, 0x03E1, 0x03E1, 0x03E1, 0x03E1, 0x03E1,  /* 0x5B38 */
  0x01EF, 0x01EF, 0x01EF, 0x01EF, 0x01EF, 0x01EF, 0x01EF, 0x01EF,  /* 0x5B40 */
  0x0250, 0x0250, 0x0250, 0x0250, 0x0250, 0x0250, 0x0250, 0x0250,  /* 0x5B48 */
  0x0213, 0x0213, 0x0213, 0x0213, 0x0213, 0x0213, 0x0213, 0x0213,  /* 0x5B50 */
  0x0237, 0x0237, 0x0237, 0x0237, 0x0237, 0x0237, 0x0237, 0x0237,  /* 0x5B58 */
  0x022B, 0x022B, 0x022B, 0x022B, 0x022B, 0x022B, 0x022B, 0x022B,  /* 0x5B60 */
  0x021F, 0x021F, 0x021F, 0x021F, 0x021F, 0x021F, 0x021F, 0x021F,  /* 0x5B68 */
  0x0253, 0x0253, 0x0253, 0x0253, 0x0253, 0x0253, 0x0253, 0x0253,  /* 0x5B70 */
  0x01FB, 0x0207, 0x03E1, 0x03E1, 0x03E1, 0x03E1, 0x03E1, 0x03E1,  /* 0x5B78 */
  0x01F3, 0x01F3, 0x01F3, 0x01F3, 0x01F3, 0x01F3, 0x01F3, 0x01F3,  /* 0x5B80 */
  0x0250, 0x0250, 0x0250, 0x0250, 0x0250, 0x0250, 0x0250, 0x0250,  /* 0x5B88 */
  0x0217, 0x0217, 0x0217, 0x0217, 0x0217, 0x0217, 0x0217, 0x0217,  /* 0x5B90 */
  0x023B, 0x023B, 0x023B, 0x023B, 0x023B, 0x023B, 0x023B, 0x023B,  /* 0x5B98 */
  0x022F, 0x022F, 0x022F, 0x022F, 0x022F, 0x022F, 0x022F, 0x022F,  /* 0x5BA0 */
  0x0223, 0x0223, 0x0223, 0x0223, 0x0223, 0x0223, 0x0223, 0x0223,  /* 0x5BA8 */
  0x0257, 0x0257, 0x0257, 0x0257, 0x0257, 0x0257, 0x0257, 0x0257,  /* 0x5BB0 */
  0x01FF, 0x020B, 0x03E1, 0x03E1, 0x03E1, 0x03E1, 0x03E1, 0x03E1,  /* 0x5BB8 */
  0x068D, 0x068D, 0x068D, 0x068D, 0x068D, 0x068D, 0x068D, 0x068D,  /* 0x5BC0 */
  0x04A9, 0x04A9, 0x04A9, 0x04A9, 0x04A9, 0x04A9, 0x04A9, 0x04A9,  /* 0x5BC8 */
  0x069D, 0x069D, 0x069D, 0x069D, 0x069D, 0x069D, 0x069D, 0x069D,  /* 0x5BD0 */
  0x069D, 0x069D, 0x069D, 0x069D, 0x069D, 0x069D, 0x069D, 0x069D,  /* 0x5BD8 */
  0x069D, 0x069D, 0x069D, 0x069D, 0x069D, 0x069D, 0x069D, 0x069D,  /* 0x5BE0 */
  0x069D, 0x069D, 0x069D, 0x069D, 0x069D, 0x069D, 0x069D, 0x069D,  /* 0x5BE8 */
  0x069D, 0x069D, 0x069D, 0x069D, 0x069D, 0x069D, 0x069D, 0x069D,  /* 0x5BF0 */
  0x069D, 0x069D, 0x06C3, 0x06D3, 0x06B3, 0x03E1, 0x03E1, 0x03E1,  /* 0x5BF8 */
  0x0197, 0x0197, 0x0197, 0x0197, 0x0197, 0x0197, 0x0197, 0x0197,  /* 0x5C00 */
  0x03E1, 0x03E1, 0x03E1, 0x03E1, 0x03E1, 0x03E1, 0x03E1, 0x03E1,  /* 0x5C08 */
  0x01BB, 0x01BB, 0x01BB, 0x01BB, 0x01BB, 0x01BB, 0x01BB, 0x01BB,  /* 0x5C10 */
  0x01DF, 0x01DF, 0x01DF, 0x01DF, 0x01DF, 0x01DF, 0x01DF, 0x01DF,  /* 0x5C18 */
  0x01D3, 0x01D3, 0x01D3, 0x01D3, 0x01D3, 0x01D3, 0x01D3, 0x01D3,  /* 0x5C20 */
  0x01C7, 0x01C7, 0x01C7, 0x01C7, 0x01C7, 0x01C7, 0x01C7, 0x01C7,  /* 0x5C28 */
  0x023F, 0x023F, 0x023F, 0x023F, 0x023F, 0x023F, 0x023F, 0x023F,  /* 0x5C30 */
  0x01A3, 0x01AF, 0x03E1, 0x03E1, 0x03E1, 0x03E1, 0x03E1, 0x03E1,  /* 0x5C38 */
  0x019B, 0x019B, 0x019B, 0x019B, 0x019B, 0x019B, 0x019B, 0x019B,  /* 0x5C40 */
  0x024E, 0x024E, 0x024E, 0x024E, 0x024E, 0x024E, 0x024E, 0x024E,  /* 0x5C48 */
  0x01BF, 0x01BF, 0x01BF, 0x01BF, 0x01BF, 0x01BF, 0x01BF, 0x01BF,  /* 0x5C50 */
  0x01E3, 0x01E3, 0x01E3, 0x01E3, 0x01E3, 0x01E3, 0x01E3, 0x01E3,  /* 0x5C58 */
  0x01D7, 0x01D7, 0x01D7, 0x01D7, 0x01D7, 0x01D7, 0x01D7, 0x01D7,  /* 0x5C60 */
  0x01CB, 0x01CB, 0x01CB, 0x01CB, 0x01CB, 0x01CB, 0x01CB, 0x01CB,  /* 0x5C68 */
  0x0243, 0x0243, 0x0243, 0x0243, 0x0243, 0x0243, 0x0243, 0x0243,  /* 0x5C70 */
  0x01A7, 0x01B3, 0x03E1, 0x03E1, 0x03E1, 0x03E1, 0x03E1, 0x03E1,  /* 0x5C78 */
  0x019F, 0x019F, 0x019F, 0x019F, 0x019F, 0x019F, 0x019F, 0x019F,  /* 0x5C80 */
  0x024E, 0x024E, 0x024E, 0x024E, 0x024E, 0x024E, 0x024E, 0x024E,  /* 0x5C88 */
  0x01C3, 0x01C3, 0x01C3, 0x01C3, 0x01C3, 0x01C3, 0x01C3, 0x01C3,  /* 0x5C90 */
  0x01E7, 0x01E7, 0x01E7, 0x01E7, 0x01E7, 0x01E7, 0x01E7, 0x01E7,  /* 0x5C98 */
  0x01DB, 0x01DB, 0x01DB, 0x01DB, 0x01DB, 0x01DB, 0x01DB, 0x01DB,  /* 0x5CA0 */
  0x01CF, 0x01CF, 0x01CF, 0x01CF, 0x01CF, 0x01CF, 0x01CF, 0x01CF,  /* 0x5CA8 */
  0x0247, 0x0247, 0x0247, 0x0247, 0x0247, 0x0247, 0x0247, 0x0247,  /* 0x5CB0 */
  0x01AB, 0x01B7, 0x03E1, 0x03E1, 0x03E1, 0x03E1, 0x03E1, 0x03E1,  /* 0x5CB8 */
  0x068E, 0x068E, 0x068E, 0x068E, 0x068E, 0x068E, 0x068E, 0x068E,  /* 0x5CC0 */
  0x04AA, 0x04AA, 0x04AA, 0x04AA, 0x04AA, 0x04AA, 0x04AA, 0x04AA,  /* 0x5CC8 */
  0x069E, 0x069E, 0x069E, 0x069E, 0x069E, 0x069E, 0x069E, 0x069E,  /* 0x5CD0 */
  0x069E, 0x069E, 0x069E, 0x069E, 0x069E, 0x069E, 0x069E, 0x069E,  /* 0x5CD8 */
  0x069E, 0x069E, 0x069E, 0x069E, 0x069E, 0x069E, 0x069E, 0x069E,  /* 0x5CE0 */
  0x069E, 0x069E, 0x069E, 0x069E, 0x069E, 0x069E, 0x069E, 0x069E,  /* 0x5CE8 */
  0x069E, 0x069E, 0x069E, 0x069E, 0x069E, 0x069E, 0x069E, 0x069E,  /* 0x5CF0 */
  0x069E, 0x069E, 0x06C4, 0x06D4, 0x06B4, 0x03E1, 0x03E1, 0x03E1,  /* 0x5CF8 */
  0x01EB, 0x01EB, 0x01EB, 0x01EB, 0x01EB, 0x01EB, 0x01EB, 0x01EB,  /* 0x5D00 */
  0x03E1, 0x03E1, 0x03E1, 0x03E1, 0x03E1, 0x03E1, 0x03E1, 0x03E1,  /* 0x5D08 */
  0x020F, 0x020F, 0x020F, 0x020F, 0x020F, 0x020F, 0x020F, 0x020F,  /* 0x5D10 */
  0x0233, 0x0233, 0x0233, 0x0233, 0x0233, 0x0233, 0x0233, 0x0233,  /* 0x5D18 */
  0x0227, 0x0227, 0x0227, 0x0227, 0x0227, 0x0227, 0x0227, 0x0227,  /* 0x5D20 */
  0x021B, 0x021B, 0x021B, 0x021B, 0x021B, 0x021B, 0x021B, 0x021B,  /* 0x5D28 */
  0x024B, 0x024B, 0x024B, 0x024B, 0x024B, 0x024B, 0x024B, 0x024B,  /* 0x5D30 */
  0x01F7, 0x0203, 0x03E1, 0x03E1, 0x03E1, 0x03E1, 0x03E1, 0x03E1,  /* 0x5D38 */
  0x01EF, 0x01EF, 0x01EF, 0x01EF, 0x01EF, 0x01EF, 0x01EF, 0x01EF,  /* 0x5D40 */
  0x0250, 0x0250, 0x0250, 0x0250, 0x0250, 0x0250, 0x0250, 0x0250,  /* 0x5D48 */
  0x0213, 0x0213, 0x0213, 0x0213, 0x0213, 0x0213, 0x0213, 0x0213,  /* 0x5D50 */
  0x0237, 0x0237, 0x0237, 0x0237, 0x0237, 0x0237, 0x0237, 0x0237,  /* 0x5D58 */
  0x022B, 0x022B, 0x022B, 0x022B, 0x022B, 0x022B, 0x022B, 0x022B,  /* 0x5D60 */
  0x021F, 0x021F, 0x021F, 0x021F, 0x021F, 0x021F, 0x021F, 0x021F,  /* 0x5D68 */
  0x0253, 0x0253, 0x0253, 0x0253, 0x0253, 0x0253, 0x0253, 0x0253,  /* 0x5D70 */
  0x01FB, 0x0207, 0x03E1, 0x03E1, 0x03E1, 0x03E1, 0x03E1, 0x03E1,  /* 0x5D78 */
  0x01F3, 0x01F3, 0x01F3, 0x01F3, 0x01F3, 0x01F3, 0x01F3, 0x01F3,  /* 0x5D80 */
  0x0250, 0x0250, 0x0250, 0x0250, 0x0250, 0x0250, 0x0250, 0x0250,  /* 0x5D88 */
  0x0217, 0x0217, 0x0217, 0x0217, 0x0217, 0x0217, 0x0217, 0x0217,  /* 0x5D90 */
  0x023B, 0x023B, 0x023B, 0x023B, 0x023B, 0x023B, 0x023B, 0x023B,  /* 0x5D98 */
  0x022F, 0x022F, 0x022F, 0x022F, 0x022F, 0x022F, 0x022F, 0x022F,  /* 0x5DA0 */
  0x0223, 0x0223, 0x0223, 0x0223, 0x0223, 0x0223, 0x0223, 0x0223,  /* 0x5DA8 */
  0x0257, 0x0257, 0x0257, 0x0257, 0x0257, 0x0257, 0x0257, 0x0257,  /* 0x5DB0 */
  0x01FF, 0x020B, 0x03E1, 0x03E1, 0x03E1, 0x03E1, 0x03E1, 0x03E1,  /* 0x5DB8 */
  0x068F, 0x068F, 0x068F, 0x068F, 0x068F, 0x068F, 0x068F, 0x068F,  /* 0x5DC0 */
  0x04AB, 0x04AB, 0x04AB, 0x04AB, 0x04AB, 0x04AB, 0x04AB, 0x04AB,  /* 0x5DC8 */
  0x069F, 0x069F, 0x069F, 0x069F, 0x069F, 0x069F, 0x069F, 0x069F,  /* 0x5DD0 */
  0x069F, 0x069F, 0x069F, 0x069F, 0x069F, 0x069F, 0x069F, 0x069F,  /* 0x5DD8 */
  0x069F, 0x069F, 0x069F, 0x069F, 0x069F, 0x069F, 0x069F, 0x069F,  /* 0x5DE0 */
  0x069F, 0x069F, 0x069F, 0x069F, 0x069F, 0x069F, 0x069F, 0x069F,  /* 0x5DE8 */
  0x069F, 0x069F, 0x069F, 0x069F, 0x069F, 0x069F, 0x069F, 0x069F,  /* 0x5DF0 */
  0x069F, 0x069F, 0x06C5, 0x06D5, 0x06B5, 0x03E1, 0x03E1, 0x03E1,  /* 0x5DF8 */
  0x0197, 0x0197, 0x0197, 0x0197, 0x0197, 0x0197, 0x0197, 0x0197,  /* 0x5E00 */
  0x03E1, 0x03E1, 0x03E1, 0x03E1, 0x03E1, 0x03E1, 0x03E1, 0x03E1,  /* 0x5E08 */
  0x01BB, 0x01BB, 0x01BB, 0x01BB, 0x01BB, 0x01BB, 0x01BB, 0x01BB,  /* 0x5E10 */
  0x01DF, 0x01DF, 0x01DF, 0x01DF, 0x01DF, 0x01DF, 0x01DF, 0x01DF,  /* 0x5E18 */
  0x01D3, 0x01D3, 0x01D3, 0x01D3, 0x01D3, 0x01D3, 0x01D3, 0x01D3,  /* 0x5E20 */
  0x01C7, 0x01C7, 0x01C7, 0x01C7, 0x01C7, 0x01C7, 0x01C7, 0x01C7,  /* 0x5E28 */
  0x023F, 0x023F, 0x023F, 0x023F, 0x023F, 0x023F, 0x023F, 0x023F,  /* 0x5E30 */
  0x01A3, 0x01AF, 0x03E1, 0x03E1, 0x03E1, 0x03E1, 0x03E1, 0x03E1,  /* 0x5E38 */
  0x019B, 0x019B, 0x019B, 0x019B, 0x019B, 0x019B, 0x019B, 0x019B,  /* 0x5E40 */
  0x024E, 0x024E, 0x024E, 0x024E, 0x024E, 0x024E, 0x024E, 0x024E,  /* 0x5E48 */
  0x01BF, 0x01BF, 0x01BF, 0x01BF, 0x01BF, 0x01BF, 0x01BF, 0x01BF,  /* 0x5E50 */
  0x01E3, 0x01E3, 0x01E3, 0x01E3, 0x01E3, 0x01E3, 0x01E3, 0x01E3,  /* 0x5E58 */
  0x01D7, 0x01D7, 0x01D7, 0x01D7, 0x01D7, 0x01D7, 0x01D7, 0x01D7,  /* 0x5E60 */
  0x01CB, 0x01CB, 0x01CB, 0x01CB, 0x01CB, 0x01CB, 0x01CB, 0x01CB,  /* 0x5E68 */
  0x0243, 0x0243, 0x0243, 0x0243, 0x0243, 0x0243, 0x0243, 0x0243,  /* 0x5E70 */
  0x01A7, 0x01B3, 0x03E1, 0x03E1, 0x03E1, 0x03E1, 0x03E1, 0x03E1,  /* 0x5E78 */
  0x019F, 0x019F, 0x019F, 0x019F, 0x019F, 0x019F, 0x019F, 0x019F,  /* 0x5E80 */
  0x024E, 0x024E, 0x024E, 0x024E, 0x024E, 0x024E, 0x024E, 0x024E,  /* 0x5E88 */
  0x01C3, 0x01C3, 0x01C3, 0x01C3, 0x01C3, 0x01C3, 0x01C3, 0x01C3,  /* 0x5E90 */
  0x01E7, 0x01E7, 0x01E7, 0x01E7, 0x01E7, 0x01E7, 0x01E7, 0x01E7,  /* 0x5E98 */
  0x01DB, 0x01DB, 0x01DB, 0x01DB, 0x01DB, 0x01DB, 0x01DB, 0x01DB,  /* 0x5EA0 */
  0x01CF, 0x01CF, 0x01CF, 0x01CF, 0x01CF, 0x01CF, 0x01CF, 0x01CF,  /* 0x5EA8 */
  0x0247, 0x0247, 0x0247, 0x0247, 0x0247, 0x0247, 0x0247, 0x0247,  /* 0x5EB0 */
  0x01AB, 0x01B7, 0x03E1, 0x03E1, 0x03E1, 0x03E1, 0x03E1, 0x03E1,  /* 0x5EB8 */
  0x0690, 0x0690, 0x0690, 0x0690, 0x0690, 0x0690, 0x0690, 0x0690,  /* 0x5EC0 */
  0x04AC, 0x04AC, 0x04AC, 0x04AC, 0x04AC, 0x04AC, 0x04AC, 0x04AC,  /* 0x5EC8 */
  0x06A0, 0x06A0, 0x06A0, 0x06A0, 0x06A0, 0x06A0, 0x06A0, 0x06A0,  /* 0x5ED0 */
  0x06A0, 0x06A0, 0x06A0, 0x06A0, 0x06A0, 0x06A0, 0x06A0, 0x06A0,  /* 0x5ED8 */
  0x06A0, 0x06A0, 0x06A0, 0x06A0, 0x06A0, 0x06A0, 0x06A0, 0x06A0,  /* 0x5EE0 */
  0x06A0, 0x06A0, 0x06A0, 0x06A0, 0x06A0, 0x06A0, 0x06A0, 0x06A0,  /* 0x5EE8 */
  0x06A0, 0x06A0, 0x06A0, 0x06A0, 0x06A0, 0x06A0, 0x06A0, 0x06A0,  /* 0x5EF0 */
  0x06A0, 0x06A0, 0x06C6, 0x06D6, 0x06B6, 0x03E1, 0x03E1, 0x03E1,  /* 0x5EF8 */
  0x01EB, 0x01EB, 0x01EB, 0x01EB, 0x01EB, 0x01EB, 0x01EB, 0x01EB,  /* 0x5F00 */
  0x03E1, 0x03E1, 0x03E1, 0x03E1, 0x03E1, 0x03E1, 0x03E1, 0x03E1,  /* 0x5F08 */
  0x020F, 0x020F, 0x020F, 0x020F, 0x020F, 0x020F, 0x020F, 0x020F,  /* 0x5F10 */
  0x0233, 0x0233, 0x0233, 0x0233, 0x0233, 0x0233, 0x0233, 0x0233,  /* 0x5F18 */
  0x0227, 0x0227, 0x0227, 0x0227, 0x0227, 0x0227, 0x0227, 0x0227,  /* 0x5F20 */
  0x021B, 0x021B, 0x021B, 0x021B, 0x021B, 0x021B, 0x021B, 0x021B,  /* 0x5F28 */
  0x024B, 0x024B, 0x024B, 0x024B, 0x024B, 0x024B, 0x024B, 0x024B,  /* 0x5F30 */
  0x01F7, 0x0203, 0x03E1, 0x03E1, 0x03E1, 0x03E1, 0x03E1, 0x03E1,  /* 0x5F38 */
  0x01EF, 0x01EF, 0x01EF, 0x01EF, 0x01EF, 0x01EF, 0x01EF, 0x01EF,  /* 0x5F40 */
  0x0250, 0x0250, 0x0250, 0x0250, 0x0250, 0x0250, 0x0250, 0x0250,  /* 0x5F48 */
  0x0213, 0x0213, 0x0213, 0x0213, 0x0213, 0x0213, 0x0213, 0x0213,  /* 0x5F50 */
  0x0237, 0x0237, 0x0237, 0x0237, 0x0237, 0x0237, 0x0237, 0x0237,  /* 0x5F58 */
  0x022B, 0x022B, 0x022B, 0x022B, 0x022B, 0x022B, 0x022B, 0x022B,  /* 0x5F60 */
  0x021F, 0x021F, 0x021F, 0x021F, 0x021F, 0x021F, 0x021F, 0x021F,  /* 0x5F68 */
  0x0253, 0x0253, 0x0253, 0x0253, 0x0253, 0x0253, 0x0253, 0x0253,  /* 0x5F70 */
  0x01FB, 0x0207, 0x03E1, 0x03E1, 0x03E1, 0x03E1, 0x03E1, 0x03E1,  /* 0x5F78 */
  0x01F3, 0x01F3, 0x01F3, 0x01F3, 0x01F3, 0x01F3, 0x01F3, 0x01F3,  /* 0x5F80 */
  0x0250, 0x0250, 0x0250, 0x0250, 0x0250, 0x0250, 0x0250, 0x0250,  /* 0x5F88 */
  0x0217, 0x0217, 0x0217, 0x0217, 0x0217, 0x0217, 0x0217, 0x0217,  /* 0x5F90 */
  0x023B, 0x023B, 0x023B, 0x023B, 0x023B, 0x023B, 0x023B, 0x023B,  /* 0x5F98 */
  0x022F, 0x022F, 0x022F, 0x022F, 0x022F, 0x022F, 0x022F, 0x022F,  /* 0x5FA0 */
  0x0223, 0x0223, 0x0223, 0x0223, 0x0223, 0x0223, 0x0223, 0x0223,  /* 0x5FA8 */
  0x0257, 0x0257, 0x0257, 0x0257, 0x0257, 0x0257, 0x0257, 0x0257,  /* 0x5FB0 */
  0x01FF, 0x020B, 0x03E1, 0x03E1, 0x03E1, 0x03E1, 0x03E1, 0x03E1,  /* 0x5FB8 */
  0x0691, 0x0691, 0x0691, 0x0691, 0x0691, 0x0691, 0x0691, 0x0691,  /* 0x5FC0 */
  0x04AD, 0x04AD, 0x04AD, 0x04AD, 0x04AD, 0x04AD, 0x04AD, 0x04AD,  /* 0x5FC8 */
  0x06A1, 0x06A1, 0x06A1, 0x06A1, 0x06A1, 0x06A1, 0x06A1, 0x06A1,  /* 0x5FD0 */
  0x06A1, 0x06A1, 0x06A1, 0x06A1, 0x06A1, 0x06A1, 0x06A1, 0x06A1,  /* 0x5FD8 */
  0x06A1, 0x06A1, 0x06A1, 0x06A1, 0x06A1, 0x06A1, 0x06A1, 0x06A1,  /* 0x5FE0 */
  0x06A1, 0x06A1, 0x06A1, 0x06A1, 0x06A1, 0x06A1, 0x06A1, 0x06A1,  /* 0x5FE8 */
  0x06A1, 0x06A1, 0x06A1, 0x06A1, 0x06A1, 0x06A1, 0x06A1, 0x06A1,  /* 0x5FF0 */
  0x06A1, 0x06A1, 0x06C7, 0x06D7, 0x06B7, 0x03E1, 0x03E1, 0x03E1,  /* 0x5FF8 */
  0x0440, 0x0440, 0x0440, 0x0440, 0x0440, 0x0440, 0x0440, 0x0440,  /* 0x6000 */
  0x0440, 0x0440, 0x0440, 0x0440, 0x0440, 0x0440, 0x0440, 0x0440,  /* 0x6008 */
  0x0440, 0x0440, 0x0440, 0x0440, 0x0440, 0x0440, 0x0440, 0x0440,  /* 0x6010 */
  0x0440, 0x0440, 0x0440, 0x0440, 0x0440, 0x0440, 0x0440, 0x0440,  /* 0x6018 */
  0x0440, 0x0440, 0x0440, 0x0440, 0x0440, 0x0440, 0x0440, 0x0440,  /* 0x6020 */
  0x0440, 0x0440, 0x0440, 0x0440, 0x0440, 0x0440, 0x0440, 0x0440,  /* 0x6028 */
  0x0440, 0x0440, 0x0440, 0x0440, 0x0440, 0x0440, 0x0440, 0x0440,  /* 0x6030 */
  0x0440, 0x0440, 0x0440, 0x0440, 0x0440, 0x0440, 0x0440, 0x0440,  /* 0x6038 */
  0x0440, 0x0440, 0x0440, 0x0440, 0x0440, 0x0440, 0x0440, 0x0440,  /* 0x6040 */
  0x0440, 0x0440, 0x0440, 0x0440, 0x0440, 0x0440, 0x0440, 0x0440,  /* 0x6048 */
  0x0440, 0x0440, 0x0440, 0x0440, 0x0440, 0x0440, 0x0440, 0x0440,  /* 0x6050 */
  0x0440, 0x0440, 0x0440, 0x0440, 0x0440, 0x0440, 0x0440, 0x0440,  /* 0x6058 */
  0x0440, 0x0440, 0x0440, 0x0440, 0x0440, 0x0440, 0x0440, 0x0440,  /* 0x6060 */
  0x0440, 0x0440, 0x0440, 0x0440, 0x0440, 0x0440, 0x0440, 0x0440,  /* 0x6068 */
  0x0440, 0x0440, 0x0440, 0x0440, 0x0440, 0x0440, 0x0440, 0x0440,  /* 0x6070 */
  0x0440, 0x0440, 0x0440, 0x0440, 0x0440, 0x0440, 0x0440, 0x0440,  /* 0x6078 */
  0x0440, 0x0440, 0x0440, 0x0440, 0x0440, 0x0440, 0x0440, 0x0440,  /* 0x6080 */
  0x0440, 0x0440, 0x0440, 0x0440, 0x0440, 0x0440, 0x0440, 0x0440,  /* 0x6088 */
  0x0440, 0x0440, 0x0440, 0x0440, 0x0440, 0x0440, 0x0440, 0x0440,  /* 0x6090 */
  0x0440, 0x0440, 0x0440, 0x0440, 0x0440, 0x0440, 0x0440, 0x0440,  /* 0x6098 */
  0x0440, 0x0440, 0x0440, 0x0440, 0x0440, 0x0440, 0x0440, 0x0440,  /* 0x60A0 */
  0x0440, 0x0440, 0x0440, 0x0440, 0x0440, 0x0440, 0x0440, 0x0440,  /* 0x60A8 */
  0x0440, 0x0440, 0x0440, 0x0440, 0x0440, 0x0440, 0x0440, 0x0440,  /* 0x60B0 */
  0x0440, 0x0440, 0x0440, 0x0440, 0x0440, 0x0440, 0x0440, 0x0440,  /* 0x60B8 */
  0x0440, 0x0440, 0x0440, 0x0440, 0x0440, 0x0440, 0x0440, 0x0440,  /* 0x60C0 */
  0x0440, 0x0440, 0x0440, 0x0440, 0x0440, 0x0440, 0x0440, 0x0440,  /* 0x60C8 */
  0x0440, 0x0440, 0x0440, 0x0440, 0x0440, 0x0440, 0x0440, 0x0440,  /* 0x60D0 */
  0x0440, 0x0440, 0x0440, 0x0440, 0x0440, 0x0440, 0x0440, 0x0440,  /* 0x60D8 */
  0x0440, 0x0440, 0x0440, 0x0440, 0x0440, 0x0440, 0x0440, 0x0440,  /* 0x60E0 */
  0x0440, 0x0440, 0x0440, 0x0440, 0x0440, 0x0440, 0x0440, 0x0440,  /* 0x60E8 */
  0x0440, 0x0440, 0x0440, 0x0440, 0x0440, 0x0440, 0x0440, 0x0440,  /* 0x60F0 */
  0x0440, 0x0440, 0x0440, 0x0440, 0x0440, 0x0440, 0x0440, 0x0440,  /* 0x60F8 */
  0x04CA, 0x04CA, 0x04CA, 0x04CA, 0x04CA, 0x04CA, 0x04CA, 0x04CA,  /* 0x6100 */
  0x04CA, 0x04CA, 0x04CA, 0x04CA, 0x04CA, 0x04CA, 0x04CA, 0x04CA,  /* 0x6108 */
  0x04CA, 0x04CA, 0x04CA, 0x04CA, 0x04CA, 0x04CA, 0x04CA, 0x04CA,  /* 0x6110 */
  0x04CA, 0x04CA, 0x04CA, 0x04CA, 0x04CA, 0x04CA, 0x04CA, 0x04CA,  /* 0x6118 */
  0x04CA, 0x04CA, 0x04CA, 0x04CA, 0x04CA, 0x04CA, 0x04CA, 0x04CA,  /* 0x6120 */
  0x04CA, 0x04CA, 0x04CA, 0x04CA, 0x04CA, 0x04CA, 0x04CA, 0x04CA,  /* 0x6128 */
  0x04CA, 0x04CA, 0x04CA, 0x04CA, 0x04CA, 0x04CA, 0x04CA, 0x04CA,  /* 0x6130 */
  0x04CA, 0x04CA, 0x04CA, 0x04CA, 0x04CA, 0x04CA, 0x04CA, 0x04CA,  /* 0x6138 */
  0x04CA, 0x04CA, 0x04CA, 0x04CA, 0x04CA, 0x04CA, 0x04CA, 0x04CA,  /* 0x6140 */
  0x04CA, 0x04CA, 0x04CA, 0x04CA, 0x04CA, 0x04CA, 0x04CA, 0x04CA,  /* 0x6148 */
  0x04CA, 0x04CA, 0x04CA, 0x04CA, 0x04CA, 0x04CA, 0x04CA, 0x04CA,  /* 0x6150 */
  0x04CA, 0x04CA, 0x04CA, 0x04CA, 0x04CA, 0x04CA, 0x04CA, 0x04CA,  /* 0x6158 */
  0x04CA, 0x04CA, 0x04CA, 0x04CA, 0x04CA, 0x04CA, 0x04CA, 0x04CA,  /* 0x6160 */
  0x04CA, 0x04CA, 0x04CA, 0x04CA, 0x04CA, 0x04CA, 0x04CA, 0x04CA,  /* 0x6168 */
  0x04CA, 0x04CA, 0x04CA, 0x04CA, 0x04CA, 0x04CA, 0x04CA, 0x04CA,  /* 0x6170 */
  0x04CA, 0x04CA, 0x04CA, 0x04CA, 0x04CA, 0x04CA, 0x04CA, 0x04CA,  /* 0x6178 */
  0x04CA, 0x04CA, 0x04CA, 0x04CA, 0x04CA, 0x04CA, 0x04CA, 0x04CA,  /* 0x6180 */
  0x04CA, 0x04CA, 0x04CA, 0x04CA, 0x04CA, 0x04CA, 0x04CA, 0x04CA,  /* 0x6188 */
  0x04CA, 0x04CA, 0x04CA, 0x04CA, 0x04CA, 0x04CA, 0x04CA, 0x04CA,  /* 0x6190 */
  0x04CA, 0x04CA, 0x04CA, 0x04CA, 0x04CA, 0x04CA, 0x04CA, 0x04CA,  /* 0x6198 */
  0x04CA, 0x04CA, 0x04CA, 0x04CA, 0x04CA, 0x04CA, 0x04CA, 0x04CA,  /* 0x61A0 */
  0x04CA, 0x04CA, 0x04CA, 0x04CA, 0x04CA, 0x04CA, 0x04CA, 0x04CA,  /* 0x61A8 */
  0x04CA, 0x04CA, 0x04CA, 0x04CA, 0x04CA, 0x04CA, 0x04CA, 0x04CA,  /* 0x61B0 */
  0x04CA, 0x04CA, 0x04CA, 0x04CA, 0x04CA, 0x04CA, 0x04CA, 0x04CA,  /* 0x61B8 */
  0x04CA, 0x04CA, 0x04CA, 0x04CA, 0x04CA, 0x04CA, 0x04CA, 0x04CA,  /* 0x61C0 */
  0x04CA, 0x04CA, 0x04CA, 0x04CA, 0x04CA, 0x04CA, 0x04CA, 0x04CA,  /* 0x61C8 */
  0x04CA, 0x04CA, 0x04CA, 0x04CA, 0x04CA, 0x04CA, 0x04CA, 0x04CA,  /* 0x61D0 */
  0x04CA, 0x04CA, 0x04CA, 0x04CA, 0x04CA, 0x04CA, 0x04CA, 0x04CA,  /* 0x61D8 */
  0x04CA, 0x04CA, 0x04CA, 0x04CA, 0x04CA, 0x04CA, 0x04CA, 0x04CA,  /* 0x61E0 */
  0x04CA, 0x04CA, 0x04CA, 0x04CA, 0x04CA, 0x04CA, 0x04CA, 0x04CA,  /* 0x61E8 */
  0x04CA, 0x04CA, 0x04CA, 0x04CA, 0x04CA, 0x04CA, 0x04CA, 0x04CA,  /* 0x61F0 */
  0x04CA, 0x04CA, 0x04CA, 0x04CA, 0x04CA, 0x04CA, 0x04CA, 0x04CA,  /* 0x61F8 */
  0x0432, 0x0432, 0x0432, 0x0432, 0x0432, 0x0432, 0x0432, 0x0432,  /* 0x6200 */
  0x0432, 0x0432, 0x0432, 0x0432, 0x0432, 0x0432, 0x0432, 0x0432,  /* 0x6208 */
  0x0432, 0x0432, 0x0432, 0x0432, 0x0432, 0x0432, 0x0432, 0x0432,  /* 0x6210 */
  0x0432, 0x0432, 0x0432, 0x0432, 0x0432, 0x0432, 0x0432, 0x0432,  /* 0x6218 */
  0x0432, 0x0432, 0x0432, 0x0432, 0x0432, 0x0432, 0x0432, 0x0432,  /* 0x6220 */
  0x0432, 0x0432, 0x0432, 0x0432, 0x0432, 0x0432, 0x0432, 0x0432,  /* 0x6228 */
  0x0432, 0x0432, 0x0432, 0x0432, 0x0432, 0x0432, 0x0432, 0x0432,  /* 0x6230 */
  0x0432, 0x0432, 0x0432, 0x0432, 0x0432, 0x0432, 0x0432, 0x0432,  /* 0x6238 */
  0x0432, 0x0432, 0x0432, 0x0432, 0x0432, 0x0432, 0x0432, 0x0432,  /* 0x6240 */
  0x0432, 0x0432, 0x0432, 0x0432, 0x0432, 0x0432, 0x0432, 0x0432,  /* 0x6248 */
  0x0432, 0x0432, 0x0432, 0x0432, 0x0432, 0x0432, 0x0432, 0x0432,  /* 0x6250 */
  0x0432, 0x0432, 0x0432, 0x0432, 0x0432, 0x0432, 0x0432, 0x0432,  /* 0x6258 */
  0x0432, 0x0432, 0x0432, 0x0432, 0x0432, 0x0432, 0x0432, 0x0432,  /* 0x6260 */
  0x0432, 0x0432, 0x0432, 0x0432, 0x0432, 0x0432, 0x0432, 0x0432,  /* 0x6268 */
  0x0432, 0x0432, 0x0432, 0x0432, 0x0432, 0x0432, 0x0432, 0x0432,  /* 0x6270 */
  0x0432, 0x0432, 0x0432, 0x0432, 0x0432, 0x0432, 0x0432, 0x0432,  /* 0x6278 */
  0x0432, 0x0432, 0x0432, 0x0432, 0x0432, 0x0432, 0x0432, 0x0432,  /* 0x6280 */
  0x0432, 0x0432, 0x0432, 0x0432, 0x0432, 0x0432, 0x0432, 0x0432,  /* 0x6288 */
  0x0432, 0x0432, 0x0432, 0x0432, 0x0432, 0x0432, 0x0432, 0x0432,  /* 0x6290 */
  0x0432, 0x0432, 0x0432, 0x0432, 0x0432, 0x0432, 0x0432, 0x0432,  /* 0x6298 */
  0x0432, 0x0432, 0x0432, 0x0432, 0x0432, 0x0432, 0x0432, 0x0432,  /* 0x62A0 */
  0x0432, 0x0432, 0x0432, 0x0432, 0x0432, 0x0432, 0x0432, 0x0432,  /* 0x62A8 */
  0x0432, 0x0432, 0x0432, 0x0432, 0x0432, 0x0432, 0x0432, 0x0432,  /* 0x62B0 */
  0x0432, 0x0432, 0x0432, 0x0432, 0x0432, 0x0432, 0x0432, 0x0432,  /* 0x62B8 */
  0x0432, 0x0432, 0x0432, 0x0432, 0x0432, 0x0432, 0x0432, 0x0432,  /* 0x62C0 */
  0x0432, 0x0432, 0x0432, 0x0432, 0x0432, 0x0432, 0x0432, 0x0432,  /* 0x62C8 */
  0x0432, 0x0432, 0x0432, 0x0432, 0x0432, 0x0432, 0x0432, 0x0432,  /* 0x62D0 */
  0x0432, 0x0432, 0x0432, 0x0432, 0x0432, 0x0432, 0x0432, 0x0432,  /* 0x62D8 */
  0x0432, 0x0432, 0x0432, 0x0432, 0x0432, 0x0432, 0x0432, 0x0432,  /* 0x62E0 */
  0x0432, 0x0432, 0x0432, 0x0432, 0x0432, 0x0432, 0x0432, 0x0432,  /* 0x62E8 */
  0x0432, 0x0432, 0x0432, 0x0432, 0x0432, 0x0432, 0x0432, 0x0432,  /* 0x62F0 */
  0x0432, 0x0432, 0x0432, 0x0432, 0x0432, 0x0432, 0x0432, 0x0432,  /* 0x62F8 */
  0x0433, 0x0433, 0x0433, 0x0433, 0x0433, 0x0433, 0x0433, 0x0433,  /* 0x6300 */
  0x0433, 0x0433, 0x0433, 0x0433, 0x0433, 0x0433, 0x0433, 0x0433,  /* 0x6308 */
  0x0433, 0x0433, 0x0433, 0x0433, 0x0433, 0x0433, 0x0433, 0x0433,  /* 0x6310 */
  0x0433, 0x0433, 0x0433, 0x0433, 0x0433, 0x0433, 0x0433, 0x0433,  /* 0x6318 */
  0x0433, 0x0433, 0x0433, 0x0433, 0x0433, 0x0433, 0x0433, 0x0433,  /* 0x6320 */
  0x0433, 0x0433, 0x0433, 0x0433, 0x0433, 0x0433, 0x0433, 0x0433,  /* 0x6328 */
  0x0433, 0x0433, 0x0433, 0x0433, 0x0433, 0x0433, 0x0433, 0x0433,  /* 0x6330 */
  0x0433, 0x0433, 0x0433, 0x0433, 0x0433, 0x0433, 0x0433, 0x0433,  /* 0x6338 */
  0x0433, 0x0433, 0x0433, 0x0433, 0x0433, 0x0433, 0x0433, 0x0433,  /* 0x6340 */
  0x0433, 0x0433, 0x0433, 0x0433, 0x0433, 0x0433, 0x0433, 0x0433,  /* 0x6348 */
  0x0433, 0x0433, 0x0433, 0x0433, 0x0433, 0x0433, 0x0433, 0x0433,  /* 0x6350 */
  0x0433, 0x0433, 0x0433, 0x0433, 0x0433, 0x0433, 0x0433, 0x0433,  /* 0x6358 */
  0x0433, 0x0433, 0x0433, 0x0433, 0x0433, 0x0433, 0x0433, 0x0433,  /* 0x6360 */
  0x0433, 0x0433, 0x0433, 0x0433, 0x0433, 0x0433, 0x0433, 0x0433,  /* 0x6368 */
  0x0433, 0x0433, 0x0433, 0x0433, 0x0433, 0x0433, 0x0433, 0x0433,  /* 0x6370 */
  0x0433, 0x0433, 0x0433, 0x0433, 0x0433, 0x0433, 0x0433, 0x0433,  /* 0x6378 */
  0x0433, 0x0433, 0x0433, 0x0433, 0x0433, 0x0433, 0x0433, 0x0433,  /* 0x6380 */
  0x0433, 0x0433, 0x0433, 0x0433, 0x0433, 0x0433, 0x0433, 0x0433,  /* 0x6388 */
  0x0433, 0x0433, 0x0433, 0x0433, 0x0433, 0x0433, 0x0433, 0x0433,  /* 0x6390 */
  0x0433, 0x0433, 0x0433, 0x0433, 0x0433, 0x0433, 0x0433, 0x0433,  /* 0x6398 */
  0x0433, 0x0433, 0x0433, 0x0433, 0x0433, 0x0433, 0x0433, 0x0433,  /* 0x63A0 */
  0x0433, 0x0433, 0x0433, 0x0433, 0x0433, 0x0433, 0x0433, 0x0433,  /* 0x63A8 */
  0x0433, 0x0433, 0x0433, 0x0433, 0x0433, 0x0433, 0x0433, 0x0433,  /* 0x63B0 */
  0x0433, 0x0433, 0x0433, 0x0433, 0x0433, 0x0433, 0x0433, 0x0433,  /* 0x63B8 */
  0x0433, 0x0433, 0x0433, 0x0433, 0x0433, 0x0433, 0x0433, 0x0433,  /* 0x63C0 */
  0x0433, 0x0433, 0x0433, 0x0433, 0x0433, 0x0433, 0x0433, 0x0433,  /* 0x63C8 */
  0x0433, 0x0433, 0x0433, 0x0433, 0x0433, 0x0433, 0x0433, 0x0433,  /* 0x63D0 */
  0x0433, 0x0433, 0x0433, 0x0433, 0x0433, 0x0433, 0x0433, 0x0433,  /* 0x63D8 */
  0x0433, 0x0433, 0x0433, 0x0433, 0x0433, 0x0433, 0x0433, 0x0433,  /* 0x63E0 */
  0x0433, 0x0433, 0x0433, 0x0433, 0x0433, 0x0433, 0x0433, 0x0433,  /* 0x63E8 */
  0x0433, 0x0433, 0x0433, 0x0433, 0x0433, 0x0433, 0x0433, 0x0433,  /* 0x63F0 */
  0x0433, 0x0433, 0x0433, 0x0433, 0x0433, 0x0433, 0x0433, 0x0433,  /* 0x63F8 */
  0x0434, 0x0434, 0x0434, 0x0434, 0x0434, 0x0434, 0x0434, 0x0434,  /* 0x6400 */
  0x0434, 0x0434, 0x0434, 0x0434, 0x0434, 0x0434, 0x0434, 0x0434,  /* 0x6408 */
  0x0434, 0x0434, 0x0434, 0x0434, 0x0434, 0x0434, 0x0434, 0x0434,  /* 0x6410 */
  0x0434, 0x0434, 0x0434, 0x0434, 0x0434, 0x0434, 0x0434, 0x0434,  /* 0x6418 */
  0x0434, 0x0434, 0x0434, 0x0434, 0x0434, 0x0434, 0x0434, 0x0434,  /* 0x6420 */
  0x0434, 0x0434, 0x0434, 0x0434, 0x0434, 0x0434, 0x0434, 0x0434,  /* 0x6428 */
  0x0434, 0x0434, 0x0434, 0x0434, 0x0434, 0x0434, 0x0434, 0x0434,  /* 0x6430 */
  0x0434, 0x0434, 0x0434, 0x0434, 0x0434, 0x0434, 0x0434, 0x0434,  /* 0x6438 */
  0x0434, 0x0434, 0x0434, 0x0434, 0x0434, 0x0434, 0x0434, 0x0434,  /* 0x6440 */
  0x0434, 0x0434, 0x0434, 0x0434, 0x0434, 0x0434, 0x0434, 0x0434,  /* 0x6448 */
  0x0434, 0x0434, 0x0434, 0x0434, 0x0434, 0x0434, 0x0434, 0x0434,  /* 0x6450 */
  0x0434, 0x0434, 0x0434, 0x0434, 0x0434, 0x0434, 0x0434, 0x0434,  /* 0x6458 */
  0x0434, 0x0434, 0x0434, 0x0434, 0x0434, 0x0434, 0x0434, 0x0434,  /* 0x6460 */
  0x0434, 0x0434, 0x0434, 0x0434, 0x0434, 0x0434, 0x0434, 0x0434,  /* 0x6468 */
  0x0434, 0x0434, 0x0434, 0x0434, 0x0434, 0x0434, 0x0434, 0x0434,  /* 0x6470 */
  0x0434, 0x0434, 0x0434, 0x0434, 0x0434, 0x0434, 0x0434, 0x0434,  /* 0x6478 */
  0x0434, 0x0434, 0x0434, 0x0434, 0x0434, 0x0434, 0x0434, 0x0434,  /* 0x6480 */
  0x0434, 0x0434, 0x0434, 0x0434, 0x0434, 0x0434, 0x0434, 0x0434,  /* 0x6488 */
  0x0434, 0x0434, 0x0434, 0x0434, 0x0434, 0x0434, 0x0434, 0x0434,  /* 0x6490 */
  0x0434, 0x0434, 0x0434, 0x0434, 0x0434, 0x0434, 0x0434, 0x0434,  /* 0x6498 */
  0x0434, 0x0434, 0x0434, 0x0434, 0x0434, 0x0434, 0x0434, 0x0434,  /* 0x64A0 */
  0x0434, 0x0434, 0x0434, 0x0434, 0x0434, 0x0434, 0x0434, 0x0434,  /* 0x64A8 */
  0x0434, 0x0434, 0x0434, 0x0434, 0x0434, 0x0434, 0x0434, 0x0434,  /* 0x64B0 */
  0x0434, 0x0434, 0x0434, 0x0434, 0x0434, 0x0434, 0x0434, 0x0434,  /* 0x64B8 */
  0x0434, 0x0434, 0x0434, 0x0434, 0x0434, 0x0434, 0x0434, 0x0434,  /* 0x64C0 */
  0x0434, 0x0434, 0x0434, 0x0434, 0x0434, 0x0434, 0x0434, 0x0434,  /* 0x64C8 */
  0x0434, 0x0434, 0x0434, 0x0434, 0x0434, 0x0434, 0x0434, 0x0434,  /* 0x64D0 */
  0x0434, 0x0434, 0x0434, 0x0434, 0x0434, 0x0434, 0x0434, 0x0434,  /* 0x64D8 */
  0x0434, 0x0434, 0x0434, 0x0434, 0x0434, 0x0434, 0x0434, 0x0434,  /* 0x64E0 */
  0x0434, 0x0434, 0x0434, 0x0434, 0x0434, 0x0434, 0x0434, 0x0434,  /* 0x64E8 */
  0x0434, 0x0434, 0x0434, 0x0434, 0x0434, 0x0434, 0x0434, 0x0434,  /* 0x64F0 */
  0x0434, 0x0434, 0x0434, 0x0434, 0x0434, 0x0434, 0x0434, 0x0434,  /* 0x64F8 */
  0x0435, 0x0435, 0x0435, 0x0435, 0x0435, 0x0435, 0x0435, 0x0435,  /* 0x6500 */
  0x0435, 0x0435, 0x0435, 0x0435, 0x0435, 0x0435, 0x0435, 0x0435,  /* 0x6508 */
  0x0435, 0x0435, 0x0435, 0x0435, 0x0435, 0x0435, 0x0435, 0x0435,  /* 0x6510 */
  0x0435, 0x0435, 0x0435, 0x0435, 0x0435, 0x0435, 0x0435, 0x0435,  /* 0x6518 */
  0x0435, 0x0435, 0x0435, 0x0435, 0x0435, 0x0435, 0x0435, 0x0435,  /* 0x6520 */
  0x0435, 0x0435, 0x0435, 0x0435, 0x0435, 0x0435, 0x0435, 0x0435,  /* 0x6528 */
  0x0435, 0x0435, 0x0435, 0x0435, 0x0435, 0x0435, 0x0435, 0x0435,  /* 0x6530 */
  0x0435, 0x0435, 0x0435, 0x0435, 0x0435, 0x0435, 0x0435, 0x0435,  /* 0x6538 */
  0x0435, 0x0435, 0x0435, 0x0435, 0x0435, 0x0435, 0x0435, 0x0435,  /* 0x6540 */
  0x0435, 0x0435, 0x0435, 0x0435, 0x0435, 0x0435, 0x0435, 0x0435,  /* 0x6548 */
  0x0435, 0x0435, 0x0435, 0x0435, 0x0435, 0x0435, 0x0435, 0x0435,  /* 0x6550 */
  0x0435, 0x0435, 0x0435, 0x0435, 0x0435, 0x0435, 0x0435, 0x0435,  /* 0x6558 */
  0x0435, 0x0435, 0x0435, 0x0435, 0x0435, 0x0435, 0x0435, 0x0435,  /* 0x6560 */
  0x0435, 0x0435, 0x0435, 0x0435, 0x0435, 0x0435, 0x0435, 0x0435,  /* 0x6568 */
  0x0435, 0x0435, 0x0435, 0x0435, 0x0435, 0x0435, 0x0435, 0x0435,  /* 0x6570 */
  0x0435, 0x0435, 0x0435, 0x0435, 0x0435, 0x0435, 0x0435, 0x0435,  /* 0x6578 */
  0x0435, 0x0435, 0x0435, 0x0435, 0x0435, 0x0435, 0x0435, 0x0435,  /* 0x6580 */
  0x0435, 0x0435, 0x0435, 0x0435, 0x0435, 0x0435, 0x0435, 0x0435,  /* 0x6588 */
  0x0435, 0x0435, 0x0435, 0x0435, 0x0435, 0x0435, 0x0435, 0x0435,  /* 0x6590 */
  0x0435, 0x0435, 0x0435, 0x0435, 0x0435, 0x0435, 0x0435, 0x0435,  /* 0x6598 */
  0x0435, 0x0435, 0x0435, 0x0435, 0x0435, 0x0435, 0x0435, 0x0435,  /* 0x65A0 */
  0x0435, 0x0435, 0x0435, 0x0435, 0x0435, 0x0435, 0x0435, 0x0435,  /* 0x65A8 */
  0x0435, 0x0435, 0x0435, 0x0435, 0x0435, 0x0435, 0x0435, 0x0435,  /* 0x65B0 */
  0x0435, 0x0435, 0x0435, 0x0435, 0x0435, 0x0435, 0x0435, 0x0435,  /* 0x65B8 */
  0x0435, 0x0435, 0x0435, 0x0435, 0x0435, 0x0435, 0x0435, 0x0435,  /* 0x65C0 */
  0x0435, 0x0435, 0x0435, 0x0435, 0x0435, 0x0435, 0x0435, 0x0435,  /* 0x65C8 */
  0x0435, 0x0435, 0x0435, 0x0435, 0x0435, 0x0435, 0x0435, 0x0435,  /* 0x65D0 */
  0x0435, 0x0435, 0x0435, 0x0435, 0x0435, 0x0435, 0x0435, 0x0435,  /* 0x65D8 */
  0x0435, 0x0435, 0x0435, 0x0435, 0x0435, 0x0435, 0x0435, 0x0435,  /* 0x65E0 */
  0x0435, 0x0435, 0x0435, 0x0435, 0x0435, 0x0435, 0x0435, 0x0435,  /* 0x65E8 */
  0x0435, 0x0435, 0x0435, 0x0435, 0x0435, 0x0435, 0x0435, 0x0435,  /* 0x65F0 */
  0x0435, 0x0435, 0x0435, 0x0435, 0x0435, 0x0435, 0x0435, 0x0435,  /* 0x65F8 */
  0x0436, 0x0436, 0x0436, 0x0436, 0x0436, 0x0436, 0x0436, 0x0436,  /* 0x6600 */
  0x0436, 0x0436, 0x0436, 0x0436, 0x0436, 0x0436, 0x0436, 0x0436,  /* 0x6608 */
  0x0436, 0x0436, 0x0436, 0x0436, 0x0436, 0x0436, 0x0436, 0x0436,  /* 0x6610 */
  0x0436, 0x0436, 0x0436, 0x0436, 0x0436, 0x0436, 0x0436, 0x0436,  /* 0x6618 */
  0x0436, 0x0436, 0x0436, 0x0436, 0x0436, 0x0436, 0x0436, 0x0436,  /* 0x6620 */
  0x0436, 0x0436, 0x0436, 0x0436, 0x0436, 0x0436, 0x0436, 0x0436,  /* 0x6628 */
  0x0436, 0x0436, 0x0436, 0x0436, 0x0436, 0x0436, 0x0436, 0x0436,  /* 0x6630 */
  0x0436, 0x0436, 0x0436, 0x0436, 0x0436, 0x0436, 0x0436, 0x0436,  /* 0x6638 */
  0x0436, 0x0436, 0x0436, 0x0436, 0x0436, 0x0436, 0x0436, 0x0436,  /* 0x6640 */
  0x0436, 0x0436, 0x0436, 0x0436, 0x0436, 0x0436, 0x0436, 0x0436,  /* 0x6648 */
  0x0436, 0x0436, 0x0436, 0x0436, 0x0436, 0x0436, 0x0436, 0x0436,  /* 0x6650 */
  0x0436, 0x0436, 0x0436, 0x0436, 0x0436, 0x0436, 0x0436, 0x0436,  /* 0x6658 */
  0x0436, 0x0436, 0x0436, 0x0436, 0x0436, 0x0436, 0x0436, 0x0436,  /* 0x6660 */
  0x0436, 0x0436, 0x0436, 0x0436, 0x0436, 0x0436, 0x0436, 0x0436,  /* 0x6668 */
  0x0436, 0x0436, 0x0436, 0x0436, 0x0436, 0x0436, 0x0436, 0x0436,  /* 0x6670 */
  0x0436, 0x0436, 0x0436, 0x0436, 0x0436, 0x0436, 0x0436, 0x0436,  /* 0x6678 */
  0x0436, 0x0436, 0x0436, 0x0436, 0x0436, 0x0436, 0x0436, 0x0436,  /* 0x6680 */
  0x0436, 0x0436, 0x0436, 0x0436, 0x0436, 0x0436, 0x0436, 0x0436,  /* 0x6688 */
  0x0436, 0x0436, 0x0436, 0x0436, 0x0436, 0x0436, 0x0436, 0x0436,  /* 0x6690 */
  0x0436, 0x0436, 0x0436, 0x0436, 0x0436, 0x0436, 0x0436, 0x0436,  /* 0x6698 */
  0x0436, 0x0436, 0x0436, 0x0436, 0x0436, 0x0436, 0x0436, 0x0436,  /* 0x66A0 */
  0x0436, 0x0436, 0x0436, 0x0436, 0x0436, 0x0436, 0x0436, 0x0436,  /* 0x66A8 */
  0x0436, 0x0436, 0x0436, 0x0436, 0x0436, 0x0436, 0x0436, 0x0436,  /* 0x66B0 */
  0x0436, 0x0436, 0x0436, 0x0436, 0x0436, 0x0436, 0x0436, 0x0436,  /* 0x66B8 */
  0x0436, 0x0436, 0x0436, 0x0436, 0x0436, 0x0436, 0x0436, 0x0436,  /* 0x66C0 */
  0x0436, 0x0436, 0x0436, 0x0436, 0x0436, 0x0436, 0x0436, 0x0436,  /* 0x66C8 */
  0x0436, 0x0436, 0x0436, 0x0436, 0x0436, 0x0436, 0x0436, 0x0436,  /* 0x66D0 */
  0x0436, 0x0436, 0x0436, 0x0436, 0x0436, 0x0436, 0x0436, 0x0436,  /* 0x66D8 */
  0x0436, 0x0436, 0x0436, 0x0436, 0x0436, 0x0436, 0x0436, 0x0436,  /* 0x66E0 */
  0x0436, 0x0436, 0x0436, 0x0436, 0x0436, 0x0436, 0x0436, 0x0436,  /* 0x66E8 */
  0x0436, 0x0436, 0x0436, 0x0436, 0x0436, 0x0436, 0x0436, 0x0436,  /* 0x66F0 */
  0x0436, 0x0436, 0x0436, 0x0436, 0x0436, 0x0436, 0x0436, 0x0436,  /* 0x66F8 */
  0x0437, 0x0437, 0x0437, 0x0437, 0x0437, 0x0437, 0x0437, 0x0437,  /* 0x6700 */
  0x0437, 0x0437, 0x0437, 0x0437, 0x0437, 0x0437, 0x0437, 0x0437,  /* 0x6708 */
  0x0437, 0x0437, 0x0437, 0x0437, 0x0437, 0x0437, 0x0437, 0x0437,  /* 0x6710 */
  0x0437, 0x0437, 0x0437, 0x0437, 0x0437, 0x0437, 0x0437, 0x0437,  /* 0x6718 */
  0x0437, 0x0437, 0x0437, 0x0437, 0x0437, 0x0437, 0x0437, 0x0437,  /* 0x6720 */
  0x0437, 0x0437, 0x0437, 0x0437, 0x0437, 0x0437, 0x0437, 0x0437,  /* 0x6728 */
  0x0437, 0x0437, 0x0437, 0x0437, 0x0437, 0x0437, 0x0437, 0x0437,  /* 0x6730 */
  0x0437, 0x0437, 0x0437, 0x0437, 0x0437, 0x0437, 0x0437, 0x0437,  /* 0x6738 */
  0x0437, 0x0437, 0x0437, 0x0437, 0x0437, 0x0437, 0x0437, 0x0437,  /* 0x6740 */
  0x0437, 0x0437, 0x0437, 0x0437, 0x0437, 0x0437, 0x0437, 0x0437,  /* 0x6748 */
  0x0437, 0x0437, 0x0437, 0x0437, 0x0437, 0x0437, 0x0437, 0x0437,  /* 0x6750 */
  0x0437, 0x0437, 0x0437, 0x0437, 0x0437, 0x0437, 0x0437, 0x0437,  /* 0x6758 */
  0x0437, 0x0437, 0x0437, 0x0437, 0x0437, 0x0437, 0x0437, 0x0437,  /* 0x6760 */
  0x0437, 0x0437, 0x0437, 0x0437, 0x0437, 0x0437, 0x0437, 0x0437,  /* 0x6768 */
  0x0437, 0x0437, 0x0437, 0x0437, 0x0437, 0x0437, 0x0437, 0x0437,  /* 0x6770 */
  0x0437, 0x0437, 0x0437, 0x0437, 0x0437, 0x0437, 0x0437, 0x0437,  /* 0x6778 */
  0x0437, 0x0437, 0x0437, 0x0437, 0x0437, 0x0437, 0x0437, 0x0437,  /* 0x6780 */
  0x0437, 0x0437, 0x0437, 0x0437, 0x0437, 0x0437, 0x0437, 0x0437,  /* 0x6788 */
  0x0437, 0x0437, 0x0437, 0x0437, 0x0437, 0x0437, 0x0437, 0x0437,  /* 0x6790 */
  0x0437, 0x0437, 0x0437, 0x0437, 0x0437, 0x0437, 0x0437, 0x0437,  /* 0x6798 */
  0x0437, 0x0437, 0x0437, 0x0437, 0x0437, 0x0437, 0x0437, 0x0437,  /* 0x67A0 */
  0x0437, 0x0437, 0x0437, 0x0437, 0x0437, 0x0437, 0x0437, 0x0437,  /* 0x67A8 */
  0x0437, 0x0437, 0x0437, 0x0437, 0x0437, 0x0437, 0x0437, 0x0437,  /* 0x67B0 */
  0x0437, 0x0437, 0x0437, 0x0437, 0x0437, 0x0437, 0x0437, 0x0437,  /* 0x67B8 */
  0x0437, 0x0437, 0x0437, 0x0437, 0x0437, 0x0437, 0x0437, 0x0437,  /* 0x67C0 */
  0x0437, 0x0437, 0x0437, 0x0437, 0x0437, 0x0437, 0x0437, 0x0437,  /* 0x67C8 */
  0x0437, 0x0437, 0x0437, 0x0437, 0x0437, 0x0437, 0x0437, 0x0437,  /* 0x67D0 */
  0x0437, 0x0437, 0x0437, 0x0437, 0x0437, 0x0437, 0x0437, 0x0437,  /* 0x67D8 */
  0x0437, 0x0437, 0x0437, 0x0437, 0x0437, 0x0437, 0x0437, 0x0437,  /* 0x67E0 */
  0x0437, 0x0437, 0x0437, 0x0437, 0x0437, 0x0437, 0x0437, 0x0437,  /* 0x67E8 */
  0x0437, 0x0437, 0x0437, 0x0437, 0x0437, 0x0437, 0x0437, 0x0437,  /* 0x67F0 */
  0x0437, 0x0437, 0x0437, 0x0437, 0x0437, 0x0437, 0x0437, 0x0437,  /* 0x67F8 */
  0x0438, 0x0438, 0x0438, 0x0438, 0x0438, 0x0438, 0x0438, 0x0438,  /* 0x6800 */
  0x0438, 0x0438, 0x0438, 0x0438, 0x0438, 0x0438, 0x0438, 0x0438,  /* 0x6808 */
  0x0438, 0x0438, 0x0438, 0x0438, 0x0438, 0x0438, 0x0438, 0x0438,  /* 0x6810 */
  0x0438, 0x0438, 0x0438, 0x0438, 0x0438, 0x0438, 0x0438, 0x0438,  /* 0x6818 */
  0x0438, 0x0438, 0x0438, 0x0438, 0x0438, 0x0438, 0x0438, 0x0438,  /* 0x6820 */
  0x0438, 0x0438, 0x0438, 0x0438, 0x0438, 0x0438, 0x0438, 0x0438,  /* 0x6828 */
  0x0438, 0x0438, 0x0438, 0x0438, 0x0438, 0x0438, 0x0438, 0x0438,  /* 0x6830 */
  0x0438, 0x0438, 0x0438, 0x0438, 0x0438, 0x0438, 0x0438, 0x0438,  /* 0x6838 */
  0x0438, 0x0438, 0x0438, 0x0438, 0x0438, 0x0438, 0x0438, 0x0438,  /* 0x6840 */
  0x0438, 0x0438, 0x0438, 0x0438, 0x0438, 0x0438, 0x0438, 0x0438,  /* 0x6848 */
  0x0438, 0x0438, 0x0438, 0x0438, 0x0438, 0x0438, 0x0438, 0x0438,  /* 0x6850 */
  0x0438, 0x0438, 0x0438, 0x0438, 0x0438, 0x0438, 0x0438, 0x0438,  /* 0x6858 */
  0x0438, 0x0438, 0x0438, 0x0438, 0x0438, 0x0438, 0x0438, 0x0438,  /* 0x6860 */
  0x0438, 0x0438, 0x0438, 0x0438, 0x0438, 0x0438, 0x0438, 0x0438,  /* 0x6868 */
  0x0438, 0x0438, 0x0438, 0x0438, 0x0438, 0x0438, 0x0438, 0x0438,  /* 0x6870 */
  0x0438, 0x0438, 0x0438, 0x0438, 0x0438, 0x0438, 0x0438, 0x0438,  /* 0x6878 */
  0x0438, 0x0438, 0x0438, 0x0438, 0x0438, 0x0438, 0x0438, 0x0438,  /* 0x6880 */
  0x0438, 0x0438, 0x0438, 0x0438, 0x0438, 0x0438, 0x0438, 0x0438,  /* 0x6888 */
  0x0438, 0x0438, 0x0438, 0x0438, 0x0438, 0x0438, 0x0438, 0x0438,  /* 0x6890 */
  0x0438, 0x0438, 0x0438, 0x0438, 0x0438, 0x0438, 0x0438, 0x0438,  /* 0x6898 */
  0x0438, 0x0438, 0x0438, 0x0438, 0x0438, 0x0438, 0x0438, 0x0438,  /* 0x68A0 */
  0x0438, 0x0438, 0x0438, 0x0438, 0x0438, 0x0438, 0x0438, 0x0438,  /* 0x68A8 */
  0x0438, 0x0438, 0x0438, 0x0438, 0x0438, 0x0438, 0x0438, 0x0438,  /* 0x68B0 */
  0x0438, 0x0438, 0x0438, 0x0438, 0x0438, 0x0438, 0x0438, 0x0438,  /* 0x68B8 */
  0x0438, 0x0438, 0x0438, 0x0438, 0x0438, 0x0438, 0x0438, 0x0438,  /* 0x68C0 */
  0x0438, 0x0438, 0x0438, 0x0438, 0x0438, 0x0438, 0x0438, 0x0438,  /* 0x68C8 */
  0x0438, 0x0438, 0x0438, 0x0438, 0x0438, 0x0438, 0x0438, 0x0438,  /* 0x68D0 */
  0x0438, 0x0438, 0x0438, 0x0438, 0x0438, 0x0438, 0x0438, 0x0438,  /* 0x68D8 */
  0x0438, 0x0438, 0x0438, 0x0438, 0x0438, 0x0438, 0x0438, 0x0438,  /* 0x68E0 */
  0x0438, 0x0438, 0x0438, 0x0438, 0x0438, 0x0438, 0x0438, 0x0438,  /* 0x68E8 */
  0x0438, 0x0438, 0x0438, 0x0438, 0x0438, 0x0438, 0x0438, 0x0438,  /* 0x68F0 */
  0x0438, 0x0438, 0x0438, 0x0438, 0x0438, 0x0438, 0x0438, 0x0438,  /* 0x68F8 */
  0x0439, 0x0439, 0x0439, 0x0439, 0x0439, 0x0439, 0x0439, 0x0439,  /* 0x6900 */
  0x0439, 0x0439, 0x0439, 0x0439, 0x0439, 0x0439, 0x0439, 0x0439,  /* 0x6908 */
  0x0439, 0x0439, 0x0439, 0x0439, 0x0439, 0x0439, 0x0439, 0x0439,  /* 0x6910 */
  0x0439, 0x0439, 0x0439, 0x0439, 0x0439, 0x0439, 0x0439, 0x0439,  /* 0x6918 */
  0x0439, 0x0439, 0x0439, 0x0439, 0x0439, 0x0439, 0x0439, 0x0439,  /* 0x6920 */
  0x0439, 0x0439, 0x0439, 0x0439, 0x0439, 0x0439, 0x0439, 0x0439,  /* 0x6928 */
  0x0439, 0x0439, 0x0439, 0x0439, 0x0439, 0x0439, 0x0439, 0x0439,  /* 0x6930 */
  0x0439, 0x0439, 0x0439, 0x0439, 0x0439, 0x0439, 0x0439, 0x0439,  /* 0x6938 */
  0x0439, 0x0439, 0x0439, 0x0439, 0x0439, 0x0439, 0x0439, 0x0439,  /* 0x6940 */
  0x0439, 0x0439, 0x0439, 0x0439, 0x0439, 0x0439, 0x0439, 0x0439,  /* 0x6948 */
  0x0439, 0x0439, 0x0439, 0x0439, 0x0439, 0x0439, 0x0439, 0x0439,  /* 0x6950 */
  0x0439, 0x0439, 0x0439, 0x0439, 0x0439, 0x0439, 0x0439, 0x0439,  /* 0x6958 */
  0x0439, 0x0439, 0x0439, 0x0439, 0x0439, 0x0439, 0x0439, 0x0439,  /* 0x6960 */
  0x0439, 0x0439, 0x0439, 0x0439, 0x0439, 0x0439, 0x0439, 0x0439,  /* 0x6968 */
  0x0439, 0x0439, 0x0439, 0x0439, 0x0439, 0x0439, 0x0439, 0x0439,  /* 0x6970 */
  0x0439, 0x0439, 0x0439, 0x0439, 0x0439, 0x0439, 0x0439, 0x0439,  /* 0x6978 */
  0x0439, 0x0439, 0x0439, 0x0439, 0x0439, 0x0439, 0x0439, 0x0439,  /* 0x6980 */
  0x0439, 0x0439, 0x0439, 0x0439, 0x0439, 0x0439, 0x0439, 0x0439,  /* 0x6988 */
  0x0439, 0x0439, 0x0439, 0x0439, 0x0439, 0x0439, 0x0439, 0x0439,  /* 0x6990 */
  0x0439, 0x0439, 0x0439, 0x0439, 0x0439, 0x0439, 0x0439, 0x0439,  /* 0x6998 */
  0x0439, 0x0439, 0x0439, 0x0439, 0x0439, 0x0439, 0x0439, 0x0439,  /* 0x69A0 */
  0x0439, 0x0439, 0x0439, 0x0439, 0x0439, 0x0439, 0x0439, 0x0439,  /* 0x69A8 */
  0x0439, 0x0439, 0x0439, 0x0439, 0x0439, 0x0439, 0x0439, 0x0439,  /* 0x69B0 */
  0x0439, 0x0439, 0x0439, 0x0439, 0x0439, 0x0439, 0x0439, 0x0439,  /* 0x69B8 */
  0x0439, 0x0439, 0x0439, 0x0439, 0x0439, 0x0439, 0x0439, 0x0439,  /* 0x69C0 */
  0x0439, 0x0439, 0x0439, 0x0439, 0x0439, 0x0439, 0x0439, 0x0439,  /* 0x69C8 */
  0x0439, 0x0439, 0x0439, 0x0439, 0x0439, 0x0439, 0x0439, 0x0439,  /* 0x69D0 */
  0x0439, 0x0439, 0x0439, 0x0439, 0x0439, 0x0439, 0x0439, 0x0439,  /* 0x69D8 */
  0x0439, 0x0439, 0x0439, 0x0439, 0x0439, 0x0439, 0x0439, 0x0439,  /* 0x69E0 */
  0x0439, 0x0439, 0x0439, 0x0439, 0x0439, 0x0439, 0x0439, 0x0439,  /* 0x69E8 */
  0x0439, 0x0439, 0x0439, 0x0439, 0x0439, 0x0439, 0x0439, 0x0439,  /* 0x69F0 */
  0x0439, 0x0439, 0x0439, 0x0439, 0x0439, 0x0439, 0x0439, 0x0439,  /* 0x69F8 */
  0x043A, 0x043A, 0x043A, 0x043A, 0x043A, 0x043A, 0x043A, 0x043A,  /* 0x6A00 */
  0x043A, 0x043A, 0x043A, 0x043A, 0x043A, 0x043A, 0x043A, 0x043A,  /* 0x6A08 */
  0x043A, 0x043A, 0x043A, 0x043A, 0x043A, 0x043A, 0x043A, 0x043A,  /* 0x6A10 */
  0x043A, 0x043A, 0x043A, 0x043A, 0x043A, 0x043A, 0x043A, 0x043A,  /* 0x6A18 */
  0x043A, 0x043A, 0x043A, 0x043A, 0x043A, 0x043A, 0x043A, 0x043A,  /* 0x6A20 */
  0x043A, 0x043A, 0x043A, 0x043A, 0x043A, 0x043A, 0x043A, 0x043A,  /* 0x6A28 */
  0x043A, 0x043A, 0x043A, 0x043A, 0x043A, 0x043A, 0x043A, 0x043A,  /* 0x6A30 */
  0x043A, 0x043A, 0x043A, 0x043A, 0x043A, 0x043A, 0x043A, 0x043A,  /* 0x6A38 */
  0x043A, 0x043A, 0x043A, 0x043A, 0x043A, 0x043A, 0x043A, 0x043A,  /* 0x6A40 */
  0x043A, 0x043A, 0x043A, 0x043A, 0x043A, 0x043A, 0x043A, 0x043A,  /* 0x6A48 */
  0x043A, 0x043A, 0x043A, 0x043A, 0x043A, 0x043A, 0x043A, 0x043A,  /* 0x6A50 */
  0x043A, 0x043A, 0x043A, 0x043A, 0x043A, 0x043A, 0x043A, 0x043A,  /* 0x6A58 */
  0x043A, 0x043A, 0x043A, 0x043A, 0x043A, 0x043A, 0x043A, 0x043A,  /* 0x6A60 */
  0x043A, 0x043A, 0x043A, 0x043A, 0x043A, 0x043A, 0x043A, 0x043A,  /* 0x6A68 */
  0x043A, 0x043A, 0x043A, 0x043A, 0x043A, 0x043A, 0x043A, 0x043A,  /* 0x6A70 */
  0x043A, 0x043A, 0x043A, 0x043A, 0x043A, 0x043A, 0x043A, 0x043A,  /* 0x6A78 */
  0x043A, 0x043A, 0x043A, 0x043A, 0x043A, 0x043A, 0x043A, 0x043A,  /* 0x6A80 */
  0x043A, 0x043A, 0x043A, 0x043A, 0x043A, 0x043A, 0x043A, 0x043A,  /* 0x6A88 */
  0x043A, 0x043A, 0x043A, 0x043A, 0x043A, 0x043A, 0x043A, 0x043A,  /* 0x6A90 */
  0x043A, 0x043A, 0x043A, 0x043A, 0x043A, 0x043A, 0x043A, 0x043A,  /* 0x6A98 */
  0x043A, 0x043A, 0x043A, 0x043A, 0x043A, 0x043A, 0x043A, 0x043A,  /* 0x6AA0 */
  0x043A, 0x043A, 0x043A, 0x043A, 0x043A, 0x043A, 0x043A, 0x043A,  /* 0x6AA8 */
  0x043A, 0x043A, 0x043A, 0x043A, 0x043A, 0x043A, 0x043A, 0x043A,  /* 0x6AB0 */
  0x043A, 0x043A, 0x043A, 0x043A, 0x043A, 0x043A, 0x043A, 0x043A,  /* 0x6AB8 */
  0x043A, 0x043A, 0x043A, 0x043A, 0x043A, 0x043A, 0x043A, 0x043A,  /* 0x6AC0 */
  0x043A, 0x043A, 0x043A, 0x043A, 0x043A, 0x043A, 0x043A, 0x043A,  /* 0x6AC8 */
  0x043A, 0x043A, 0x043A, 0x043A, 0x043A, 0x043A, 0x043A, 0x043A,  /* 0x6AD0 */
  0x043A, 0x043A, 0x043A, 0x043A, 0x043A, 0x043A, 0x043A, 0x043A,  /* 0x6AD8 */
  0x043A, 0x043A, 0x043A, 0x043A, 0x043A, 0x043A, 0x043A, 0x043A,  /* 0x6AE0 */
  0x043A, 0x043A, 0x043A, 0x043A, 0x043A, 0x043A, 0x043A, 0x043A,  /* 0x6AE8 */
  0x043A, 0x043A, 0x043A, 0x043A, 0x043A, 0x043A, 0x043A, 0x043A,  /* 0x6AF0 */
  0x043A, 0x043A, 0x043A, 0x043A, 0x043A, 0x043A, 0x043A, 0x043A,  /* 0x6AF8 */
  0x043B, 0x043B, 0x043B, 0x043B, 0x043B, 0x043B, 0x043B, 0x043B,  /* 0x6B00 */
  0x043B, 0x043B, 0x043B, 0x043B, 0x043B, 0x043B, 0x043B, 0x043B,  /* 0x6B08 */
  0x043B, 0x043B, 0x043B, 0x043B, 0x043B, 0x043B, 0x043B, 0x043B,  /* 0x6B10 */
  0x043B, 0x043B, 0x043B, 0x043B, 0x043B, 0x043B, 0x043B, 0x043B,  /* 0x6B18 */
  0x043B, 0x043B, 0x043B, 0x043B, 0x043B, 0x043B, 0x043B, 0x043B,  /* 0x6B20 */
  0x043B, 0x043B, 0x043B, 0x043B, 0x043B, 0x043B, 0x043B, 0x043B,  /* 0x6B28 */
  0x043B, 0x043B, 0x043B, 0x043B, 0x043B, 0x043B, 0x043B, 0x043B,  /* 0x6B30 */
  0x043B, 0x043B, 0x043B, 0x043B, 0x043B, 0x043B, 0x043B, 0x043B,  /* 0x6B38 */
  0x043B, 0x043B, 0x043B, 0x043B, 0x043B, 0x043B, 0x043B, 0x043B,  /* 0x6B40 */
  0x043B, 0x043B, 0x043B, 0x043B, 0x043B, 0x043B, 0x043B, 0x043B,  /* 0x6B48 */
  0x043B, 0x043B, 0x043B, 0x043B, 0x043B, 0x043B, 0x043B, 0x043B,  /* 0x6B50 */
  0x043B, 0x043B, 0x043B, 0x043B, 0x043B, 0x043B, 0x043B, 0x043B,  /* 0x6B58 */
  0x043B, 0x043B, 0x043B, 0x043B, 0x043B, 0x043B, 0x043B, 0x043B,  /* 0x6B60 */
  0x043B, 0x043B, 0x043B, 0x043B, 0x043B, 0x043B, 0x043B, 0x043B,  /* 0x6B68 */
  0x043B, 0x043B, 0x043B, 0x043B, 0x043B, 0x043B, 0x043B, 0x043B,  /* 0x6B70 */
  0x043B, 0x043B, 0x043B, 0x043B, 0x043B, 0x043B, 0x043B, 0x043B,  /* 0x6B78 */
  0x043B, 0x043B, 0x043B, 0x043B, 0x043B, 0x043B, 0x043B, 0x043B,  /* 0x6B80 */
  0x043B, 0x043B, 0x043B, 0x043B, 0x043B, 0x043B, 0x043B, 0x043B,  /* 0x6B88 */
  0x043B, 0x043B, 0x043B, 0x043B, 0x043B, 0x043B, 0x043B, 0x043B,  /* 0x6B90 */
  0x043B, 0x043B, 0x043B, 0x043B, 0x043B, 0x043B, 0x043B, 0x043B,  /* 0x6B98 */
  0x043B, 0x043B, 0x043B, 0x043B, 0x043B, 0x043B, 0x043B, 0x043B,  /* 0x6BA0 */
  0x043B, 0x043B, 0x043B, 0x043B, 0x043B, 0x043B, 0x043B, 0x043B,  /* 0x6BA8 */
  0x043B, 0x043B, 0x043B, 0x043B, 0x043B, 0x043B, 0x043B, 0x043B,  /* 0x6BB0 */
  0x043B, 0x043B, 0x043B, 0x043B, 0x043B, 0x043B, 0x043B, 0x043B,  /* 0x6BB8 */
  0x043B, 0x043B, 0x043B, 0x043B, 0x043B, 0x043B, 0x043B, 0x043B,  /* 0x6BC0 */
  0x043B, 0x043B, 0x043B, 0x043B, 0x043B, 0x043B, 0x043B, 0x043B,  /* 0x6BC8 */
  0x043B, 0x043B, 0x043B, 0x043B, 0x043B, 0x043B, 0x043B, 0x043B,  /* 0x6BD0 */
  0x043B, 0x043B, 0x043B, 0x043B, 0x043B, 0x043B, 0x043B, 0x043B,  /* 0x6BD8 */
  0x043B, 0x043B, 0x043B, 0x043B, 0x043B, 0x043B, 0x043B, 0x043B,  /* 0x6BE0 */
  0x043B, 0x043B, 0x043B, 0x043B, 0x043B, 0x043B, 0x043B, 0x043B,  /* 0x6BE8 */
  0x043B, 0x043B, 0x043B, 0x043B, 0x043B, 0x043B, 0x043B, 0x043B,  /* 0x6BF0 */
  0x043B, 0x043B, 0x043B, 0x043B, 0x043B, 0x043B, 0x043B, 0x043B,  /* 0x6BF8 */
  0x043C, 0x043C, 0x043C, 0x043C, 0x043C, 0x043C, 0x043C, 0x043C,  /* 0x6C00 */
  0x043C, 0x043C, 0x043C, 0x043C, 0x043C, 0x043C, 0x043C, 0x043C,  /* 0x6C08 */
  0x043C, 0x043C, 0x043C, 0x043C, 0x043C, 0x043C, 0x043C, 0x043C,  /* 0x6C10 */
  0x043C, 0x043C, 0x043C, 0x043C, 0x043C, 0x043C, 0x043C, 0x043C,  /* 0x6C18 */
  0x043C, 0x043C, 0x043C, 0x043C, 0x043C, 0x043C, 0x043C, 0x043C,  /* 0x6C20 */
  0x043C, 0x043C, 0x043C, 0x043C, 0x043C, 0x043C, 0x043C, 0x043C,  /* 0x6C28 */
  0x043C, 0x043C, 0x043C, 0x043C, 0x043C, 0x043C, 0x043C, 0x043C,  /* 0x6C30 */
  0x043C, 0x043C, 0x043C, 0x043C, 0x043C, 0x043C, 0x043C, 0x043C,  /* 0x6C38 */
  0x043C, 0x043C, 0x043C, 0x043C, 0x043C, 0x043C, 0x043C, 0x043C,  /* 0x6C40 */
  0x043C, 0x043C, 0x043C, 0x043C, 0x043C, 0x043C, 0x043C, 0x043C,  /* 0x6C48 */
  0x043C, 0x043C, 0x043C, 0x043C, 0x043C, 0x043C, 0x043C, 0x043C,  /* 0x6C50 */
  0x043C, 0x043C, 0x043C, 0x043C, 0x043C, 0x043C, 0x043C, 0x043C,  /* 0x6C58 */
  0x043C, 0x043C, 0x043C, 0x043C, 0x043C, 0x043C, 0x043C, 0x043C,  /* 0x6C60 */
  0x043C, 0x043C, 0x043C, 0x043C, 0x043C, 0x043C, 0x043C, 0x043C,  /* 0x6C68 */
  0x043C, 0x043C, 0x043C, 0x043C, 0x043C, 0x043C, 0x043C, 0x043C,  /* 0x6C70 */
  0x043C, 0x043C, 0x043C, 0x043C, 0x043C, 0x043C, 0x043C, 0x043C,  /* 0x6C78 */
  0x043C, 0x043C, 0x043C, 0x043C, 0x043C, 0x043C, 0x043C, 0x043C,  /* 0x6C80 */
  0x043C, 0x043C, 0x043C, 0x043C, 0x043C, 0x043C, 0x043C, 0x043C,  /* 0x6C88 */
  0x043C, 0x043C, 0x043C, 0x043C, 0x043C, 0x043C, 0x043C, 0x043C,  /* 0x6C90 */
  0x043C, 0x043C, 0x043C, 0x043C, 0x043C, 0x043C, 0x043C, 0x043C,  /* 0x6C98 */
  0x043C, 0x043C, 0x043C, 0x043C, 0x043C, 0x043C, 0x043C, 0x043C,  /* 0x6CA0 */
  0x043C, 0x043C, 0x043C, 0x043C, 0x043C, 0x043C, 0x043C, 0x043C,  /* 0x6CA8 */
  0x043C, 0x043C, 0x043C, 0x043C, 0x043C, 0x043C, 0x043C, 0x043C,  /* 0x6CB0 */
  0x043C, 0x043C, 0x043C, 0x043C, 0x043C, 0x043C, 0x043C, 0x043C,  /* 0x6CB8 */
  0x043C, 0x043C, 0x043C, 0x043C, 0x043C, 0x043C, 0x043C, 0x043C,  /* 0x6CC0 */
  0x043C, 0x043C, 0x043C, 0x043C, 0x043C, 0x043C, 0x043C, 0x043C,  /* 0x6CC8 */
  0x043C, 0x043C, 0x043C, 0x043C, 0x043C, 0x043C, 0x043C, 0x043C,  /* 0x6CD0 */
  0x043C, 0x043C, 0x043C, 0x043C, 0x043C, 0x043C, 0x043C, 0x043C,  /* 0x6CD8 */
  0x043C, 0x043C, 0x043C, 0x043C, 0x043C, 0x043C, 0x043C, 0x043C,  /* 0x6CE0 */
  0x043C, 0x043C, 0x043C, 0x043C, 0x043C, 0x043C, 0x043C, 0x043C,  /* 0x6CE8 */
  0x043C, 0x043C, 0x043C, 0x043C, 0x043C, 0x043C, 0x043C, 0x043C,  /* 0x6CF0 */
  0x043C, 0x043C, 0x043C, 0x043C, 0x043C, 0x043C, 0x043C, 0x043C,  /* 0x6CF8 */
  0x043D, 0x043D, 0x043D, 0x043D, 0x043D, 0x043D, 0x043D, 0x043D,  /* 0x6D00 */
  0x043D, 0x043D, 0x043D, 0x043D, 0x043D, 0x043D, 0x043D, 0x043D,  /* 0x6D08 */
  0x043D, 0x043D, 0x043D, 0x043D, 0x043D, 0x043D, 0x043D, 0x043D,  /* 0x6D10 */
  0x043D, 0x043D, 0x043D, 0x043D, 0x043D, 0x043D, 0x043D, 0x043D,  /* 0x6D18 */
  0x043D, 0x043D, 0x043D, 0x043D, 0x043D, 0x043D, 0x043D, 0x043D,  /* 0x6D20 */
  0x043D, 0x043D, 0x043D, 0x043D, 0x043D, 0x043D, 0x043D, 0x043D,  /* 0x6D28 */
  0x043D, 0x043D, 0x043D, 0x043D, 0x043D, 0x043D, 0x043D, 0x043D,  /* 0x6D30 */
  0x043D, 0x043D, 0x043D, 0x043D, 0x043D, 0x043D, 0x043D, 0x043D,  /* 0x6D38 */
  0x043D, 0x043D, 0x043D, 0x043D, 0x043D, 0x043D, 0x043D, 0x043D,  /* 0x6D40 */
  0x043D, 0x043D, 0x043D, 0x043D, 0x043D, 0x043D, 0x043D, 0x043D,  /* 0x6D48 */
  0x043D, 0x043D, 0x043D, 0x043D, 0x043D, 0x043D, 0x043D, 0x043D,  /* 0x6D50 */
  0x043D, 0x043D, 0x043D, 0x043D, 0x043D, 0x043D, 0x043D, 0x043D,  /* 0x6D58 */
  0x043D, 0x043D, 0x043D, 0x043D, 0x043D, 0x043D, 0x043D, 0x043D,  /* 0x6D60 */
  0x043D, 0x043D, 0x043D, 0x043D, 0x043D, 0x043D, 0x043D, 0x043D,  /* 0x6D68 */
  0x043D, 0x043D, 0x043D, 0x043D, 0x043D, 0x043D, 0x043D, 0x043D,  /* 0x6D70 */
  0x043D, 0x043D, 0x043D, 0x043D, 0x043D, 0x043D, 0x043D, 0x043D,  /* 0x6D78 */
  0x043D, 0x043D, 0x043D, 0x043D, 0x043D, 0x043D, 0x043D, 0x043D,  /* 0x6D80 */
  0x043D, 0x043D, 0x043D, 0x043D, 0x043D, 0x043D, 0x043D, 0x043D,  /* 0x6D88 */
  0x043D, 0x043D, 0x043D, 0x043D, 0x043D, 0x043D, 0x043D, 0x043D,  /* 0x6D90 */
  0x043D, 0x043D, 0x043D, 0x043D, 0x043D, 0x043D, 0x043D, 0x043D,  /* 0x6D98 */
  0x043D, 0x043D, 0x043D, 0x043D, 0x043D, 0x043D, 0x043D, 0x043D,  /* 0x6DA0 */
  0x043D, 0x043D, 0x043D, 0x043D, 0x043D, 0x043D, 0x043D, 0x043D,  /* 0x6DA8 */
  0x043D, 0x043D, 0x043D, 0x043D, 0x043D, 0x043D, 0x043D, 0x043D,  /* 0x6DB0 */
  0x043D, 0x043D, 0x043D, 0x043D, 0x043D, 0x043D, 0x043D, 0x043D,  /* 0x6DB8 */
  0x043D, 0x043D, 0x043D, 0x043D, 0x043D, 0x043D, 0x043D, 0x043D,  /* 0x6DC0 */
  0x043D, 0x043D, 0x043D, 0x043D, 0x043D, 0x043D, 0x043D, 0x043D,  /* 0x6DC8 */
  0x043D, 0x043D, 0x043D, 0x043D, 0x043D, 0x043D, 0x043D, 0x043D,  /* 0x6DD0 */
  0x043D, 0x043D, 0x043D, 0x043D, 0x043D, 0x043D, 0x043D, 0x043D,  /* 0x6DD8 */
  0x043D, 0x043D, 0x043D, 0x043D, 0x043D, 0x043D, 0x043D, 0x043D,  /* 0x6DE0 */
  0x043D, 0x043D, 0x043D, 0x043D, 0x043D, 0x043D, 0x043D, 0x043D,  /* 0x6DE8 */
  0x043D, 0x043D, 0x043D, 0x043D, 0x043D, 0x043D, 0x043D, 0x043D,  /* 0x6DF0 */
  0x043D, 0x043D, 0x043D, 0x043D, 0x043D, 0x043D, 0x043D, 0x043D,  /* 0x6DF8 */
  0x043E, 0x043E, 0x043E, 0x043E, 0x043E, 0x043E, 0x043E, 0x043E,  /* 0x6E00 */
  0x043E, 0x043E, 0x043E, 0x043E, 0x043E, 0x043E, 0x043E, 0x043E,  /* 0x6E08 */
  0x043E, 0x043E, 0x043E, 0x043E, 0x043E, 0x043E, 0x043E, 0x043E,  /* 0x6E10 */
  0x043E, 0x043E, 0x043E, 0x043E, 0x043E, 0x043E, 0x043E, 0x043E,  /* 0x6E18 */
  0x043E, 0x043E, 0x043E, 0x043E, 0x043E, 0x043E, 0x043E, 0x043E,  /* 0x6E20 */
  0x043E, 0x043E, 0x043E, 0x043E, 0x043E, 0x043E, 0x043E, 0x043E,  /* 0x6E28 */
  0x043E, 0x043E, 0x043E, 0x043E, 0x043E, 0x043E, 0x043E, 0x043E,  /* 0x6E30 */
  0x043E, 0x043E, 0x043E, 0x043E, 0x043E, 0x043E, 0x043E, 0x043E,  /* 0x6E38 */
  0x043E, 0x043E, 0x043E, 0x043E, 0x043E, 0x043E, 0x043E, 0x043E,  /* 0x6E40 */
  0x043E, 0x043E, 0x043E, 0x043E, 0x043E, 0x043E, 0x043E, 0x043E,  /* 0x6E48 */
  0x043E, 0x043E, 0x043E, 0x043E, 0x043E, 0x043E, 0x043E, 0x043E,  /* 0x6E50 */
  0x043E, 0x043E, 0x043E, 0x043E, 0x043E, 0x043E, 0x043E, 0x043E,  /* 0x6E58 */
  0x043E, 0x043E, 0x043E, 0x043E, 0x043E, 0x043E, 0x043E, 0x043E,  /* 0x6E60 */
  0x043E, 0x043E, 0x043E, 0x043E, 0x043E, 0x043E, 0x043E, 0x043E,  /* 0x6E68 */
  0x043E, 0x043E, 0x043E, 0x043E, 0x043E, 0x043E, 0x043E, 0x043E,  /* 0x6E70 */
  0x043E, 0x043E, 0x043E, 0x043E, 0x043E, 0x043E, 0x043E, 0x043E,  /* 0x6E78 */
  0x043E, 0x043E, 0x043E, 0x043E, 0x043E, 0x043E, 0x043E, 0x043E,  /* 0x6E80 */
  0x043E, 0x043E, 0x043E, 0x043E, 0x043E, 0x043E, 0x043E, 0x043E,  /* 0x6E88 */
  0x043E, 0x043E, 0x043E, 0x043E, 0x043E, 0x043E, 0x043E, 0x043E,  /* 0x6E90 */
  0x043E, 0x043E, 0x043E, 0x043E, 0x043E, 0x043E, 0x043E, 0x043E,  /* 0x6E98 */
  0x043E, 0x043E, 0x043E, 0x043E, 0x043E, 0x043E, 0x043E, 0x043E,  /* 0x6EA0 */
  0x043E, 0x043E, 0x043E, 0x043E, 0x043E, 0x043E, 0x043E, 0x043E,  /* 0x6EA8 */
  0x043E, 0x043E, 0x043E, 0x043E, 0x043E, 0x043E, 0x043E, 0x043E,  /* 0x6EB0 */
  0x043E, 0x043E, 0x043E, 0x043E, 0x043E, 0x043E, 0x043E, 0x043E,  /* 0x6EB8 */
  0x043E, 0x043E, 0x043E, 0x043E, 0x043E, 0x043E, 0x043E, 0x043E,  /* 0x6EC0 */
  0x043E, 0x043E, 0x043E, 0x043E, 0x043E, 0x043E, 0x043E, 0x043E,  /* 0x6EC8 */
  0x043E, 0x043E, 0x043E, 0x043E, 0x043E, 0x043E, 0x043E, 0x043E,  /* 0x6ED0 */
  0x043E, 0x043E, 0x043E, 0x043E, 0x043E, 0x043E, 0x043E, 0x043E,  /* 0x6ED8 */
  0x043E, 0x043E, 0x043E, 0x043E, 0x043E, 0x043E, 0x043E, 0x043E,  /* 0x6EE0 */
  0x043E, 0x043E, 0x043E, 0x043E, 0x043E, 0x043E, 0x043E, 0x043E,  /* 0x6EE8 */
  0x043E, 0x043E, 0x043E, 0x043E, 0x043E, 0x043E, 0x043E, 0x043E,  /* 0x6EF0 */
  0x043E, 0x043E, 0x043E, 0x043E, 0x043E, 0x043E, 0x043E, 0x043E,  /* 0x6EF8 */
  0x043F, 0x043F, 0x043F, 0x043F, 0x043F, 0x043F, 0x043F, 0x043F,  /* 0x6F00 */
  0x043F, 0x043F, 0x043F, 0x043F, 0x043F, 0x043F, 0x043F, 0x043F,  /* 0x6F08 */
  0x043F, 0x043F, 0x043F, 0x043F, 0x043F, 0x043F, 0x043F, 0x043F,  /* 0x6F10 */
  0x043F, 0x043F, 0x043F, 0x043F, 0x043F, 0x043F, 0x043F, 0x043F,  /* 0x6F18 */
  0x043F, 0x043F, 0x043F, 0x043F, 0x043F, 0x043F, 0x043F, 0x043F,  /* 0x6F20 */
  0x043F, 0x043F, 0x043F, 0x043F, 0x043F, 0x043F, 0x043F, 0x043F,  /* 0x6F28 */
  0x043F, 0x043F, 0x043F, 0x043F, 0x043F, 0x043F, 0x043F, 0x043F,  /* 0x6F30 */
  0x043F, 0x043F, 0x043F, 0x043F, 0x043F, 0x043F, 0x043F, 0x043F,  /* 0x6F38 */
  0x043F, 0x043F, 0x043F, 0x043F, 0x043F, 0x043F, 0x043F, 0x043F,  /* 0x6F40 */
  0x043F, 0x043F, 0x043F, 0x043F, 0x043F, 0x043F, 0x043F, 0x043F,  /* 0x6F48 */
  0x043F, 0x043F, 0x043F, 0x043F, 0x043F, 0x043F, 0x043F, 0x043F,  /* 0x6F50 */
  0x043F, 0x043F, 0x043F, 0x043F, 0x043F, 0x043F, 0x043F, 0x043F,  /* 0x6F58 */
  0x043F, 0x043F, 0x043F, 0x043F, 0x043F, 0x043F, 0x043F, 0x043F,  /* 0x6F60 */
  0x043F, 0x043F, 0x043F, 0x043F, 0x043F, 0x043F, 0x043F, 0x043F,  /* 0x6F68 */
  0x043F, 0x043F, 0x043F, 0x043F, 0x043F, 0x043F, 0x043F, 0x043F,  /* 0x6F70 */
  0x043F, 0x043F, 0x043F, 0x043F, 0x043F, 0x043F, 0x043F, 0x043F,  /* 0x6F78 */
  0x043F, 0x043F, 0x043F, 0x043F, 0x043F, 0x043F, 0x043F, 0x043F,  /* 0x6F80 */
  0x043F, 0x043F, 0x043F, 0x043F, 0x043F, 0x043F, 0x043F, 0x043F,  /* 0x6F88 */
  0x043F, 0x043F, 0x043F, 0x043F, 0x043F, 0x043F, 0x043F, 0x043F,  /* 0x6F90 */
  0x043F, 0x043F, 0x043F, 0x043F, 0x043F, 0x043F, 0x043F, 0x043F,  /* 0x6F98 */
  0x043F, 0x043F, 0x043F, 0x043F, 0x043F, 0x043F, 0x043F, 0x043F,  /* 0x6FA0 */
  0x043F, 0x043F, 0x043F, 0x043F, 0x043F, 0x043F, 0x043F, 0x043F,  /* 0x6FA8 */
  0x043F, 0x043F, 0x043F, 0x043F, 0x043F, 0x043F, 0x043F, 0x043F,  /* 0x6FB0 */
  0x043F, 0x043F, 0x043F, 0x043F, 0x043F, 0x043F, 0x043F, 0x043F,  /* 0x6FB8 */
  0x043F, 0x043F, 0x043F, 0x043F, 0x043F, 0x043F, 0x043F, 0x043F,  /* 0x6FC0 */
  0x043F, 0x043F, 0x043F, 0x043F, 0x043F, 0x043F, 0x043F, 0x043F,  /* 0x6FC8 */
  0x043F, 0x043F, 0x043F, 0x043F, 0x043F, 0x043F, 0x043F, 0x043F,  /* 0x6FD0 */
  0x043F, 0x043F, 0x043F, 0x043F, 0x043F, 0x043F, 0x043F, 0x043F,  /* 0x6FD8 */
  0x043F, 0x043F, 0x043F, 0x043F, 0x043F, 0x043F, 0x043F, 0x043F,  /* 0x6FE0 */
  0x043F, 0x043F, 0x043F, 0x043F, 0x043F, 0x043F, 0x043F, 0x043F,  /* 0x6FE8 */
  0x043F, 0x043F, 0x043F, 0x043F, 0x043F, 0x043F, 0x043F, 0x043F,  /* 0x6FF0 */
  0x043F, 0x043F, 0x043F, 0x043F, 0x043F, 0x043F, 0x043F, 0x043F,  /* 0x6FF8 */
  0x05C7, 0x05C7, 0x05C7, 0x05C7, 0x05C7, 0x05C7, 0x05C7, 0x05C7,  /* 0x7000 */
  0x05C7, 0x05C7, 0x05C7, 0x05C7, 0x05C7, 0x05C7, 0x05C7, 0x05C7,  /* 0x7008 */
  0x05C7, 0x05C7, 0x05C7, 0x05C7, 0x05C7, 0x05C7, 0x05C7, 0x05C7,  /* 0x7010 */
  0x05C7, 0x05C7, 0x05C7, 0x05C7, 0x05C7, 0x05C7, 0x05C7, 0x05C7,  /* 0x7018 */
  0x05C7, 0x05C7, 0x05C7, 0x05C7, 0x05C7, 0x05C7, 0x05C7, 0x05C7,  /* 0x7020 */
  0x05C7, 0x05C7, 0x05C7, 0x05C7, 0x05C7, 0x05C7, 0x05C7, 0x05C7,  /* 0x7028 */
  0x05C7, 0x05C7, 0x05C7, 0x05C7, 0x05C7, 0x05C7, 0x05C7, 0x05C7,  /* 0x7030 */
  0x05C7, 0x05C7, 0x05C7, 0x05C7, 0x05C7, 0x05C7, 0x05C7, 0x05C7,  /* 0x7038 */
  0x05C7, 0x05C7, 0x05C7, 0x05C7, 0x05C7, 0x05C7, 0x05C7, 0x05C7,  /* 0x7040 */
  0x05C7, 0x05C7, 0x05C7, 0x05C7, 0x05C7, 0x05C7, 0x05C7, 0x05C7,  /* 0x7048 */
  0x05C7, 0x05C7, 0x05C7, 0x05C7, 0x05C7, 0x05C7, 0x05C7, 0x05C7,  /* 0x7050 */
  0x05C7, 0x05C7, 0x05C7, 0x05C7, 0x05C7, 0x05C7, 0x05C7, 0x05C7,  /* 0x7058 */
  0x05C7, 0x05C7, 0x05C7, 0x05C7, 0x05C7, 0x05C7, 0x05C7, 0x05C7,  /* 0x7060 */
  0x05C7, 0x05C7, 0x05C7, 0x05C7, 0x05C7, 0x05C7, 0x05C7, 0x05C7,  /* 0x7068 */
  0x05C7, 0x05C7, 0x05C7, 0x05C7, 0x05C7, 0x05C7, 0x05C7, 0x05C7,  /* 0x7070 */
  0x05C7, 0x05C7, 0x05C7, 0x05C7, 0x05C7, 0x05C7, 0x05C7, 0x05C7,  /* 0x7078 */
  0x05C7, 0x05C7, 0x05C7, 0x05C7, 0x05C7, 0x05C7, 0x05C7, 0x05C7,  /* 0x7080 */
  0x05C7, 0x05C7, 0x05C7, 0x05C7, 0x05C7, 0x05C7, 0x05C7, 0x05C7,  /* 0x7088 */
  0x05C7, 0x05C7, 0x05C7, 0x05C7, 0x05C7, 0x05C7, 0x05C7, 0x05C7,  /* 0x7090 */
  0x05C7, 0x05C7, 0x05C7, 0x05C7, 0x05C7, 0x05C7, 0x05C7, 0x05C7,  /* 0x7098 */
  0x05C7, 0x05C7, 0x05C7, 0x05C7, 0x05C7, 0x05C7, 0x05C7, 0x05C7,  /* 0x70A0 */
  0x05C7, 0x05C7, 0x05C7, 0x05C7, 0x05C7, 0x05C7, 0x05C7, 0x05C7,  /* 0x70A8 */
  0x05C7, 0x05C7, 0x05C7, 0x05C7, 0x05C7, 0x05C7, 0x05C7, 0x05C7,  /* 0x70B0 */
  0x05C7, 0x05C7, 0x05C7, 0x05C7, 0x05C7, 0x05C7, 0x05C7, 0x05C7,  /* 0x70B8 */
  0x05C7, 0x05C7, 0x05C7, 0x05C7, 0x05C7, 0x05C7, 0x05C7, 0x05C7,  /* 0x70C0 */
  0x05C7, 0x05C7, 0x05C7, 0x05C7, 0x05C7, 0x05C7, 0x05C7, 0x05C7,  /* 0x70C8 */
  0x05C7, 0x05C7, 0x05C7, 0x05C7, 0x05C7, 0x05C7, 0x05C7, 0x05C7,  /* 0x70D0 */
  0x05C7, 0x05C7, 0x05C7, 0x05C7, 0x05C7, 0x05C7, 0x05C7, 0x05C7,  /* 0x70D8 */
  0x05C7, 0x05C7, 0x05C7, 0x05C7, 0x05C7, 0x05C7, 0x05C7, 0x05C7,  /* 0x70E0 */
  0x05C7, 0x05C7, 0x05C7, 0x05C7, 0x05C7, 0x05C7, 0x05C7, 0x05C7,  /* 0x70E8 */
  0x05C7, 0x05C7, 0x05C7, 0x05C7, 0x05C7, 0x05C7, 0x05C7, 0x05C7,  /* 0x70F0 */
  0x05C7, 0x05C7, 0x05C7, 0x05C7, 0x05C7, 0x05C7, 0x05C7, 0x05C7,  /* 0x70F8 */
  0x03E1, 0x03E1, 0x03E1, 0x03E1, 0x03E1, 0x03E1, 0x03E1, 0x03E1,  /* 0x7100 */
  0x03E1, 0x03E1, 0x03E1, 0x03E1, 0x03E1, 0x03E1, 0x03E1, 0x03E1,  /* 0x7108 */
  0x03E1, 0x03E1, 0x03E1, 0x03E1, 0x03E1, 0x03E1, 0x03E1, 0x03E1,  /* 0x7110 */
  0x03E1, 0x03E1, 0x03E1, 0x03E1, 0x03E1, 0x03E1, 0x03E1, 0x03E1,  /* 0x7118 */
  0x03E1, 0x03E1, 0x03E1, 0x03E1, 0x03E1, 0x03E1, 0x03E1, 0x03E1,  /* 0x7120 */
  0x03E1, 0x03E1, 0x03E1, 0x03E1, 0x03E1, 0x03E1, 0x03E1, 0x03E1,  /* 0x7128 */
  0x03E1, 0x03E1, 0x03E1, 0x03E1, 0x03E1, 0x03E1, 0x03E1, 0x03E1,  /* 0x7130 */
  0x03E1, 0x03E1, 0x03E1, 0x03E1, 0x03E1, 0x03E1, 0x03E1, 0x03E1,  /* 0x7138 */
  0x03E1, 0x03E1, 0x03E1, 0x03E1, 0x03E1, 0x03E1, 0x03E1, 0x03E1,  /* 0x7140 */
  0x03E1, 0x03E1, 0x03E1, 0x03E1, 0x03E1, 0x03E1, 0x03E1, 0x03E1,  /* 0x7148 */
  0x03E1, 0x03E1, 0x03E1, 0x03E1, 0x03E1, 0x03E1, 0x03E1, 0x03E1,  /* 0x7150 */
  0x03E1, 0x03E1, 0x03E1, 0x03E1, 0x03E1, 0x03E1, 0x03E1, 0x03E1,  /* 0x7158 */
  0x03E1, 0x03E1, 0x03E1, 0x03E1, 0x03E1, 0x03E1, 0x03E1, 0x03E1,  /* 0x7160 */
  0x03E1, 0x03E1, 0x03E1, 0x03E1, 0x03E1, 0x03E1, 0x03E1, 0x03E1,  /* 0x7168 */
  0x03E1, 0x03E1, 0x03E1, 0x03E1, 0x03E1, 0x03E1, 0x03E1, 0x03E1,  /* 0x7170 */
  0x03E1, 0x03E1, 0x03E1, 0x03E1, 0x03E1, 0x03E1, 0x03E1, 0x03E1,  /* 0x7178 */
  0x03E1, 0x03E1, 0x03E1, 0x03E1, 0x03E1, 0x03E1, 0x03E1, 0x03E1,  /* 0x7180 */
  0x03E1, 0x03E1, 0x03E1, 0x03E1, 0x03E1, 0x03E1, 0x03E1, 0x03E1,  /* 0x7188 */
  0x03E1, 0x03E1, 0x03E1, 0x03E1, 0x03E1, 0x03E1, 0x03E1, 0x03E1,  /* 0x7190 */
  0x03E1, 0x03E1, 0x03E1, 0x03E1, 0x03E1, 0x03E1, 0x03E1, 0x03E1,  /* 0x7198 */
  0x03E1, 0x03E1, 0x03E1, 0x03E1, 0x03E1, 0x03E1, 0x03E1, 0x03E1,  /* 0x71A0 */
  0x03E1, 0x03E1, 0x03E1, 0x03E1, 0x03E1, 0x03E1, 0x03E1, 0x03E1,  /* 0x71A8 */
  0x03E1, 0x03E1, 0x03E1, 0x03E1, 0x03E1, 0x03E1, 0x03E1, 0x03E1,  /* 0x71B0 */
  0x03E1, 0x03E1, 0x03E1, 0x03E1, 0x03E1, 0x03E1, 0x03E1, 0x03E1,  /* 0x71B8 */
  0x03E1, 0x03E1, 0x03E1, 0x03E1, 0x03E1, 0x03E1, 0x03E1, 0x03E1,  /* 0x71C0 */
  0x03E1, 0x03E1, 0x03E1, 0x03E1, 0x03E1, 0x03E1, 0x03E1, 0x03E1,  /* 0x71C8 */
  0x03E1, 0x03E1, 0x03E1, 0x03E1, 0x03E1, 0x03E1, 0x03E1, 0x03E1,  /* 0x71D0 */
  0x03E1, 0x03E1, 0x03E1, 0x03E1, 0x03E1, 0x03E1, 0x03E1, 0x03E1,  /* 0x71D8 */
  0x03E1, 0x03E1, 0x03E1, 0x03E1, 0x03E1, 0x03E1, 0x03E1, 0x03E1,  /* 0x71E0 */
  0x03E1, 0x03E1, 0x03E1, 0x03E1, 0x03E1, 0x03E1, 0x03E1, 0x03E1,  /* 0x71E8 */
  0x03E1, 0x03E1, 0x03E1, 0x03E1, 0x03E1, 0x03E1, 0x03E1, 0x03E1,  /* 0x71F0 */
  0x03E1, 0x03E1, 0x03E1, 0x03E1, 0x03E1, 0x03E1, 0x03E1, 0x03E1,  /* 0x71F8 */
  0x05C7, 0x05C7, 0x05C7, 0x05C7, 0x05C7, 0x05C7, 0x05C7, 0x05C7,  /* 0x7200 */
  0x05C7, 0x05C7, 0x05C7, 0x05C7, 0x05C7, 0x05C7, 0x05C7, 0x05C7,  /* 0x7208 */
  0x05C7, 0x05C7, 0x05C7, 0x05C7, 0x05C7, 0x05C7, 0x05C7, 0x05C7,  /* 0x7210 */
  0x05C7, 0x05C7, 0x05C7, 0x05C7, 0x05C7, 0x05C7, 0x05C7, 0x05C7,  /* 0x7218 */
  0x05C7, 0x05C7, 0x05C7, 0x05C7, 0x05C7, 0x05C7, 0x05C7, 0x05C7,  /* 0x7220 */
  0x05C7, 0x05C7, 0x05C7, 0x05C7, 0x05C7, 0x05C7, 0x05C7, 0x05C7,  /* 0x7228 */
  0x05C7, 0x05C7, 0x05C7, 0x05C7, 0x05C7, 0x05C7, 0x05C7, 0x05C7,  /* 0x7230 */
  0x05C7, 0x05C7, 0x05C7, 0x05C7, 0x05C7, 0x05C7, 0x05C7, 0x05C7,  /* 0x7238 */
  0x05C7, 0x05C7, 0x05C7, 0x05C7, 0x05C7, 0x05C7, 0x05C7, 0x05C7,  /* 0x7240 */
  0x05C7, 0x05C7, 0x05C7, 0x05C7, 0x05C7, 0x05C7, 0x05C7, 0x05C7,  /* 0x7248 */
  0x05C7, 0x05C7, 0x05C7, 0x05C7, 0x05C7, 0x05C7, 0x05C7, 0x05C7,  /* 0x7250 */
  0x05C7, 0x05C7, 0x05C7, 0x05C7, 0x05C7, 0x05C7, 0x05C7, 0x05C7,  /* 0x7258 */
  0x05C7, 0x05C7, 0x05C7, 0x05C7, 0x05C7, 0x05C7, 0x05C7, 0x05C7,  /* 0x7260 */
  0x05C7, 0x05C7, 0x05C7, 0x05C7, 0x05C7, 0x05C7, 0x05C7, 0x05C7,  /* 0x7268 */
  0x05C7, 0x05C7, 0x05C7, 0x05C7, 0x05C7, 0x05C7, 0x05C7, 0x05C7,  /* 0x7270 */
  0x05C7, 0x05C7, 0x05C7, 0x05C7, 0x05C7, 0x05C7, 0x05C7, 0x05C7,  /* 0x7278 */
  0x05C7, 0x05C7, 0x05C7, 0x05C7, 0x05C7, 0x05C7, 0x05C7, 0x05C7,  /* 0x7280 */
  0x05C7, 0x05C7, 0x05C7, 0x05C7, 0x05C7, 0x05C7, 0x05C7, 0x05C7,  /* 0x7288 */
  0x05C7, 0x05C7, 0x05C7, 0x05C7, 0x05C7, 0x05C7, 0x05C7, 0x05C7,  /* 0x7290 */
  0x05C7, 0x05C7, 0x05C7, 0x05C7, 0x05C7, 0x05C7, 0x05C7, 0x05C7,  /* 0x7298 */
  0x05C7, 0x05C7, 0x05C7, 0x05C7, 0x05C7, 0x05C7, 0x05C7, 0x05C7,  /* 0x72A0 */
  0x05C7, 0x05C7, 0x05C7, 0x05C7, 0x05C7, 0x05C7, 0x05C7, 0x05C7,  /* 0x72A8 */
  0x05C7, 0x05C7, 0x05C7, 0x05C7, 0x05C7, 0x05C7, 0x05C7, 0x05C7,  /* 0x72B0 */
  0x05C7, 0x05C7, 0x05C7, 0x05C7, 0x05C7, 0x05C7, 0x05C7, 0x05C7,  /* 0x72B8 */
  0x05C7, 0x05C7, 0x05C7, 0x05C7, 0x05C7, 0x05C7, 0x05C7, 0x05C7,  /* 0x72C0 */
  0x05C7, 0x05C7, 0x05C7, 0x05C7, 0x05C7, 0x05C7, 0x05C7, 0x05C7,  /* 0x72C8 */
  0x05C7, 0x05C7, 0x05C7, 0x05C7, 0x05C7, 0x05C7, 0x05C7, 0x05C7,  /* 0x72D0 */
  0x05C7, 0x05C7, 0x05C7, 0x05C7, 0x05C7, 0x05C7, 0x05C7, 0x05C7,  /* 0x72D8 */
  0x05C7, 0x05C7, 0x05C7, 0x05C7, 0x05C7, 0x05C7, 0x05C7, 0x05C7,  /* 0x72E0 */
  0x05C7, 0x05C7, 0x05C7, 0x05C7, 0x05C7, 0x05C7, 0x05C7, 0x05C7,  /* 0x72E8 */
  0x05C7, 0x05C7, 0x05C7, 0x05C7, 0x05C7, 0x05C7, 0x05C7, 0x05C7,  /* 0x72F0 */
  0x05C7, 0x05C7, 0x05C7, 0x05C7, 0x05C7, 0x05C7, 0x05C7, 0x05C7,  /* 0x72F8 */
  0x03E1, 0x03E1, 0x03E1, 0x03E1, 0x03E1, 0x03E1, 0x03E1, 0x03E1,  /* 0x7300 */
  0x03E1, 0x03E1, 0x03E1, 0x03E1, 0x03E1, 0x03E1, 0x03E1, 0x03E1,  /* 0x7308 */
  0x03E1, 0x03E1, 0x03E1, 0x03E1, 0x03E1, 0x03E1, 0x03E1, 0x03E1,  /* 0x7310 */
  0x03E1, 0x03E1, 0x03E1, 0x03E1, 0x03E1, 0x03E1, 0x03E1, 0x03E1,  /* 0x7318 */
  0x03E1, 0x03E1, 0x03E1, 0x03E1, 0x03E1, 0x03E1, 0x03E1, 0x03E1,  /* 0x7320 */
  0x03E1, 0x03E1, 0x03E1, 0x03E1, 0x03E1, 0x03E1, 0x03E1, 0x03E1,  /* 0x7328 */
  0x03E1, 0x03E1, 0x03E1, 0x03E1, 0x03E1, 0x03E1, 0x03E1, 0x03E1,  /* 0x7330 */
  0x03E1, 0x03E1, 0x03E1, 0x03E1, 0x03E1, 0x03E1, 0x03E1, 0x03E1,  /* 0x7338 */
  0x03E1, 0x03E1, 0x03E1, 0x03E1, 0x03E1, 0x03E1, 0x03E1, 0x03E1,  /* 0x7340 */
  0x03E1, 0x03E1, 0x03E1, 0x03E1, 0x03E1, 0x03E1, 0x03E1, 0x03E1,  /* 0x7348 */
  0x03E1, 0x03E1, 0x03E1, 0x03E1, 0x03E1, 0x03E1, 0x03E1, 0x03E1,  /* 0x7350 */
  0x03E1, 0x03E1, 0x03E1, 0x03E1, 0x03E1, 0x03E1, 0x03E1, 0x03E1,  /* 0x7358 */
  0x03E1, 0x03E1, 0x03E1, 0x03E1, 0x03E1, 0x03E1, 0x03E1, 0x03E1,  /* 0x7360 */
  0x03E1, 0x03E1, 0x03E1, 0x03E1, 0x03E1, 0x03E1, 0x03E1, 0x03E1,  /* 0x7368 */
  0x03E1, 0x03E1, 0x03E1, 0x03E1, 0x03E1, 0x03E1, 0x03E1, 0x03E1,  /* 0x7370 */
  0x03E1, 0x03E1, 0x03E1, 0x03E1, 0x03E1, 0x03E1, 0x03E1, 0x03E1,  /* 0x7378 */
  0x03E1, 0x03E1, 0x03E1, 0x03E1, 0x03E1, 0x03E1, 0x03E1, 0x03E1,  /* 0x7380 */
  0x03E1, 0x03E1, 0x03E1, 0x03E1, 0x03E1, 0x03E1, 0x03E1, 0x03E1,  /* 0x7388 */
  0x03E1, 0x03E1, 0x03E1, 0x03E1, 0x03E1, 0x03E1, 0x03E1, 0x03E1,  /* 0x7390 */
  0x03E1, 0x03E1, 0x03E1, 0x03E1, 0x03E1, 0x03E1, 0x03E1, 0x03E1,  /* 0x7398 */
  0x03E1, 0x03E1, 0x03E1, 0x03E1, 0x03E1, 0x03E1, 0x03E1, 0x03E1,  /* 0x73A0 */
  0x03E1, 0x03E1, 0x03E1, 0x03E1, 0x03E1, 0x03E1, 0x03E1, 0x03E1,  /* 0x73A8 */
  0x03E1, 0x03E1, 0x03E1, 0x03E1, 0x03E1, 0x03E1, 0x03E1, 0x03E1,  /* 0x73B0 */
  0x03E1, 0x03E1, 0x03E1, 0x03E1, 0x03E1, 0x03E1, 0x03E1, 0x03E1,  /* 0x73B8 */
  0x03E1, 0x03E1, 0x03E1, 0x03E1, 0x03E1, 0x03E1, 0x03E1, 0x03E1,  /* 0x73C0 */
  0x03E1, 0x03E1, 0x03E1, 0x03E1, 0x03E1, 0x03E1, 0x03E1, 0x03E1,  /* 0x73C8 */
  0x03E1, 0x03E1, 0x03E1, 0x03E1, 0x03E1, 0x03E1, 0x03E1, 0x03E1,  /* 0x73D0 */
  0x03E1, 0x03E1, 0x03E1, 0x03E1, 0x03E1, 0x03E1, 0x03E1, 0x03E1,  /* 0x73D8 */
  0x03E1, 0x03E1, 0x03E1, 0x03E1, 0x03E1, 0x03E1, 0x03E1, 0x03E1,  /* 0x73E0 */
  0x03E1, 0x03E1, 0x03E1, 0x03E1, 0x03E1, 0x03E1, 0x03E1, 0x03E1,  /* 0x73E8 */
  0x03E1, 0x03E1, 0x03E1, 0x03E1, 0x03E1, 0x03E1, 0x03E1, 0x03E1,  /* 0x73F0 */
  0x03E1, 0x03E1, 0x03E1, 0x03E1, 0x03E1, 0x03E1, 0x03E1, 0x03E1,  /* 0x73F8 */
  0x05C7, 0x05C7, 0x05C7, 0x05C7, 0x05C7, 0x05C7, 0x05C7, 0x05C7,  /* 0x7400 */
  0x05C7, 0x05C7, 0x05C7, 0x05C7, 0x05C7, 0x05C7, 0x05C7, 0x05C7,  /* 0x7408 */
  0x05C7, 0x05C7, 0x05C7, 0x05C7, 0x05C7, 0x05C7, 0x05C7, 0x05C7,  /* 0x7410 */
  0x05C7, 0x05C7, 0x05C7, 0x05C7, 0x05C7, 0x05C7, 0x05C7, 0x05C7,  /* 0x7418 */
  0x05C7, 0x05C7, 0x05C7, 0x05C7, 0x05C7, 0x05C7, 0x05C7, 0x05C7,  /* 0x7420 */
  0x05C7, 0x05C7, 0x05C7, 0x05C7, 0x05C7, 0x05C7, 0x05C7, 0x05C7,  /* 0x7428 */
  0x05C7, 0x05C7, 0x05C7, 0x05C7, 0x05C7, 0x05C7, 0x05C7, 0x05C7,  /* 0x7430 */
  0x05C7, 0x05C7, 0x05C7, 0x05C7, 0x05C7, 0x05C7, 0x05C7, 0x05C7,  /* 0x7438 */
  0x05C7, 0x05C7, 0x05C7, 0x05C7, 0x05C7, 0x05C7, 0x05C7, 0x05C7,  /* 0x7440 */
  0x05C7, 0x05C7, 0x05C7, 0x05C7, 0x05C7, 0x05C7, 0x05C7, 0x05C7,  /* 0x7448 */
  0x05C7, 0x05C7, 0x05C7, 0x05C7, 0x05C7, 0x05C7, 0x05C7, 0x05C7,  /* 0x7450 */
  0x05C7, 0x05C7, 0x05C7, 0x05C7, 0x05C7, 0x05C7, 0x05C7, 0x05C7,  /* 0x7458 */
  0x05C7, 0x05C7, 0x05C7, 0x05C7, 0x05C7, 0x05C7, 0x05C7, 0x05C7,  /* 0x7460 */
  0x05C7, 0x05C7, 0x05C7, 0x05C7, 0x05C7, 0x05C7, 0x05C7, 0x05C7,  /* 0x7468 */
  0x05C7, 0x05C7, 0x05C7, 0x05C7, 0x05C7, 0x05C7, 0x05C7, 0x05C7,  /* 0x7470 */
  0x05C7, 0x05C7, 0x05C7, 0x05C7, 0x05C7, 0x05C7, 0x05C7, 0x05C7,  /* 0x7478 */
  0x05C7, 0x05C7, 0x05C7, 0x05C7, 0x05C7, 0x05C7, 0x05C7, 0x05C7,  /* 0x7480 */
  0x05C7, 0x05C7, 0x05C7, 0x05C7, 0x05C7, 0x05C7, 0x05C7, 0x05C7,  /* 0x7488 */
  0x05C7, 0x05C7, 0x05C7, 0x05C7, 0x05C7, 0x05C7, 0x05C7, 0x05C7,  /* 0x7490 */
  0x05C7, 0x05C7, 0x05C7, 0x05C7, 0x05C7, 0x05C7, 0x05C7, 0x05C7,  /* 0x7498 */
  0x05C7, 0x05C7, 0x05C7, 0x05C7, 0x05C7, 0x05C7, 0x05C7, 0x05C7,  /* 0x74A0 */
  0x05C7, 0x05C7, 0x05C7, 0x05C7, 0x05C7, 0x05C7, 0x05C7, 0x05C7,  /* 0x74A8 */
  0x05C7, 0x05C7, 0x05C7, 0x05C7, 0x05C7, 0x05C7, 0x05C7, 0x05C7,  /* 0x74B0 */
  0x05C7, 0x05C7, 0x05C7, 0x05C7, 0x05C7, 0x05C7, 0x05C7, 0x05C7,  /* 0x74B8 */
  0x05C7, 0x05C7, 0x05C7, 0x05C7, 0x05C7, 0x05C7, 0x05C7, 0x05C7,  /* 0x74C0 */
  0x05C7, 0x05C7, 0x05C7, 0x05C7, 0x05C7, 0x05C7, 0x05C7, 0x05C7,  /* 0x74C8 */
  0x05C7, 0x05C7, 0x05C7, 0x05C7, 0x05C7, 0x05C7, 0x05C7, 0x05C7,  /* 0x74D0 */
  0x05C7, 0x05C7, 0x05C7, 0x05C7, 0x05C7, 0x05C7, 0x05C7, 0x05C7,  /* 0x74D8 */
  0x05C7, 0x05C7, 0x05C7, 0x05C7, 0x05C7, 0x05C7, 0x05C7, 0x05C7,  /* 0x74E0 */
  0x05C7, 0x05C7, 0x05C7, 0x05C7, 0x05C7, 0x05C7, 0x05C7, 0x05C7,  /* 0x74E8 */
  0x05C7, 0x05C7, 0x05C7, 0x05C7, 0x05C7, 0x05C7, 0x05C7, 0x05C7,  /* 0x74F0 */
  0x05C7, 0x05C7, 0x05C7, 0x05C7, 0x05C7, 0x05C7, 0x05C7, 0x05C7,  /* 0x74F8 */
  0x03E1, 0x03E1, 0x03E1, 0x03E1, 0x03E1, 0x03E1, 0x03E1, 0x03E1,  /* 0x7500 */
  0x03E1, 0x03E1, 0x03E1, 0x03E1, 0x03E1, 0x03E1, 0x03E1, 0x03E1,  /* 0x7508 */
  0x03E1, 0x03E1, 0x03E1, 0x03E1, 0x03E1, 0x03E1, 0x03E1, 0x03E1,  /* 0x7510 */
  0x03E1, 0x03E1, 0x03E1, 0x03E1, 0x03E1, 0x03E1, 0x03E1, 0x03E1,  /* 0x7518 */
  0x03E1, 0x03E1, 0x03E1, 0x03E1, 0x03E1, 0x03E1, 0x03E1, 0x03E1,  /* 0x7520 */
  0x03E1, 0x03E1, 0x03E1, 0x03E1, 0x03E1, 0x03E1, 0x03E1, 0x03E1,  /* 0x7528 */
  0x03E1, 0x03E1, 0x03E1, 0x03E1, 0x03E1, 0x03E1, 0x03E1, 0x03E1,  /* 0x7530 */
  0x03E1, 0x03E1, 0x03E1, 0x03E1, 0x03E1, 0x03E1, 0x03E1, 0x03E1,  /* 0x7538 */
  0x03E1, 0x03E1, 0x03E1, 0x03E1, 0x03E1, 0x03E1, 0x03E1, 0x03E1,  /* 0x7540 */
  0x03E1, 0x03E1, 0x03E1, 0x03E1, 0x03E1, 0x03E1, 0x03E1, 0x03E1,  /* 0x7548 */
  0x03E1, 0x03E1, 0x03E1, 0x03E1, 0x03E1, 0x03E1, 0x03E1, 0x03E1,  /* 0x7550 */
  0x03E1, 0x03E1, 0x03E1, 0x03E1, 0x03E1, 0x03E1, 0x03E1, 0x03E1,  /* 0x7558 */
  0x03E1, 0x03E1, 0x03E1, 0x03E1, 0x03E1, 0x03E1, 0x03E1, 0x03E1,  /* 0x7560 */
  0x03E1, 0x03E1, 0x03E1, 0x03E1, 0x03E1, 0x03E1, 0x03E1, 0x03E1,  /* 0x7568 */
  0x03E1, 0x03E1, 0x03E1, 0x03E1, 0x03E1, 0x03E1, 0x03E1, 0x03E1,  /* 0x7570 */
  0x03E1, 0x03E1, 0x03E1, 0x03E1, 0x03E1, 0x03E1, 0x03E1, 0x03E1,  /* 0x7578 */
  0x03E1, 0x03E1, 0x03E1, 0x03E1, 0x03E1, 0x03E1, 0x03E1, 0x03E1,  /* 0x7580 */
  0x03E1, 0x03E1, 0x03E1, 0x03E1, 0x03E1, 0x03E1, 0x03E1, 0x03E1,  /* 0x7588 */
  0x03E1, 0x03E1, 0x03E1, 0x03E1, 0x03E1, 0x03E1, 0x03E1, 0x03E1,  /* 0x7590 */
  0x03E1, 0x03E1, 0x03E1, 0x03E1, 0x03E1, 0x03E1, 0x03E1, 0x03E1,  /* 0x7598 */
  0x03E1, 0x03E1, 0x03E1, 0x03E1, 0x03E1, 0x03E1, 0x03E1, 0x03E1,  /* 0x75A0 */
  0x03E1, 0x03E1, 0x03E1, 0x03E1, 0x03E1, 0x03E1, 0x03E1, 0x03E1,  /* 0x75A8 */
  0x03E1, 0x03E1, 0x03E1, 0x03E1, 0x03E1, 0x03E1, 0x03E1, 0x03E1,  /* 0x75B0 */
  0x03E1, 0x03E1, 0x03E1, 0x03E1, 0x03E1, 0x03E1, 0x03E1, 0x03E1,  /* 0x75B8 */
  0x03E1, 0x03E1, 0x03E1, 0x03E1, 0x03E1, 0x03E1, 0x03E1, 0x03E1,  /* 0x75C0 */
  0x03E1, 0x03E1, 0x03E1, 0x03E1, 0x03E1, 0x03E1, 0x03E1, 0x03E1,  /* 0x75C8 */
  0x03E1, 0x03E1, 0x03E1, 0x03E1, 0x03E1, 0x03E1, 0x03E1, 0x03E1,  /* 0x75D0 */
  0x03E1, 0x03E1, 0x03E1, 0x03E1, 0x03E1, 0x03E1, 0x03E1, 0x03E1,  /* 0x75D8 */
  0x03E1, 0x03E1, 0x03E1, 0x03E1, 0x03E1, 0x03E1, 0x03E1, 0x03E1,  /* 0x75E0 */
  0x03E1, 0x03E1, 0x03E1, 0x03E1, 0x03E1, 0x03E1, 0x03E1, 0x03E1,  /* 0x75E8 */
  0x03E1, 0x03E1, 0x03E1, 0x03E1, 0x03E1, 0x03E1, 0x03E1, 0x03E1,  /* 0x75F0 */
  0x03E1, 0x03E1, 0x03E1, 0x03E1, 0x03E1, 0x03E1, 0x03E1, 0x03E1,  /* 0x75F8 */
  0x05C7, 0x05C7, 0x05C7, 0x05C7, 0x05C7, 0x05C7, 0x05C7, 0x05C7,  /* 0x7600 */
  0x05C7, 0x05C7, 0x05C7, 0x05C7, 0x05C7, 0x05C7, 0x05C7, 0x05C7,  /* 0x7608 */
  0x05C7, 0x05C7, 0x05C7, 0x05C7, 0x05C7, 0x05C7, 0x05C7, 0x05C7,  /* 0x7610 */
  0x05C7, 0x05C7, 0x05C7, 0x05C7, 0x05C7, 0x05C7, 0x05C7, 0x05C7,  /* 0x7618 */
  0x05C7, 0x05C7, 0x05C7, 0x05C7, 0x05C7, 0x05C7, 0x05C7, 0x05C7,  /* 0x7620 */
  0x05C7, 0x05C7, 0x05C7, 0x05C7, 0x05C7, 0x05C7, 0x05C7, 0x05C7,  /* 0x7628 */
  0x05C7, 0x05C7, 0x05C7, 0x05C7, 0x05C7, 0x05C7, 0x05C7, 0x05C7,  /* 0x7630 */
  0x05C7, 0x05C7, 0x05C7, 0x05C7, 0x05C7, 0x05C7, 0x05C7, 0x05C7,  /* 0x7638 */
  0x05C7, 0x05C7, 0x05C7, 0x05C7, 0x05C7, 0x05C7, 0x05C7, 0x05C7,  /* 0x7640 */
  0x05C7, 0x05C7, 0x05C7, 0x05C7, 0x05C7, 0x05C7, 0x05C7, 0x05C7,  /* 0x7648 */
  0x05C7, 0x05C7, 0x05C7, 0x05C7, 0x05C7, 0x05C7, 0x05C7, 0x05C7,  /* 0x7650 */
  0x05C7, 0x05C7, 0x05C7, 0x05C7, 0x05C7, 0x05C7, 0x05C7, 0x05C7,  /* 0x7658 */
  0x05C7, 0x05C7, 0x05C7, 0x05C7, 0x05C7, 0x05C7, 0x05C7, 0x05C7,  /* 0x7660 */
  0x05C7, 0x05C7, 0x05C7, 0x05C7, 0x05C7, 0x05C7, 0x05C7, 0x05C7,  /* 0x7668 */
  0x05C7, 0x05C7, 0x05C7, 0x05C7, 0x05C7, 0x05C7, 0x05C7, 0x05C7,  /* 0x7670 */
  0x05C7, 0x05C7, 0x05C7, 0x05C7, 0x05C7, 0x05C7, 0x05C7, 0x05C7,  /* 0x7678 */
  0x05C7, 0x05C7, 0x05C7, 0x05C7, 0x05C7, 0x05C7, 0x05C7, 0x05C7,  /* 0x7680 */
  0x05C7, 0x05C7, 0x05C7, 0x05C7, 0x05C7, 0x05C7, 0x05C7, 0x05C7,  /* 0x7688 */
  0x05C7, 0x05C7, 0x05C7, 0x05C7, 0x05C7, 0x05C7, 0x05C7, 0x05C7,  /* 0x7690 */
  0x05C7, 0x05C7, 0x05C7, 0x05C7, 0x05C7, 0x05C7, 0x05C7, 0x05C7,  /* 0x7698 */
  0x05C7, 0x05C7, 0x05C7, 0x05C7, 0x05C7, 0x05C7, 0x05C7, 0x05C7,  /* 0x76A0 */
  0x05C7, 0x05C7, 0x05C7, 0x05C7, 0x05C7, 0x05C7, 0x05C7, 0x05C7,  /* 0x76A8 */
  0x05C7, 0x05C7, 0x05C7, 0x05C7, 0x05C7, 0x05C7, 0x05C7, 0x05C7,  /* 0x76B0 */
  0x05C7, 0x05C7, 0x05C7, 0x05C7, 0x05C7, 0x05C7, 0x05C7, 0x05C7,  /* 0x76B8 */
  0x05C7, 0x05C7, 0x05C7, 0x05C7, 0x05C7, 0x05C7, 0x05C7, 0x05C7,  /* 0x76C0 */
  0x05C7, 0x05C7, 0x05C7, 0x05C7, 0x05C7, 0x05C7, 0x05C7, 0x05C7,  /* 0x76C8 */
  0x05C7, 0x05C7, 0x05C7, 0x05C7, 0x05C7, 0x05C7, 0x05C7, 0x05C7,  /* 0x76D0 */
  0x05C7, 0x05C7, 0x05C7, 0x05C7, 0x05C7, 0x05C7, 0x05C7, 0x05C7,  /* 0x76D8 */
  0x05C7, 0x05C7, 0x05C7, 0x05C7, 0x05C7, 0x05C7, 0x05C7, 0x05C7,  /* 0x76E0 */
  0x05C7, 0x05C7, 0x05C7, 0x05C7, 0x05C7, 0x05C7, 0x05C7, 0x05C7,  /* 0x76E8 */
  0x05C7, 0x05C7, 0x05C7, 0x05C7, 0x05C7, 0x05C7, 0x05C7, 0x05C7,  /* 0x76F0 */
  0x05C7, 0x05C7, 0x05C7, 0x05C7, 0x05C7, 0x05C7, 0x05C7, 0x05C7,  /* 0x76F8 */
  0x03E1, 0x03E1, 0x03E1, 0x03E1, 0x03E1, 0x03E1, 0x03E1, 0x03E1,  /* 0x7700 */
  0x03E1, 0x03E1, 0x03E1, 0x03E1, 0x03E1, 0x03E1, 0x03E1, 0x03E1,  /* 0x7708 */
  0x03E1, 0x03E1, 0x03E1, 0x03E1, 0x03E1, 0x03E1, 0x03E1, 0x03E1,  /* 0x7710 */
  0x03E1, 0x03E1, 0x03E1, 0x03E1, 0x03E1, 0x03E1, 0x03E1, 0x03E1,  /* 0x7718 */
  0x03E1, 0x03E1, 0x03E1, 0x03E1, 0x03E1, 0x03E1, 0x03E1, 0x03E1,  /* 0x7720 */
  0x03E1, 0x03E1, 0x03E1, 0x03E1, 0x03E1, 0x03E1, 0x03E1, 0x03E1,  /* 0x7728 */
  0x03E1, 0x03E1, 0x03E1, 0x03E1, 0x03E1, 0x03E1, 0x03E1, 0x03E1,  /* 0x7730 */
  0x03E1, 0x03E1, 0x03E1, 0x03E1, 0x03E1, 0x03E1, 0x03E1, 0x03E1,  /* 0x7738 */
  0x03E1, 0x03E1, 0x03E1, 0x03E1, 0x03E1, 0x03E1, 0x03E1, 0x03E1,  /* 0x7740 */
  0x03E1, 0x03E1, 0x03E1, 0x03E1, 0x03E1, 0x03E1, 0x03E1, 0x03E1,  /* 0x7748 */
  0x03E1, 0x03E1, 0x03E1, 0x03E1, 0x03E1, 0x03E1, 0x03E1, 0x03E1,  /* 0x7750 */
  0x03E1, 0x03E1, 0x03E1, 0x03E1, 0x03E1, 0x03E1, 0x03E1, 0x03E1,  /* 0x7758 */
  0x03E1, 0x03E1, 0x03E1, 0x03E1, 0x03E1, 0x03E1, 0x03E1, 0x03E1,  /* 0x7760 */
  0x03E1, 0x03E1, 0x03E1, 0x03E1, 0x03E1, 0x03E1, 0x03E1, 0x03E1,  /* 0x7768 */
  0x03E1, 0x03E1, 0x03E1, 0x03E1, 0x03E1, 0x03E1, 0x03E1, 0x03E1,  /* 0x7770 */
  0x03E1, 0x03E1, 0x03E1, 0x03E1, 0x03E1, 0x03E1, 0x03E1, 0x03E1,  /* 0x7778 */
  0x03E1, 0x03E1, 0x03E1, 0x03E1, 0x03E1, 0x03E1, 0x03E1, 0x03E1,  /* 0x7780 */
  0x03E1, 0x03E1, 0x03E1, 0x03E1, 0x03E1, 0x03E1, 0x03E1, 0x03E1,  /* 0x7788 */
  0x03E1, 0x03E1, 0x03E1, 0x03E1, 0x03E1, 0x03E1, 0x03E1, 0x03E1,  /* 0x7790 */
  0x03E1, 0x03E1, 0x03E1, 0x03E1, 0x03E1, 0x03E1, 0x03E1, 0x03E1,  /* 0x7798 */
  0x03E1, 0x03E1, 0x03E1, 0x03E1, 0x03E1, 0x03E1, 0x03E1, 0x03E1,  /* 0x77A0 */
  0x03E1, 0x03E1, 0x03E1, 0x03E1, 0x03E1, 0x03E1, 0x03E1, 0x03E1,  /* 0x77A8 */
  0x03E1, 0x03E1, 0x03E1, 0x03E1, 0x03E1, 0x03E1, 0x03E1, 0x03E1,  /* 0x77B0 */
  0x03E1, 0x03E1, 0x03E1, 0x03E1, 0x03E1, 0x03E1, 0x03E1, 0x03E1,  /* 0x77B8 */
  0x03E1, 0x03E1, 0x03E1, 0x03E1, 0x03E1, 0x03E1, 0x03E1, 0x03E1,  /* 0x77C0 */
  0x03E1, 0x03E1, 0x03E1, 0x03E1, 0x03E1, 0x03E1, 0x03E1, 0x03E1,  /* 0x77C8 */
  0x03E1, 0x03E1, 0x03E1, 0x03E1, 0x03E1, 0x03E1, 0x03E1, 0x03E1,  /* 0x77D0 */
  0x03E1, 0x03E1, 0x03E1, 0x03E1, 0x03E1, 0x03E1, 0x03E1, 0x03E1,  /* 0x77D8 */
  0x03E1, 0x03E1, 0x03E1, 0x03E1, 0x03E1, 0x03E1, 0x03E1, 0x03E1,  /* 0x77E0 */
  0x03E1, 0x03E1, 0x03E1, 0x03E1, 0x03E1, 0x03E1, 0x03E1, 0x03E1,  /* 0x77E8 */
  0x03E1, 0x03E1, 0x03E1, 0x03E1, 0x03E1, 0x03E1, 0x03E1, 0x03E1,  /* 0x77F0 */
  0x03E1, 0x03E1, 0x03E1, 0x03E1, 0x03E1, 0x03E1, 0x03E1, 0x03E1,  /* 0x77F8 */
  0x05C7, 0x05C7, 0x05C7, 0x05C7, 0x05C7, 0x05C7, 0x05C7, 0x05C7,  /* 0x7800 */
  0x05C7, 0x05C7, 0x05C7, 0x05C7, 0x05C7, 0x05C7, 0x05C7, 0x05C7,  /* 0x7808 */
  0x05C7, 0x05C7, 0x05C7, 0x05C7, 0x05C7, 0x05C7, 0x05C7, 0x05C7,  /* 0x7810 */
  0x05C7, 0x05C7, 0x05C7, 0x05C7, 0x05C7, 0x05C7, 0x05C7, 0x05C7,  /* 0x7818 */
  0x05C7, 0x05C7, 0x05C7, 0x05C7, 0x05C7, 0x05C7, 0x05C7, 0x05C7,  /* 0x7820 */
  0x05C7, 0x05C7, 0x05C7, 0x05C7, 0x05C7, 0x05C7, 0x05C7, 0x05C7,  /* 0x7828 */
  0x05C7, 0x05C7, 0x05C7, 0x05C7, 0x05C7, 0x05C7, 0x05C7, 0x05C7,  /* 0x7830 */
  0x05C7, 0x05C7, 0x05C7, 0x05C7, 0x05C7, 0x05C7, 0x05C7, 0x05C7,  /* 0x7838 */
  0x05C7, 0x05C7, 0x05C7, 0x05C7, 0x05C7, 0x05C7, 0x05C7, 0x05C7,  /* 0x7840 */
  0x05C7, 0x05C7, 0x05C7, 0x05C7, 0x05C7, 0x05C7, 0x05C7, 0x05C7,  /* 0x7848 */
  0x05C7, 0x05C7, 0x05C7, 0x05C7, 0x05C7, 0x05C7, 0x05C7, 0x05C7,  /* 0x7850 */
  0x05C7, 0x05C7, 0x05C7, 0x05C7, 0x05C7, 0x05C7, 0x05C7, 0x05C7,  /* 0x7858 */
  0x05C7, 0x05C7, 0x05C7, 0x05C7, 0x05C7, 0x05C7, 0x05C7, 0x05C7,  /* 0x7860 */
  0x05C7, 0x05C7, 0x05C7, 0x05C7, 0x05C7, 0x05C7, 0x05C7, 0x05C7,  /* 0x7868 */
  0x05C7, 0x05C7, 0x05C7, 0x05C7, 0x05C7, 0x05C7, 0x05C7, 0x05C7,  /* 0x7870 */
  0x05C7, 0x05C7, 0x05C7, 0x05C7, 0x05C7, 0x05C7, 0x05C7, 0x05C7,  /* 0x7878 */
  0x05C7, 0x05C7, 0x05C7, 0x05C7, 0x05C7, 0x05C7, 0x05C7, 0x05C7,  /* 0x7880 */
  0x05C7, 0x05C7, 0x05C7, 0x05C7, 0x05C7, 0x05C7, 0x05C7, 0x05C7,  /* 0x7888 */
  0x05C7, 0x05C7, 0x05C7, 0x05C7, 0x05C7, 0x05C7, 0x05C7, 0x05C7,  /* 0x7890 */
  0x05C7, 0x05C7, 0x05C7, 0x05C7, 0x05C7, 0x05C7, 0x05C7, 0x05C7,  /* 0x7898 */
  0x05C7, 0x05C7, 0x05C7, 0x05C7, 0x05C7, 0x05C7, 0x05C7, 0x05C7,  /* 0x78A0 */
  0x05C7, 0x05C7, 0x05C7, 0x05C7, 0x05C7, 0x05C7, 0x05C7, 0x05C7,  /* 0x78A8 */
  0x05C7, 0x05C7, 0x05C7, 0x05C7, 0x05C7, 0x05C7, 0x05C7, 0x05C7,  /* 0x78B0 */
  0x05C7, 0x05C7, 0x05C7, 0x05C7, 0x05C7, 0x05C7, 0x05C7, 0x05C7,  /* 0x78B8 */
  0x05C7, 0x05C7, 0x05C7, 0x05C7, 0x05C7, 0x05C7, 0x05C7, 0x05C7,  /* 0x78C0 */
  0x05C7, 0x05C7, 0x05C7, 0x05C7, 0x05C7, 0x05C7, 0x05C7, 0x05C7,  /* 0x78C8 */
  0x05C7, 0x05C7, 0x05C7, 0x05C7, 0x05C7, 0x05C7, 0x05C7, 0x05C7,  /* 0x78D0 */
  0x05C7, 0x05C7, 0x05C7, 0x05C7, 0x05C7, 0x05C7, 0x05C7, 0x05C7,  /* 0x78D8 */
  0x05C7, 0x05C7, 0x05C7, 0x05C7, 0x05C7, 0x05C7, 0x05C7, 0x05C7,  /* 0x78E0 */
  0x05C7, 0x05C7, 0x05C7, 0x05C7, 0x05C7, 0x05C7, 0x05C7, 0x05C7,  /* 0x78E8 */
  0x05C7, 0x05C7, 0x05C7, 0x05C7, 0x05C7, 0x05C7, 0x05C7, 0x05C7,  /* 0x78F0 */
  0x05C7, 0x05C7, 0x05C7, 0x05C7, 0x05C7, 0x05C7, 0x05C7, 0x05C7,  /* 0x78F8 */
  0x03E1, 0x03E1, 0x03E1, 0x03E1, 0x03E1, 0x03E1, 0x03E1, 0x03E1,  /* 0x7900 */
  0x03E1, 0x03E1, 0x03E1, 0x03E1, 0x03E1, 0x03E1, 0x03E1, 0x03E1,  /* 0x7908 */
  0x03E1, 0x03E1, 0x03E1, 0x03E1, 0x03E1, 0x03E1, 0x03E1, 0x03E1,  /* 0x7910 */
  0x03E1, 0x03E1, 0x03E1, 0x03E1, 0x03E1, 0x03E1, 0x03E1, 0x03E1,  /* 0x7918 */
  0x03E1, 0x03E1, 0x03E1, 0x03E1, 0x03E1, 0x03E1, 0x03E1, 0x03E1,  /* 0x7920 */
  0x03E1, 0x03E1, 0x03E1, 0x03E1, 0x03E1, 0x03E1, 0x03E1, 0x03E1,  /* 0x7928 */
  0x03E1, 0x03E1, 0x03E1, 0x03E1, 0x03E1, 0x03E1, 0x03E1, 0x03E1,  /* 0x7930 */
  0x03E1, 0x03E1, 0x03E1, 0x03E1, 0x03E1, 0x03E1, 0x03E1, 0x03E1,  /* 0x7938 */
  0x03E1, 0x03E1, 0x03E1, 0x03E1, 0x03E1, 0x03E1, 0x03E1, 0x03E1,  /* 0x7940 */
  0x03E1, 0x03E1, 0x03E1, 0x03E1, 0x03E1, 0x03E1, 0x03E1, 0x03E1,  /* 0x7948 */
  0x03E1, 0x03E1, 0x03E1, 0x03E1, 0x03E1, 0x03E1, 0x03E1, 0x03E1,  /* 0x7950 */
  0x03E1, 0x03E1, 0x03E1, 0x03E1, 0x03E1, 0x03E1, 0x03E1, 0x03E1,  /* 0x7958 */
  0x03E1, 0x03E1, 0x03E1, 0x03E1, 0x03E1, 0x03E1, 0x03E1, 0x03E1,  /* 0x7960 */
  0x03E1, 0x03E1, 0x03E1, 0x03E1, 0x03E1, 0x03E1, 0x03E1, 0x03E1,  /* 0x7968 */
  0x03E1, 0x03E1, 0x03E1, 0x03E1, 0x03E1, 0x03E1, 0x03E1, 0x03E1,  /* 0x7970 */
  0x03E1, 0x03E1, 0x03E1, 0x03E1, 0x03E1, 0x03E1, 0x03E1, 0x03E1,  /* 0x7978 */
  0x03E1, 0x03E1, 0x03E1, 0x03E1, 0x03E1, 0x03E1, 0x03E1, 0x03E1,  /* 0x7980 */
  0x03E1, 0x03E1, 0x03E1, 0x03E1, 0x03E1, 0x03E1, 0x03E1, 0x03E1,  /* 0x7988 */
  0x03E1, 0x03E1, 0x03E1, 0x03E1, 0x03E1, 0x03E1, 0x03E1, 0x03E1,  /* 0x7990 */
  0x03E1, 0x03E1, 0x03E1, 0x03E1, 0x03E1, 0x03E1, 0x03E1, 0x03E1,  /* 0x7998 */
  0x03E1, 0x03E1, 0x03E1, 0x03E1, 0x03E1, 0x03E1, 0x03E1, 0x03E1,  /* 0x79A0 */
  0x03E1, 0x03E1, 0x03E1, 0x03E1, 0x03E1, 0x03E1, 0x03E1, 0x03E1,  /* 0x79A8 */
  0x03E1, 0x03E1, 0x03E1, 0x03E1, 0x03E1, 0x03E1, 0x03E1, 0x03E1,  /* 0x79B0 */
  0x03E1, 0x03E1, 0x03E1, 0x03E1, 0x03E1, 0x03E1, 0x03E1, 0x03E1,  /* 0x79B8 */
  0x03E1, 0x03E1, 0x03E1, 0x03E1, 0x03E1, 0x03E1, 0x03E1, 0x03E1,  /* 0x79C0 */
  0x03E1, 0x03E1, 0x03E1, 0x03E1, 0x03E1, 0x03E1, 0x03E1, 0x03E1,  /* 0x79C8 */
  0x03E1, 0x03E1, 0x03E1, 0x03E1, 0x03E1, 0x03E1, 0x03E1, 0x03E1,  /* 0x79D0 */
  0x03E1, 0x03E1, 0x03E1, 0x03E1, 0x03E1, 0x03E1, 0x03E1, 0x03E1,  /* 0x79D8 */
  0x03E1, 0x03E1, 0x03E1, 0x03E1, 0x03E1, 0x03E1, 0x03E1, 0x03E1,  /* 0x79E0 */
  0x03E1, 0x03E1, 0x03E1, 0x03E1, 0x03E1, 0x03E1, 0x03E1, 0x03E1,  /* 0x79E8 */
  0x03E1, 0x03E1, 0x03E1, 0x03E1, 0x03E1, 0x03E1, 0x03E1, 0x03E1,  /* 0x79F0 */
  0x03E1, 0x03E1, 0x03E1, 0x03E1, 0x03E1, 0x03E1, 0x03E1, 0x03E1,  /* 0x79F8 */
  0x05C7, 0x05C7, 0x05C7, 0x05C7, 0x05C7, 0x05C7, 0x05C7, 0x05C7,  /* 0x7A00 */
  0x05C7, 0x05C7, 0x05C7, 0x05C7, 0x05C7, 0x05C7, 0x05C7, 0x05C7,  /* 0x7A08 */
  0x05C7, 0x05C7, 0x05C7, 0x05C7, 0x05C7, 0x05C7, 0x05C7, 0x05C7,  /* 0x7A10 */
  0x05C7, 0x05C7, 0x05C7, 0x05C7, 0x05C7, 0x05C7, 0x05C7, 0x05C7,  /* 0x7A18 */
  0x05C7, 0x05C7, 0x05C7, 0x05C7, 0x05C7, 0x05C7, 0x05C7, 0x05C7,  /* 0x7A20 */
  0x05C7, 0x05C7, 0x05C7, 0x05C7, 0x05C7, 0x05C7, 0x05C7, 0x05C7,  /* 0x7A28 */
  0x05C7, 0x05C7, 0x05C7, 0x05C7, 0x05C7, 0x05C7, 0x05C7, 0x05C7,  /* 0x7A30 */
  0x05C7, 0x05C7, 0x05C7, 0x05C7, 0x05C7, 0x05C7, 0x05C7, 0x05C7,  /* 0x7A38 */
  0x05C7, 0x05C7, 0x05C7, 0x05C7, 0x05C7, 0x05C7, 0x05C7, 0x05C7,  /* 0x7A40 */
  0x05C7, 0x05C7, 0x05C7, 0x05C7, 0x05C7, 0x05C7, 0x05C7, 0x05C7,  /* 0x7A48 */
  0x05C7, 0x05C7, 0x05C7, 0x05C7, 0x05C7, 0x05C7, 0x05C7, 0x05C7,  /* 0x7A50 */
  0x05C7, 0x05C7, 0x05C7, 0x05C7, 0x05C7, 0x05C7, 0x05C7, 0x05C7,  /* 0x7A58 */
  0x05C7, 0x05C7, 0x05C7, 0x05C7, 0x05C7, 0x05C7, 0x05C7, 0x05C7,  /* 0x7A60 */
  0x05C7, 0x05C7, 0x05C7, 0x05C7, 0x05C7, 0x05C7, 0x05C7, 0x05C7,  /* 0x7A68 */
  0x05C7, 0x05C7, 0x05C7, 0x05C7, 0x05C7, 0x05C7, 0x05C7, 0x05C7,  /* 0x7A70 */
  0x05C7, 0x05C7, 0x05C7, 0x05C7, 0x05C7, 0x05C7, 0x05C7, 0x05C7,  /* 0x7A78 */
  0x05C7, 0x05C7, 0x05C7, 0x05C7, 0x05C7, 0x05C7, 0x05C7, 0x05C7,  /* 0x7A80 */
  0x05C7, 0x05C7, 0x05C7, 0x05C7, 0x05C7, 0x05C7, 0x05C7, 0x05C7,  /* 0x7A88 */
  0x05C7, 0x05C7, 0x05C7, 0x05C7, 0x05C7, 0x05C7, 0x05C7, 0x05C7,  /* 0x7A90 */
  0x05C7, 0x05C7, 0x05C7, 0x05C7, 0x05C7, 0x05C7, 0x05C7, 0x05C7,  /* 0x7A98 */
  0x05C7, 0x05C7, 0x05C7, 0x05C7, 0x05C7, 0x05C7, 0x05C7, 0x05C7,  /* 0x7AA0 */
  0x05C7, 0x05C7, 0x05C7, 0x05C7, 0x05C7, 0x05C7, 0x05C7, 0x05C7,  /* 0x7AA8 */
  0x05C7, 0x05C7, 0x05C7, 0x05C7, 0x05C7, 0x05C7, 0x05C7, 0x05C7,  /* 0x7AB0 */
  0x05C7, 0x05C7, 0x05C7, 0x05C7, 0x05C7, 0x05C7, 0x05C7, 0x05C7,  /* 0x7AB8 */
  0x05C7, 0x05C7, 0x05C7, 0x05C7, 0x05C7, 0x05C7, 0x05C7, 0x05C7,  /* 0x7AC0 */
  0x05C7, 0x05C7, 0x05C7, 0x05C7, 0x05C7, 0x05C7, 0x05C7, 0x05C7,  /* 0x7AC8 */
  0x05C7, 0x05C7, 0x05C7, 0x05C7, 0x05C7, 0x05C7, 0x05C7, 0x05C7,  /* 0x7AD0 */
  0x05C7, 0x05C7, 0x05C7, 0x05C7, 0x05C7, 0x05C7, 0x05C7, 0x05C7,  /* 0x7AD8 */
  0x05C7, 0x05C7, 0x05C7, 0x05C7, 0x05C7, 0x05C7, 0x05C7, 0x05C7,  /* 0x7AE0 */
  0x05C7, 0x05C7, 0x05C7, 0x05C7, 0x05C7, 0x05C7, 0x05C7, 0x05C7,  /* 0x7AE8 */
  0x05C7, 0x05C7, 0x05C7, 0x05C7, 0x05C7, 0x05C7, 0x05C7, 0x05C7,  /* 0x7AF0 */
  0x05C7, 0x05C7, 0x05C7, 0x05C7, 0x05C7, 0x05C7, 0x05C7, 0x05C7,  /* 0x7AF8 */
  0x03E1, 0x03E1, 0x03E1, 0x03E1, 0x03E1, 0x03E1, 0x03E1, 0x03E1,  /* 0x7B00 */
  0x03E1, 0x03E1, 0x03E1, 0x03E1, 0x03E1, 0x03E1, 0x03E1, 0x03E1,  /* 0x7B08 */
  0x03E1, 0x03E1, 0x03E1, 0x03E1, 0x03E1, 0x03E1, 0x03E1, 0x03E1,  /* 0x7B10 */
  0x03E1, 0x03E1, 0x03E1, 0x03E1, 0x03E1, 0x03E1, 0x03E1, 0x03E1,  /* 0x7B18 */
  0x03E1, 0x03E1, 0x03E1, 0x03E1, 0x03E1, 0x03E1, 0x03E1, 0x03E1,  /* 0x7B20 */
  0x03E1, 0x03E1, 0x03E1, 0x03E1, 0x03E1, 0x03E1, 0x03E1, 0x03E1,  /* 0x7B28 */
  0x03E1, 0x03E1, 0x03E1, 0x03E1, 0x03E1, 0x03E1, 0x03E1, 0x03E1,  /* 0x7B30 */
  0x03E1, 0x03E1, 0x03E1, 0x03E1, 0x03E1, 0x03E1, 0x03E1, 0x03E1,  /* 0x7B38 */
  0x03E1, 0x03E1, 0x03E1, 0x03E1, 0x03E1, 0x03E1, 0x03E1, 0x03E1,  /* 0x7B40 */
  0x03E1, 0x03E1, 0x03E1, 0x03E1, 0x03E1, 0x03E1, 0x03E1, 0x03E1,  /* 0x7B48 */
  0x03E1, 0x03E1, 0x03E1, 0x03E1, 0x03E1, 0x03E1, 0x03E1, 0x03E1,  /* 0x7B50 */
  0x03E1, 0x03E1, 0x03E1, 0x03E1, 0x03E1, 0x03E1, 0x03E1, 0x03E1,  /* 0x7B58 */
  0x03E1, 0x03E1, 0x03E1, 0x03E1, 0x03E1, 0x03E1, 0x03E1, 0x03E1,  /* 0x7B60 */
  0x03E1, 0x03E1, 0x03E1, 0x03E1, 0x03E1, 0x03E1, 0x03E1, 0x03E1,  /* 0x7B68 */
  0x03E1, 0x03E1, 0x03E1, 0x03E1, 0x03E1, 0x03E1, 0x03E1, 0x03E1,  /* 0x7B70 */
  0x03E1, 0x03E1, 0x03E1, 0x03E1, 0x03E1, 0x03E1, 0x03E1, 0x03E1,  /* 0x7B78 */
  0x03E1, 0x03E1, 0x03E1, 0x03E1, 0x03E1, 0x03E1, 0x03E1, 0x03E1,  /* 0x7B80 */
  0x03E1, 0x03E1, 0x03E1, 0x03E1, 0x03E1, 0x03E1, 0x03E1, 0x03E1,  /* 0x7B88 */
  0x03E1, 0x03E1, 0x03E1, 0x03E1, 0x03E1, 0x03E1, 0x03E1, 0x03E1,  /* 0x7B90 */
  0x03E1, 0x03E1, 0x03E1, 0x03E1, 0x03E1, 0x03E1, 0x03E1, 0x03E1,  /* 0x7B98 */
  0x03E1, 0x03E1, 0x03E1, 0x03E1, 0x03E1, 0x03E1, 0x03E1, 0x03E1,  /* 0x7BA0 */
  0x03E1, 0x03E1, 0x03E1, 0x03E1, 0x03E1, 0x03E1, 0x03E1, 0x03E1,  /* 0x7BA8 */
  0x03E1, 0x03E1, 0x03E1, 0x03E1, 0x03E1, 0x03E1, 0x03E1, 0x03E1,  /* 0x7BB0 */
  0x03E1, 0x03E1, 0x03E1, 0x03E1, 0x03E1, 0x03E1, 0x03E1, 0x03E1,  /* 0x7BB8 */
  0x03E1, 0x03E1, 0x03E1, 0x03E1, 0x03E1, 0x03E1, 0x03E1, 0x03E1,  /* 0x7BC0 */
  0x03E1, 0x03E1, 0x03E1, 0x03E1, 0x03E1, 0x03E1, 0x03E1, 0x03E1,  /* 0x7BC8 */
  0x03E1, 0x03E1, 0x03E1, 0x03E1, 0x03E1, 0x03E1, 0x03E1, 0x03E1,  /* 0x7BD0 */
  0x03E1, 0x03E1, 0x03E1, 0x03E1, 0x03E1, 0x03E1, 0x03E1, 0x03E1,  /* 0x7BD8 */
  0x03E1, 0x03E1, 0x03E1, 0x03E1, 0x03E1, 0x03E1, 0x03E1, 0x03E1,  /* 0x7BE0 */
  0x03E1, 0x03E1, 0x03E1, 0x03E1, 0x03E1, 0x03E1, 0x03E1, 0x03E1,  /* 0x7BE8 */
  0x03E1, 0x03E1, 0x03E1, 0x03E1, 0x03E1, 0x03E1, 0x03E1, 0x03E1,  /* 0x7BF0 */
  0x03E1, 0x03E1, 0x03E1, 0x03E1, 0x03E1, 0x03E1, 0x03E1, 0x03E1,  /* 0x7BF8 */
  0x05C7, 0x05C7, 0x05C7, 0x05C7, 0x05C7, 0x05C7, 0x05C7, 0x05C7,  /* 0x7C00 */
  0x05C7, 0x05C7, 0x05C7, 0x05C7, 0x05C7, 0x05C7, 0x05C7, 0x05C7,  /* 0x7C08 */
  0x05C7, 0x05C7, 0x05C7, 0x05C7, 0x05C7, 0x05C7, 0x05C7, 0x05C7,  /* 0x7C10 */
  0x05C7, 0x05C7, 0x05C7, 0x05C7, 0x05C7, 0x05C7, 0x05C7, 0x05C7,  /* 0x7C18 */
  0x05C7, 0x05C7, 0x05C7, 0x05C7, 0x05C7, 0x05C7, 0x05C7, 0x05C7,  /* 0x7C20 */
  0x05C7, 0x05C7, 0x05C7, 0x05C7, 0x05C7, 0x05C7, 0x05C7, 0x05C7,  /* 0x7C28 */
  0x05C7, 0x05C7, 0x05C7, 0x05C7, 0x05C7, 0x05C7, 0x05C7, 0x05C7,  /* 0x7C30 */
  0x05C7, 0x05C7, 0x05C7, 0x05C7, 0x05C7, 0x05C7, 0x05C7, 0x05C7,  /* 0x7C38 */
  0x05C7, 0x05C7, 0x05C7, 0x05C7, 0x05C7, 0x05C7, 0x05C7, 0x05C7,  /* 0x7C40 */
  0x05C7, 0x05C7, 0x05C7, 0x05C7, 0x05C7, 0x05C7, 0x05C7, 0x05C7,  /* 0x7C48 */
  0x05C7, 0x05C7, 0x05C7, 0x05C7, 0x05C7, 0x05C7, 0x05C7, 0x05C7,  /* 0x7C50 */
  0x05C7, 0x05C7, 0x05C7, 0x05C7, 0x05C7, 0x05C7, 0x05C7, 0x05C7,  /* 0x7C58 */
  0x05C7, 0x05C7, 0x05C7, 0x05C7, 0x05C7, 0x05C7, 0x05C7, 0x05C7,  /* 0x7C60 */
  0x05C7, 0x05C7, 0x05C7, 0x05C7, 0x05C7, 0x05C7, 0x05C7, 0x05C7,  /* 0x7C68 */
  0x05C7, 0x05C7, 0x05C7, 0x05C7, 0x05C7, 0x05C7, 0x05C7, 0x05C7,  /* 0x7C70 */
  0x05C7, 0x05C7, 0x05C7, 0x05C7, 0x05C7, 0x05C7, 0x05C7, 0x05C7,  /* 0x7C78 */
  0x05C7, 0x05C7, 0x05C7, 0x05C7, 0x05C7, 0x05C7, 0x05C7, 0x05C7,  /* 0x7C80 */
  0x05C7, 0x05C7, 0x05C7, 0x05C7, 0x05C7, 0x05C7, 0x05C7, 0x05C7,  /* 0x7C88 */
  0x05C7, 0x05C7, 0x05C7, 0x05C7, 0x05C7, 0x05C7, 0x05C7, 0x05C7,  /* 0x7C90 */
  0x05C7, 0x05C7, 0x05C7, 0x05C7, 0x05C7, 0x05C7, 0x05C7, 0x05C7,  /* 0x7C98 */
  0x05C7, 0x05C7, 0x05C7, 0x05C7, 0x05C7, 0x05C7, 0x05C7, 0x05C7,  /* 0x7CA0 */
  0x05C7, 0x05C7, 0x05C7, 0x05C7, 0x05C7, 0x05C7, 0x05C7, 0x05C7,  /* 0x7CA8 */
  0x05C7, 0x05C7, 0x05C7, 0x05C7, 0x05C7, 0x05C7, 0x05C7, 0x05C7,  /* 0x7CB0 */
  0x05C7, 0x05C7, 0x05C7, 0x05C7, 0x05C7, 0x05C7, 0x05C7, 0x05C7,  /* 0x7CB8 */
  0x05C7, 0x05C7, 0x05C7, 0x05C7, 0x05C7, 0x05C7, 0x05C7, 0x05C7,  /* 0x7CC0 */
  0x05C7, 0x05C7, 0x05C7, 0x05C7, 0x05C7, 0x05C7, 0x05C7, 0x05C7,  /* 0x7CC8 */
  0x05C7, 0x05C7, 0x05C7, 0x05C7, 0x05C7, 0x05C7, 0x05C7, 0x05C7,  /* 0x7CD0 */
  0x05C7, 0x05C7, 0x05C7, 0x05C7, 0x05C7, 0x05C7, 0x05C7, 0x05C7,  /* 0x7CD8 */
  0x05C7, 0x05C7, 0x05C7, 0x05C7, 0x05C7, 0x05C7, 0x05C7, 0x05C7,  /* 0x7CE0 */
  0x05C7, 0x05C7, 0x05C7, 0x05C7, 0x05C7, 0x05C7, 0x05C7, 0x05C7,  /* 0x7CE8 */
  0x05C7, 0x05C7, 0x05C7, 0x05C7, 0x05C7, 0x05C7, 0x05C7, 0x05C7,  /* 0x7CF0 */
  0x05C7, 0x05C7, 0x05C7, 0x05C7, 0x05C7, 0x05C7, 0x05C7, 0x05C7,  /* 0x7CF8 */
  0x03E1, 0x03E1, 0x03E1, 0x03E1, 0x03E1, 0x03E1, 0x03E1, 0x03E1,  /* 0x7D00 */
  0x03E1, 0x03E1, 0x03E1, 0x03E1, 0x03E1, 0x03E1, 0x03E1, 0x03E1,  /* 0x7D08 */
  0x03E1, 0x03E1, 0x03E1, 0x03E1, 0x03E1, 0x03E1, 0x03E1, 0x03E1,  /* 0x7D10 */
  0x03E1, 0x03E1, 0x03E1, 0x03E1, 0x03E1, 0x03E1, 0x03E1, 0x03E1,  /* 0x7D18 */
  0x03E1, 0x03E1, 0x03E1, 0x03E1, 0x03E1, 0x03E1, 0x03E1, 0x03E1,  /* 0x7D20 */
  0x03E1, 0x03E1, 0x03E1, 0x03E1, 0x03E1, 0x03E1, 0x03E1, 0x03E1,  /* 0x7D28 */
  0x03E1, 0x03E1, 0x03E1, 0x03E1, 0x03E1, 0x03E1, 0x03E1, 0x03E1,  /* 0x7D30 */
  0x03E1, 0x03E1, 0x03E1, 0x03E1, 0x03E1, 0x03E1, 0x03E1, 0x03E1,  /* 0x7D38 */
  0x03E1, 0x03E1, 0x03E1, 0x03E1, 0x03E1, 0x03E1, 0x03E1, 0x03E1,  /* 0x7D40 */
  0x03E1, 0x03E1, 0x03E1, 0x03E1, 0x03E1, 0x03E1, 0x03E1, 0x03E1,  /* 0x7D48 */
  0x03E1, 0x03E1, 0x03E1, 0x03E1, 0x03E1, 0x03E1, 0x03E1, 0x03E1,  /* 0x7D50 */
  0x03E1, 0x03E1, 0x03E1, 0x03E1, 0x03E1, 0x03E1, 0x03E1, 0x03E1,  /* 0x7D58 */
  0x03E1, 0x03E1, 0x03E1, 0x03E1, 0x03E1, 0x03E1, 0x03E1, 0x03E1,  /* 0x7D60 */
  0x03E1, 0x03E1, 0x03E1, 0x03E1, 0x03E1, 0x03E1, 0x03E1, 0x03E1,  /* 0x7D68 */
  0x03E1, 0x03E1, 0x03E1, 0x03E1, 0x03E1, 0x03E1, 0x03E1, 0x03E1,  /* 0x7D70 */
  0x03E1, 0x03E1, 0x03E1, 0x03E1, 0x03E1, 0x03E1, 0x03E1, 0x03E1,  /* 0x7D78 */
  0x03E1, 0x03E1, 0x03E1, 0x03E1, 0x03E1, 0x03E1, 0x03E1, 0x03E1,  /* 0x7D80 */
  0x03E1, 0x03E1, 0x03E1, 0x03E1, 0x03E1, 0x03E1, 0x03E1, 0x03E1,  /* 0x7D88 */
  0x03E1, 0x03E1, 0x03E1, 0x03E1, 0x03E1, 0x03E1, 0x03E1, 0x03E1,  /* 0x7D90 */
  0x03E1, 0x03E1, 0x03E1, 0x03E1, 0x03E1, 0x03E1, 0x03E1, 0x03E1,  /* 0x7D98 */
  0x03E1, 0x03E1, 0x03E1, 0x03E1, 0x03E1, 0x03E1, 0x03E1, 0x03E1,  /* 0x7DA0 */
  0x03E1, 0x03E1, 0x03E1, 0x03E1, 0x03E1, 0x03E1, 0x03E1, 0x03E1,  /* 0x7DA8 */
  0x03E1, 0x03E1, 0x03E1, 0x03E1, 0x03E1, 0x03E1, 0x03E1, 0x03E1,  /* 0x7DB0 */
  0x03E1, 0x03E1, 0x03E1, 0x03E1, 0x03E1, 0x03E1, 0x03E1, 0x03E1,  /* 0x7DB8 */
  0x03E1, 0x03E1, 0x03E1, 0x03E1, 0x03E1, 0x03E1, 0x03E1, 0x03E1,  /* 0x7DC0 */
  0x03E1, 0x03E1, 0x03E1, 0x03E1, 0x03E1, 0x03E1, 0x03E1, 0x03E1,  /* 0x7DC8 */
  0x03E1, 0x03E1, 0x03E1, 0x03E1, 0x03E1, 0x03E1, 0x03E1, 0x03E1,  /* 0x7DD0 */
  0x03E1, 0x03E1, 0x03E1, 0x03E1, 0x03E1, 0x03E1, 0x03E1, 0x03E1,  /* 0x7DD8 */
  0x03E1, 0x03E1, 0x03E1, 0x03E1, 0x03E1, 0x03E1, 0x03E1, 0x03E1,  /* 0x7DE0 */
  0x03E1, 0x03E1, 0x03E1, 0x03E1, 0x03E1, 0x03E1, 0x03E1, 0x03E1,  /* 0x7DE8 */
  0x03E1, 0x03E1, 0x03E1, 0x03E1, 0x03E1, 0x03E1, 0x03E1, 0x03E1,  /* 0x7DF0 */
  0x03E1, 0x03E1, 0x03E1, 0x03E1, 0x03E1, 0x03E1, 0x03E1, 0x03E1,  /* 0x7DF8 */
  0x05C7, 0x05C7, 0x05C7, 0x05C7, 0x05C7, 0x05C7, 0x05C7, 0x05C7,  /* 0x7E00 */
  0x05C7, 0x05C7, 0x05C7, 0x05C7, 0x05C7, 0x05C7, 0x05C7, 0x05C7,  /* 0x7E08 */
  0x05C7, 0x05C7, 0x05C7, 0x05C7, 0x05C7, 0x05C7, 0x05C7, 0x05C7,  /* 0x7E10 */
  0x05C7, 0x05C7, 0x05C7, 0x05C7, 0x05C7, 0x05C7, 0x05C7, 0x05C7,  /* 0x7E18 */
  0x05C7, 0x05C7, 0x05C7, 0x05C7, 0x05C7, 0x05C7, 0x05C7, 0x05C7,  /* 0x7E20 */
  0x05C7, 0x05C7, 0x05C7, 0x05C7, 0x05C7, 0x05C7, 0x05C7, 0x05C7,  /* 0x7E28 */
  0x05C7, 0x05C7, 0x05C7, 0x05C7, 0x05C7, 0x05C7, 0x05C7, 0x05C7,  /* 0x7E30 */
  0x05C7, 0x05C7, 0x05C7, 0x05C7, 0x05C7, 0x05C7, 0x05C7, 0x05C7,  /* 0x7E38 */
  0x05C7, 0x05C7, 0x05C7, 0x05C7, 0x05C7, 0x05C7, 0x05C7, 0x05C7,  /* 0x7E40 */
  0x05C7, 0x05C7, 0x05C7, 0x05C7, 0x05C7, 0x05C7, 0x05C7, 0x05C7,  /* 0x7E48 */
  0x05C7, 0x05C7, 0x05C7, 0x05C7, 0x05C7, 0x05C7, 0x05C7, 0x05C7,  /* 0x7E50 */
  0x05C7, 0x05C7, 0x05C7, 0x05C7, 0x05C7, 0x05C7, 0x05C7, 0x05C7,  /* 0x7E58 */
  0x05C7, 0x05C7, 0x05C7, 0x05C7, 0x05C7, 0x05C7, 0x05C7, 0x05C7,  /* 0x7E60 */
  0x05C7, 0x05C7, 0x05C7, 0x05C7, 0x05C7, 0x05C7, 0x05C7, 0x05C7,  /* 0x7E68 */
  0x05C7, 0x05C7, 0x05C7, 0x05C7, 0x05C7, 0x05C7, 0x05C7, 0x05C7,  /* 0x7E70 */
  0x05C7, 0x05C7, 0x05C7, 0x05C7, 0x05C7, 0x05C7, 0x05C7, 0x05C7,  /* 0x7E78 */
  0x05C7, 0x05C7, 0x05C7, 0x05C7, 0x05C7, 0x05C7, 0x05C7, 0x05C7,  /* 0x7E80 */
  0x05C7, 0x05C7, 0x05C7, 0x05C7, 0x05C7, 0x05C7, 0x05C7, 0x05C7,  /* 0x7E88 */
  0x05C7, 0x05C7, 0x05C7, 0x05C7, 0x05C7, 0x05C7, 0x05C7, 0x05C7,  /* 0x7E90 */
  0x05C7, 0x05C7, 0x05C7, 0x05C7, 0x05C7, 0x05C7, 0x05C7, 0x05C7,  /* 0x7E98 */
  0x05C7, 0x05C7, 0x05C7, 0x05C7, 0x05C7, 0x05C7, 0x05C7, 0x05C7,  /* 0x7EA0 */
  0x05C7, 0x05C7, 0x05C7, 0x05C7, 0x05C7, 0x05C7, 0x05C7, 0x05C7,  /* 0x7EA8 */
  0x05C7, 0x05C7, 0x05C7, 0x05C7, 0x05C7, 0x05C7, 0x05C7, 0x05C7,  /* 0x7EB0 */
  0x05C7, 0x05C7, 0x05C7, 0x05C7, 0x05C7, 0x05C7, 0x05C7, 0x05C7,  /* 0x7EB8 */
  0x05C7, 0x05C7, 0x05C7, 0x05C7, 0x05C7, 0x05C7, 0x05C7, 0x05C7,  /* 0x7EC0 */
  0x05C7, 0x05C7, 0x05C7, 0x05C7, 0x05C7, 0x05C7, 0x05C7, 0x05C7,  /* 0x7EC8 */
  0x05C7, 0x05C7, 0x05C7, 0x05C7, 0x05C7, 0x05C7, 0x05C7, 0x05C7,  /* 0x7ED0 */
  0x05C7, 0x05C7, 0x05C7, 0x05C7, 0x05C7, 0x05C7, 0x05C7, 0x05C7,  /* 0x7ED8 */
  0x05C7, 0x05C7, 0x05C7, 0x05C7, 0x05C7, 0x05C7, 0x05C7, 0x05C7,  /* 0x7EE0 */
  0x05C7, 0x05C7, 0x05C7, 0x05C7, 0x05C7, 0x05C7, 0x05C7, 0x05C7,  /* 0x7EE8 */
  0x05C7, 0x05C7, 0x05C7, 0x05C7, 0x05C7, 0x05C7, 0x05C7, 0x05C7,  /* 0x7EF0 */
  0x05C7, 0x05C7, 0x05C7, 0x05C7, 0x05C7, 0x05C7, 0x05C7, 0x05C7,  /* 0x7EF8 */
  0x03E1, 0x03E1, 0x03E1, 0x03E1, 0x03E1, 0x03E1, 0x03E1, 0x03E1,  /* 0x7F00 */
  0x03E1, 0x03E1, 0x03E1, 0x03E1, 0x03E1, 0x03E1, 0x03E1, 0x03E1,  /* 0x7F08 */
  0x03E1, 0x03E1, 0x03E1, 0x03E1, 0x03E1, 0x03E1, 0x03E1, 0x03E1,  /* 0x7F10 */
  0x03E1, 0x03E1, 0x03E1, 0x03E1, 0x03E1, 0x03E1, 0x03E1, 0x03E1,  /* 0x7F18 */
  0x03E1, 0x03E1, 0x03E1, 0x03E1, 0x03E1, 0x03E1, 0x03E1, 0x03E1,  /* 0x7F20 */
  0x03E1, 0x03E1, 0x03E1, 0x03E1, 0x03E1, 0x03E1, 0x03E1, 0x03E1,  /* 0x7F28 */
  0x03E1, 0x03E1, 0x03E1, 0x03E1, 0x03E1, 0x03E1, 0x03E1, 0x03E1,  /* 0x7F30 */
  0x03E1, 0x03E1, 0x03E1, 0x03E1, 0x03E1, 0x03E1, 0x03E1, 0x03E1,  /* 0x7F38 */
  0x03E1, 0x03E1, 0x03E1, 0x03E1, 0x03E1, 0x03E1, 0x03E1, 0x03E1,  /* 0x7F40 */
  0x03E1, 0x03E1, 0x03E1, 0x03E1, 0x03E1, 0x03E1, 0x03E1, 0x03E1,  /* 0x7F48 */
  0x03E1, 0x03E1, 0x03E1, 0x03E1, 0x03E1, 0x03E1, 0x03E1, 0x03E1,  /* 0x7F50 */
  0x03E1, 0x03E1, 0x03E1, 0x03E1, 0x03E1, 0x03E1, 0x03E1, 0x03E1,  /* 0x7F58 */
  0x03E1, 0x03E1, 0x03E1, 0x03E1, 0x03E1, 0x03E1, 0x03E1, 0x03E1,  /* 0x7F60 */
  0x03E1, 0x03E1, 0x03E1, 0x03E1, 0x03E1, 0x03E1, 0x03E1, 0x03E1,  /* 0x7F68 */
  0x03E1, 0x03E1, 0x03E1, 0x03E1, 0x03E1, 0x03E1, 0x03E1, 0x03E1,  /* 0x7F70 */
  0x03E1, 0x03E1, 0x03E1, 0x03E1, 0x03E1, 0x03E1, 0x03E1, 0x03E1,  /* 0x7F78 */
  0x03E1, 0x03E1, 0x03E1, 0x03E1, 0x03E1, 0x03E1, 0x03E1, 0x03E1,  /* 0x7F80 */
  0x03E1, 0x03E1, 0x03E1, 0x03E1, 0x03E1, 0x03E1, 0x03E1, 0x03E1,  /* 0x7F88 */
  0x03E1, 0x03E1, 0x03E1, 0x03E1, 0x03E1, 0x03E1, 0x03E1, 0x03E1,  /* 0x7F90 */
  0x03E1, 0x03E1, 0x03E1, 0x03E1, 0x03E1, 0x03E1, 0x03E1, 0x03E1,  /* 0x7F98 */
  0x03E1, 0x03E1, 0x03E1, 0x03E1, 0x03E1, 0x03E1, 0x03E1, 0x03E1,  /* 0x7FA0 */
  0x03E1, 0x03E1, 0x03E1, 0x03E1, 0x03E1, 0x03E1, 0x03E1, 0x03E1,  /* 0x7FA8 */
  0x03E1, 0x03E1, 0x03E1, 0x03E1, 0x03E1, 0x03E1, 0x03E1, 0x03E1,  /* 0x7FB0 */
  0x03E1, 0x03E1, 0x03E1, 0x03E1, 0x03E1, 0x03E1, 0x03E1, 0x03E1,  /* 0x7FB8 */
  0x03E1, 0x03E1, 0x03E1, 0x03E1, 0x03E1, 0x03E1, 0x03E1, 0x03E1,  /* 0x7FC0 */
  0x03E1, 0x03E1, 0x03E1, 0x03E1, 0x03E1, 0x03E1, 0x03E1, 0x03E1,  /* 0x7FC8 */
  0x03E1, 0x03E1, 0x03E1, 0x03E1, 0x03E1, 0x03E1, 0x03E1, 0x03E1,  /* 0x7FD0 */
  0x03E1, 0x03E1, 0x03E1, 0x03E1, 0x03E1, 0x03E1, 0x03E1, 0x03E1,  /* 0x7FD8 */
  0x03E1, 0x03E1, 0x03E1, 0x03E1, 0x03E1, 0x03E1, 0x03E1, 0x03E1,  /* 0x7FE0 */
  0x03E1, 0x03E1, 0x03E1, 0x03E1, 0x03E1, 0x03E1, 0x03E1, 0x03E1,  /* 0x7FE8 */
  0x03E1, 0x03E1, 0x03E1, 0x03E1, 0x03E1, 0x03E1, 0x03E1, 0x03E1,  /* 0x7FF0 */
  0x03E1, 0x03E1, 0x03E1, 0x03E1, 0x03E1, 0x03E1, 0x03E1, 0x03E1,  /* 0x7FF8 */
  0x02CE, 0x02CE, 0x02CE, 0x02CE, 0x02CE, 0x02CE, 0x02CE, 0x02CE,  /* 0x8000 */
  0x03E1, 0x03E1, 0x03E1, 0x03E1, 0x03E1, 0x03E1, 0x03E1, 0x03E1,  /* 0x8008 */
  0x02E0, 0x02E0, 0x02E0, 0x02E0, 0x02E0, 0x02E0, 0x02E0, 0x02E0,  /* 0x8010 */
  0x02EC, 0x02EC, 0x02EC, 0x02EC, 0x02EC, 0x02EC, 0x02EC, 0x02EC,  /* 0x8018 */
  0x02E6, 0x02E6, 0x02E6, 0x02E6, 0x02E6, 0x02E6, 0x02E6, 0x02E6,  /* 0x8020 */
  0x02F2, 0x02F2, 0x02F2, 0x02F2, 0x02F2, 0x02F2, 0x02F2, 0x02F2,  /* 0x8028 */
  0x035A, 0x035A, 0x035A, 0x035A, 0x035A, 0x035A, 0x035A, 0x035A,  /* 0x8030 */
  0x02D4, 0x02DA, 0x035A, 0x035A, 0x02C8, 0x03E1, 0x03E1, 0x03E1,  /* 0x8038 */
  0x02D0, 0x02D0, 0x02D0, 0x02D0, 0x02D0, 0x02D0, 0x02D0, 0x02D0,  /* 0x8040 */
  0x03E1, 0x03E1, 0x03E1, 0x03E1, 0x03E1, 0x03E1, 0x03E1, 0x03E1,  /* 0x8048 */
  0x02E2, 0x02E2, 0x02E2, 0x02E2, 0x02E2, 0x02E2, 0x02E2, 0x02E2,  /* 0x8050 */
  0x02EE, 0x02EE, 0x02EE, 0x02EE, 0x02EE, 0x02EE, 0x02EE, 0x02EE,  /* 0x8058 */
  0x02E8, 0x02E8, 0x02E8, 0x02E8, 0x02E8, 0x02E8, 0x02E8, 0x02E8,  /* 0x8060 */
  0x02F4, 0x02F4, 0x02F4, 0x02F4, 0x02F4, 0x02F4, 0x02F4, 0x02F4,  /* 0x8068 */
  0x035E, 0x035E, 0x035E, 0x035E, 0x035E, 0x035E, 0x035E, 0x035E,  /* 0x8070 */
  0x02D6, 0x02DC, 0x035E, 0x035E, 0x02CA, 0x03E1, 0x03E1, 0x03E1,  /* 0x8078 */
  0x02D2, 0x02D2, 0x02D2, 0x02D2, 0x02D2, 0x02D2, 0x02D2, 0x02D2,  /* 0x8080 */
  0x03E1, 0x03E1, 0x03E1, 0x03E1, 0x03E1, 0x03E1, 0x03E1, 0x03E1,  /* 0x8088 */
  0x02E4, 0x02E4, 0x02E4, 0x02E4, 0x02E4, 0x02E4, 0x02E4, 0x02E4,  /* 0x8090 */
  0x02F0, 0x02F0, 0x02F0, 0x02F0, 0x02F0, 0x02F0, 0x02F0, 0x02F0,  /* 0x8098 */
  0x02EA, 0x02EA, 0x02EA, 0x02EA, 0x02EA, 0x02EA, 0x02EA, 0x02EA,  /* 0x80A0 */
  0x02F6, 0x02F6, 0x02F6, 0x02F6, 0x02F6, 0x02F6, 0x02F6, 0x02F6,  /* 0x80A8 */
  0x0362, 0x0362, 0x0362, 0x0362, 0x0362, 0x0362, 0x0362, 0x0362,  /* 0x80B0 */
  0x02D8, 0x02DE, 0x0362, 0x0362, 0x02CC, 0x03E1, 0x03E1, 0x03E1,  /* 0x80B8 */
  0x04BA, 0x04BA, 0x04BA, 0x04BA, 0x04BA, 0x04BA, 0x04BA, 0x04BA,  /* 0x80C0 */
  0x03E1, 0x03E1, 0x03E1, 0x03E1, 0x03E1, 0x03E1, 0x03E1, 0x03E1,  /* 0x80C8 */
  0x04BC, 0x04BC, 0x04BC, 0x04BC, 0x04BC, 0x04BC, 0x04BC, 0x04BC,  /* 0x80D0 */
  0x04BC, 0x04BC, 0x04BC, 0x04BC, 0x04BC, 0x04BC, 0x04BC, 0x04BC,  /* 0x80D8 */
  0x04BC, 0x04BC, 0x04BC, 0x04BC, 0x04BC, 0x04BC, 0x04BC, 0x04BC,  /* 0x80E0 */
  0x04BC, 0x04BC, 0x04BC, 0x04BC, 0x04BC, 0x04BC, 0x04BC, 0x04BC,  /* 0x80E8 */
  0x04BC, 0x04BC, 0x04BC, 0x04BC, 0x04BC, 0x04BC, 0x04BC, 0x04BC,  /* 0x80F0 */
  0x04BC, 0x04BC, 0x04BC, 0x04BC, 0x04BB, 0x03E1, 0x03E1, 0x03E1,  /* 0x80F8 */
  0x067C, 0x067C, 0x067C, 0x067C, 0x067C, 0x067C, 0x067C, 0x067C,  /* 0x8100 */
  0x067E, 0x0681, 0x0681, 0x0681, 0x0681, 0x0681, 0x0681, 0x0680,  /* 0x8108 */
  0x0304, 0x0304, 0x0304, 0x0304, 0x0304, 0x0304, 0x0304, 0x0304,  /* 0x8110 */
  0x0310, 0x0310, 0x0310, 0x0310, 0x0310, 0x0310, 0x0310, 0x0310,  /* 0x8118 */
  0x030A, 0x030A, 0x030A, 0x030A, 0x030A, 0x030A, 0x030A, 0x030A,  /* 0x8120 */
  0x0316, 0x0316, 0x0316, 0x0316, 0x0316, 0x0316, 0x0316, 0x0316,  /* 0x8128 */
  0x034A, 0x034A, 0x034A, 0x034A, 0x034A, 0x034A, 0x034A, 0x034A,  /* 0x8130 */
  0x02F8, 0x02FE, 0x03E1, 0x03E1, 0x03E1, 0x03E1, 0x03E1, 0x03E1,  /* 0x8138 */
  0x062F, 0x062F, 0x062F, 0x062F, 0x062F, 0x062F, 0x062F, 0x062F,  /* 0x8140 */
  0x0631, 0x0631, 0x0631, 0x0631, 0x0631, 0x0631, 0x0631, 0x0631,  /* 0x8148 */
  0x0306, 0x0306, 0x0306, 0x0306, 0x0306, 0x0306, 0x0306, 0x0306,  /* 0x8150 */
  0x0312, 0x0312, 0x0312, 0x0312, 0x0312, 0x0312, 0x0312, 0x0312,  /* 0x8158 */
  0x030C, 0x030C, 0x030C, 0x030C, 0x030C, 0x030C, 0x030C, 0x030C,  /* 0x8160 */
  0x0318, 0x0318, 0x0318, 0x0318, 0x0318, 0x0318, 0x0318, 0x0318,  /* 0x8168 */
  0x0350, 0x0350, 0x0350, 0x0350, 0x0350, 0x0350, 0x0350, 0x0350,  /* 0x8170 */
  0x02FA, 0x0300, 0x03E1, 0x03E1, 0x03E1, 0x03E1, 0x03E1, 0x03E1,  /* 0x8178 */
  0x0632, 0x0632, 0x0632, 0x0632, 0x0632, 0x0632, 0x0632, 0x0632,  /* 0x8180 */
  0x0634, 0x0634, 0x0634, 0x0634, 0x0634, 0x0634, 0x0634, 0x0633,  /* 0x8188 */
  0x0308, 0x0308, 0x0308, 0x0308, 0x0308, 0x0308, 0x0308, 0x0308,  /* 0x8190 */
  0x0314, 0x0314, 0x0314, 0x0314, 0x0314, 0x0314, 0x0314, 0x0314,  /* 0x8198 */
  0x030E, 0x030E, 0x030E, 0x030E, 0x030E, 0x030E, 0x030E, 0x030E,  /* 0x81A0 */
  0x031A, 0x031A, 0x031A, 0x031A, 0x031A, 0x031A, 0x031A, 0x031A,  /* 0x81A8 */
  0x0356, 0x0356, 0x0356, 0x0356, 0x0356, 0x0356, 0x0356, 0x0356,  /* 0x81B0 */
  0x02FC, 0x0302, 0x03E1, 0x03E1, 0x03E1, 0x03E1, 0x03E1, 0x03E1,  /* 0x81B8 */
  0x04B4, 0x04B4, 0x04B4, 0x04B4, 0x04B4, 0x04B4, 0x04B4, 0x04B4,  /* 0x81C0 */
  0x03E1, 0x03E1, 0x03E1, 0x03E1, 0x03E1, 0x03E1, 0x03E1, 0x03E1,  /* 0x81C8 */
  0x04B5, 0x04B5, 0x04B5, 0x04B5, 0x04B5, 0x04B5, 0x04B5, 0x04B5,  /* 0x81D0 */
  0x04B7, 0x04B7, 0x04B7, 0x04B7, 0x04B7, 0x04B7, 0x04B7, 0x04B7,  /* 0x81D8 */
  0x04B6, 0x04B6, 0x04B6, 0x04B6, 0x04B6, 0x04B6, 0x04B6, 0x04B6,  /* 0x81E0 */
  0x04B8, 0x04B8, 0x04B8, 0x04B8, 0x04B8, 0x04B8, 0x04B8, 0x04B8,  /* 0x81E8 */
  0x04B9, 0x04B9, 0x04B9, 0x04B9, 0x04B9, 0x04B9, 0x04B9, 0x04B9,  /* 0x81F0 */
  0x04B9, 0x04B9, 0x04B9, 0x04B9, 0x04B3, 0x03E1, 0x03E1, 0x03E1,  /* 0x81F8 */
  0x02CE, 0x02CE, 0x02CE, 0x02CE, 0x02CE, 0x02CE, 0x02CE, 0x02CE,  /* 0x8200 */
  0x03E1, 0x03E1, 0x03E1, 0x03E1, 0x03E1, 0x03E1, 0x03E1, 0x03E1,  /* 0x8208 */
  0x02E0, 0x02E0, 0x02E0, 0x02E0, 0x02E0, 0x02E0, 0x02E0, 0x02E0,  /* 0x8210 */
  0x02EC, 0x02EC, 0x02EC, 0x02EC, 0x02EC, 0x02EC, 0x02EC, 0x02EC,  /* 0x8218 */
  0x02E6, 0x02E6, 0x02E6, 0x02E6, 0x02E6, 0x02E6, 0x02E6, 0x02E6,  /* 0x8220 */
  0x02F2, 0x02F2, 0x02F2, 0x02F2, 0x02F2, 0x02F2, 0x02F2, 0x02F2,  /* 0x8228 */
  0x035A, 0x035A, 0x035A, 0x035A, 0x035A, 0x035A, 0x035A, 0x035A,  /* 0x8230 */
  0x02D4, 0x02DA, 0x035A, 0x035A, 0x02C8, 0x03E1, 0x03E1, 0x03E1,  /* 0x8238 */
  0x02D0, 0x02D0, 0x02D0, 0x02D0, 0x02D0, 0x02D0, 0x02D0, 0x02D0,  /* 0x8240 */
  0x03E1, 0x03E1, 0x03E1, 0x03E1, 0x03E1, 0x03E1, 0x03E1, 0x03E1,  /* 0x8248 */
  0x02E2, 0x02E2, 0x02E2, 0x02E2, 0x02E2, 0x02E2, 0x02E2, 0x02E2,  /* 0x8250 */
  0x02EE, 0x02EE, 0x02EE, 0x02EE, 0x02EE, 0x02EE, 0x02EE, 0x02EE,  /* 0x8258 */
  0x02E8, 0x02E8, 0x02E8, 0x02E8, 0x02E8, 0x02E8, 0x02E8, 0x02E8,  /* 0x8260 */
  0x02F4, 0x02F4, 0x02F4, 0x02F4, 0x02F4, 0x02F4, 0x02F4, 0x02F4,  /* 0x8268 */
  0x035E, 0x035E, 0x035E, 0x035E, 0x035E, 0x035E, 0x035E, 0x035E,  /* 0x8270 */
  0x02D6, 0x02DC, 0x035E, 0x035E, 0x02CA, 0x03E1, 0x03E1, 0x03E1,  /* 0x8278 */
  0x02D2, 0x02D2, 0x02D2, 0x02D2, 0x02D2, 0x02D2, 0x02D2, 0x02D2,  /* 0x8280 */
  0x03E1, 0x03E1, 0x03E1, 0x03E1, 0x03E1, 0x03E1, 0x03E1, 0x03E1,  /* 0x8288 */
  0x02E4, 0x02E4, 0x02E4, 0x02E4, 0x02E4, 0x02E4, 0x02E4, 0x02E4,  /* 0x8290 */
  0x02F0, 0x02F0, 0x02F0, 0x02F0, 0x02F0, 0x02F0, 0x02F0, 0x02F0,  /* 0x8298 */
  0x02EA, 0x02EA, 0x02EA, 0x02EA, 0x02EA, 0x02EA, 0x02EA, 0x02EA,  /* 0x82A0 */
  0x02F6, 0x02F6, 0x02F6, 0x02F6, 0x02F6, 0x02F6, 0x02F6, 0x02F6,  /* 0x82A8 */
  0x0362, 0x0362, 0x0362, 0x0362, 0x0362, 0x0362, 0x0362, 0x0362,  /* 0x82B0 */
  0x02D8, 0x02DE, 0x0362, 0x0362, 0x02CC, 0x03E1, 0x03E1, 0x03E1,  /* 0x82B8 */
  0x04BA, 0x04BA, 0x04BA, 0x04BA, 0x04BA, 0x04BA, 0x04BA, 0x04BA,  /* 0x82C0 */
  0x03E1, 0x03E1, 0x03E1, 0x03E1, 0x03E1, 0x03E1, 0x03E1, 0x03E1,  /* 0x82C8 */
  0x04BC, 0x04BC, 0x04BC, 0x04BC, 0x04BC, 0x04BC, 0x04BC, 0x04BC,  /* 0x82D0 */
  0x04BC, 0x04BC, 0x04BC, 0x04BC, 0x04BC, 0x04BC, 0x04BC, 0x04BC,  /* 0x82D8 */
  0x04BC, 0x04BC, 0x04BC, 0x04BC, 0x04BC, 0x04BC, 0x04BC, 0x04BC,  /* 0x82E0 */
  0x04BC, 0x04BC, 0x04BC, 0x04BC, 0x04BC, 0x04BC, 0x04BC, 0x04BC,  /* 0x82E8 */
  0x04BC, 0x04BC, 0x04BC, 0x04BC, 0x04BC, 0x04BC, 0x04BC, 0x04BC,  /* 0x82F0 */
  0x04BC, 0x04BC, 0x04BC, 0x04BC, 0x04BB, 0x03E1, 0x03E1, 0x03E1,  /* 0x82F8 */
  0x067C, 0x067C, 0x067C, 0x067C, 0x067C, 0x067C, 0x067C, 0x067C,  /* 0x8300 */
  0x0681, 0x067E, 0x0681, 0x0681, 0x0681, 0x0681, 0x0681, 0x0680,  /* 0x8308 */
  0x0304, 0x0304, 0x0304, 0x0304, 0x0304, 0x0304, 0x0304, 0x0304,  /* 0x8310 */
  0x0310, 0x0310, 0x0310, 0x0310, 0x0310, 0x0310, 0x0310, 0x0310,  /* 0x8318 */
  0x030A, 0x030A, 0x030A, 0x030A, 0x030A, 0x030A, 0x030A, 0x030A,  /* 0x8320 */
  0x0316, 0x0316, 0x0316, 0x0316, 0x0316, 0x0316, 0x0316, 0x0316,  /* 0x8328 */
  0x034A, 0x034A, 0x034A, 0x034A, 0x034A, 0x034A, 0x034A, 0x034A,  /* 0x8330 */
  0x02F8, 0x02FE, 0x03E1, 0x03E1, 0x03E1, 0x03E1, 0x03E1, 0x03E1,  /* 0x8338 */
  0x062F, 0x062F, 0x062F, 0x062F, 0x062F, 0x062F, 0x062F, 0x062F,  /* 0x8340 */
  0x0631, 0x0631, 0x0631, 0x0631, 0x0631, 0x0631, 0x0631, 0x0631,  /* 0x8348 */
  0x0306, 0x0306, 0x0306, 0x0306, 0x0306, 0x0306, 0x0306, 0x0306,  /* 0x8350 */
  0x0312, 0x0312, 0x0312, 0x0312, 0x0312, 0x0312, 0x0312, 0x0312,  /* 0x8358 */
  0x030C, 0x030C, 0x030C, 0x030C, 0x030C, 0x030C, 0x030C, 0x030C,  /* 0x8360 */
  0x0318, 0x0318, 0x0318, 0x0318, 0x0318, 0x0318, 0x0318, 0x0318,  /* 0x8368 */
  0x0350, 0x0350, 0x0350, 0x0350, 0x0350, 0x0350, 0x0350, 0x0350,  /* 0x8370 */
  0x02FA, 0x0300, 0x03E1, 0x03E1, 0x03E1, 0x03E1, 0x03E1, 0x03E1,  /* 0x8378 */
  0x0632, 0x0632, 0x0632, 0x0632, 0x0632, 0x0632, 0x0632, 0x0632,  /* 0x8380 */
  0x0634, 0x0634, 0x0634, 0x0634, 0x0634, 0x0634, 0x0634, 0x0633,  /* 0x8388 */
  0x0308, 0x0308, 0x0308, 0x0308, 0x0308, 0x0308, 0x0308, 0x0308,  /* 0x8390 */
  0x0314, 0x0314, 0x0314, 0x0314, 0x0314, 0x0314, 0x0314, 0x0314,  /* 0x8398 */
  0x030E, 0x030E, 0x030E, 0x030E, 0x030E, 0x030E, 0x030E, 0x030E,  /* 0x83A0 */
  0x031A, 0x031A, 0x031A, 0x031A, 0x031A, 0x031A, 0x031A, 0x031A,  /* 0x83A8 */
  0x0356, 0x0356, 0x0356, 0x0356, 0x0356, 0x0356, 0x0356, 0x0356,  /* 0x83B0 */
  0x02FC, 0x0302, 0x03E1, 0x03E1, 0x03E1, 0x03E1, 0x03E1, 0x03E1,  /* 0x83B8 */
  0x04B4, 0x04B4, 0x04B4, 0x04B4, 0x04B4, 0x04B4, 0x04B4, 0x04B4,  /* 0x83C0 */
  0x03E1, 0x03E1, 0x03E1, 0x03E1, 0x03E1, 0x03E1, 0x03E1, 0x03E1,  /* 0x83C8 */
  0x04B5, 0x04B5, 0x04B5, 0x04B5, 0x04B5, 0x04B5, 0x04B5, 0x04B5,  /* 0x83D0 */
  0x04B7, 0x04B7, 0x04B7, 0x04B7, 0x04B7, 0x04B7, 0x04B7, 0x04B7,  /* 0x83D8 */
  0x04B6, 0x04B6, 0x04B6, 0x04B6, 0x04B6, 0x04B6, 0x04B6, 0x04B6,  /* 0x83E0 */
  0x04B8, 0x04B8, 0x04B8, 0x04B8, 0x04B8, 0x04B8, 0x04B8, 0x04B8,  /* 0x83E8 */
  0x04B9, 0x04B9, 0x04B9, 0x04B9, 0x04B9, 0x04B9, 0x04B9, 0x04B9,  /* 0x83F0 */
  0x04B9, 0x04B9, 0x04B9, 0x04B9, 0x04B3, 0x03E1, 0x03E1, 0x03E1,  /* 0x83F8 */
  0x02CE, 0x02CE, 0x02CE, 0x02CE, 0x02CE, 0x02CE, 0x02CE, 0x02CE,  /* 0x8400 */
  0x03E1, 0x03E1, 0x03E1, 0x03E1, 0x03E1, 0x03E1, 0x03E1, 0x03E1,  /* 0x8408 */
  0x02E0, 0x02E0, 0x02E0, 0x02E0, 0x02E0, 0x02E0, 0x02E0, 0x02E0,  /* 0x8410 */
  0x02EC, 0x02EC, 0x02EC, 0x02EC, 0x02EC, 0x02EC, 0x02EC, 0x02EC,  /* 0x8418 */
  0x02E6, 0x02E6, 0x02E6, 0x02E6, 0x02E6, 0x02E6, 0x02E6, 0x02E6,  /* 0x8420 */
  0x02F2, 0x02F2, 0x02F2, 0x02F2, 0x02F2, 0x02F2, 0x02F2, 0x02F2,  /* 0x8428 */
  0x035A, 0x035A, 0x035A, 0x035A, 0x035A, 0x035A, 0x035A, 0x035A,  /* 0x8430 */
  0x02D4, 0x02DA, 0x035A, 0x035A, 0x02C8, 0x03E1, 0x03E1, 0x03E1,  /* 0x8438 */
  0x02D0, 0x02D0, 0x02D0, 0x02D0, 0x02D0, 0x02D0, 0x02D0, 0x02D0,  /* 0x8440 */
  0x03E1, 0x03E1, 0x03E1, 0x03E1, 0x03E1, 0x03E1, 0x03E1, 0x03E1,  /* 0x8448 */
  0x02E2, 0x02E2, 0x02E2, 0x02E2, 0x02E2, 0x02E2, 0x02E2, 0x02E2,  /* 0x8450 */
  0x02EE, 0x02EE, 0x02EE, 0x02EE, 0x02EE, 0x02EE, 0x02EE, 0x02EE,  /* 0x8458 */
  0x02E8, 0x02E8, 0x02E8, 0x02E8, 0x02E8, 0x02E8, 0x02E8, 0x02E8,  /* 0x8460 */
  0x02F4, 0x02F4, 0x02F4, 0x02F4, 0x02F4, 0x02F4, 0x02F4, 0x02F4,  /* 0x8468 */
  0x035E, 0x035E, 0x035E, 0x035E, 0x035E, 0x035E, 0x035E, 0x035E,  /* 0x8470 */
  0x02D6, 0x02DC, 0x035E, 0x035E, 0x02CA, 0x03E1, 0x03E1, 0x03E1,  /* 0x8478 */
  0x02D2, 0x02D2, 0x02D2, 0x02D2, 0x02D2, 0x02D2, 0x02D2, 0x02D2,  /* 0x8480 */
  0x03E1, 0x03E1, 0x03E1, 0x03E1, 0x03E1, 0x03E1, 0x03E1, 0x03E1,  /* 0x8488 */
  0x02E4, 0x02E4, 0x02E4, 0x02E4, 0x02E4, 0x02E4, 0x02E4, 0x02E4,  /* 0x8490 */
  0x02F0, 0x02F0, 0x02F0, 0x02F0, 0x02F0, 0x02F0, 0x02F0, 0x02F0,  /* 0x8498 */
  0x02EA, 0x02EA, 0x02EA, 0x02EA, 0x02EA, 0x02EA, 0x02EA, 0x02EA,  /* 0x84A0 */
  0x02F6, 0x02F6, 0x02F6, 0x02F6, 0x02F6, 0x02F6, 0x02F6, 0x02F6,  /* 0x84A8 */
  0x0362, 0x0362, 0x0362, 0x0362, 0x0362, 0x0362, 0x0362, 0x0362,  /* 0x84B0 */
  0x02D8, 0x02DE, 0x0362, 0x0362, 0x02CC, 0x03E1, 0x03E1, 0x03E1,  /* 0x84B8 */
  0x04BA, 0x04BA, 0x04BA, 0x04BA, 0x04BA, 0x04BA, 0x04BA, 0x04BA,  /* 0x84C0 */
  0x03E1, 0x03E1, 0x03E1, 0x03E1, 0x03E1, 0x03E1, 0x03E1, 0x03E1,  /* 0x84C8 */
  0x04BC, 0x04BC, 0x04BC, 0x04BC, 0x04BC, 0x04BC, 0x04BC, 0x04BC,  /* 0x84D0 */
  0x04BC, 0x04BC, 0x04BC, 0x04BC, 0x04BC, 0x04BC, 0x04BC, 0x04BC,  /* 0x84D8 */
  0x04BC, 0x04BC, 0x04BC, 0x04BC, 0x04BC, 0x04BC, 0x04BC, 0x04BC,  /* 0x84E0 */
  0x04BC, 0x04BC, 0x04BC, 0x04BC, 0x04BC, 0x04BC, 0x04BC, 0x04BC,  /* 0x84E8 */
  0x04BC, 0x04BC, 0x04BC, 0x04BC, 0x04BC, 0x04BC, 0x04BC, 0x04BC,  /* 0x84F0 */
  0x04BC, 0x04BC, 0x04BC, 0x04BC, 0x04BB, 0x03E1, 0x03E1, 0x03E1,  /* 0x84F8 */
  0x067C, 0x067C, 0x067C, 0x067C, 0x067C, 0x067C, 0x067C, 0x067C,  /* 0x8500 */
  0x0681, 0x0681, 0x067E, 0x0681, 0x0681, 0x0681, 0x0681, 0x0680,  /* 0x8508 */
  0x0304, 0x0304, 0x0304, 0x0304, 0x0304, 0x0304, 0x0304, 0x0304,  /* 0x8510 */
  0x0310, 0x0310, 0x0310, 0x0310, 0x0310, 0x0310, 0x0310, 0x0310,  /* 0x8518 */
  0x030A, 0x030A, 0x030A, 0x030A, 0x030A, 0x030A, 0x030A, 0x030A,  /* 0x8520 */
  0x0316, 0x0316, 0x0316, 0x0316, 0x0316, 0x0316, 0x0316, 0x0316,  /* 0x8528 */
  0x034A, 0x034A, 0x034A, 0x034A, 0x034A, 0x034A, 0x034A, 0x034A,  /* 0x8530 */
  0x02F8, 0x02FE, 0x03E1, 0x03E1, 0x03E1, 0x03E1, 0x03E1, 0x03E1,  /* 0x8538 */
  0x062F, 0x062F, 0x062F, 0x062F, 0x062F, 0x062F, 0x062F, 0x062F,  /* 0x8540 */
  0x0631, 0x0631, 0x0631, 0x0631, 0x0631, 0x0631, 0x0631, 0x0631,  /* 0x8548 */
  0x0306, 0x0306, 0x0306, 0x0306, 0x0306, 0x0306, 0x0306, 0x0306,  /* 0x8550 */
  0x0312, 0x0312, 0x0312, 0x0312, 0x0312, 0x0312, 0x0312, 0x0312,  /* 0x8558 */
  0x030C, 0x030C, 0x030C, 0x030C, 0x030C, 0x030C, 0x030C, 0x030C,  /* 0x8560 */
  0x0318, 0x0318, 0x0318, 0x0318, 0x0318, 0x0318, 0x0318, 0x0318,  /* 0x8568 */
  0x0350, 0x0350, 0x0350, 0x0350, 0x0350, 0x0350, 0x0350, 0x0350,  /* 0x8570 */
  0x02FA, 0x0300, 0x03E1, 0x03E1, 0x03E1, 0x03E1, 0x03E1, 0x03E1,  /* 0x8578 */
  0x0632, 0x0632, 0x0632, 0x0632, 0x0632, 0x0632, 0x0632, 0x0632,  /* 0x8580 */
  0x0634, 0x0634, 0x0634, 0x0634, 0x0634, 0x0634, 0x0634, 0x0633,  /* 0x8588 */
  0x0308, 0x0308, 0x0308, 0x0308, 0x0308, 0x0308, 0x0308, 0x0308,  /* 0x8590 */
  0x0314, 0x0314, 0x0314, 0x0314, 0x0314, 0x0314, 0x0314, 0x0314,  /* 0x8598 */
  0x030E, 0x030E, 0x030E, 0x030E, 0x030E, 0x030E, 0x030E, 0x030E,  /* 0x85A0 */
  0x031A, 0x031A, 0x031A, 0x031A, 0x031A, 0x031A, 0x031A, 0x031A,  /* 0x85A8 */
  0x0356, 0x0356, 0x0356, 0x0356, 0x0356, 0x0356, 0x0356, 0x0356,  /* 0x85B0 */
  0x02FC, 0x0302, 0x03E1, 0x03E1, 0x03E1, 0x03E1, 0x03E1, 0x03E1,  /* 0x85B8 */
  0x04B4, 0x04B4, 0x04B4, 0x04B4, 0x04B4, 0x04B4, 0x04B4, 0x04B4,  /* 0x85C0 */
  0x03E1, 0x03E1, 0x03E1, 0x03E1, 0x03E1, 0x03E1, 0x03E1, 0x03E1,  /* 0x85C8 */
  0x04B5, 0x04B5, 0x04B5, 0x04B5, 0x04B5, 0x04B5, 0x04B5, 0x04B5,  /* 0x85D0 */
  0x04B7, 0x04B7, 0x04B7, 0x04B7, 0x04B7, 0x04B7, 0x04B7, 0x04B7,  /* 0x85D8 */
  0x04B6, 0x04B6, 0x04B6, 0x04B6, 0x04B6, 0x04B6, 0x04B6, 0x04B6,  /* 0x85E0 */
  0x04B8, 0x04B8, 0x04B8, 0x04B8, 0x04B8, 0x04B8, 0x04B8, 0x04B8,  /* 0x85E8 */
  0x04B9, 0x04B9, 0x04B9, 0x04B9, 0x04B9, 0x04B9, 0x04B9, 0x04B9,  /* 0x85F0 */
  0x04B9, 0x04B9, 0x04B9, 0x04B9, 0x04B3, 0x03E1, 0x03E1, 0x03E1,  /* 0x85F8 */
  0x02CE, 0x02CE, 0x02CE, 0x02CE, 0x02CE, 0x02CE, 0x02CE, 0x02CE,  /* 0x8600 */
  0x03E1, 0x03E1, 0x03E1, 0x03E1, 0x03E1, 0x03E1, 0x03E1, 0x03E1,  /* 0x8608 */
  0x02E0, 0x02E0, 0x02E0, 0x02E0, 0x02E0, 0x02E0, 0x02E0, 0x02E0,  /* 0x8610 */
  0x02EC, 0x02EC, 0x02EC, 0x02EC, 0x02EC, 0x02EC, 0x02EC, 0x02EC,  /* 0x8618 */
  0x02E6, 0x02E6, 0x02E6, 0x02E6, 0x02E6, 0x02E6, 0x02E6, 0x02E6,  /* 0x8620 */
  0x02F2, 0x02F2, 0x02F2, 0x02F2, 0x02F2, 0x02F2, 0x02F2, 0x02F2,  /* 0x8628 */
  0x035A, 0x035A, 0x035A, 0x035A, 0x035A, 0x035A, 0x035A, 0x035A,  /* 0x8630 */
  0x02D4, 0x02DA, 0x035A, 0x035A, 0x02C8, 0x03E1, 0x03E1, 0x03E1,  /* 0x8638 */
  0x02D0, 0x02D0, 0x02D0, 0x02D0, 0x02D0, 0x02D0, 0x02D0, 0x02D0,  /* 0x8640 */
  0x03E1, 0x03E1, 0x03E1, 0x03E1, 0x03E1, 0x03E1, 0x03E1, 0x03E1,  /* 0x8648 */
  0x02E2, 0x02E2, 0x02E2, 0x02E2, 0x02E2, 0x02E2, 0x02E2, 0x02E2,  /* 0x8650 */
  0x02EE, 0x02EE, 0x02EE, 0x02EE, 0x02EE, 0x02EE, 0x02EE, 0x02EE,  /* 0x8658 */
  0x02E8, 0x02E8, 0x02E8, 0x02E8, 0x02E8, 0x02E8, 0x02E8, 0x02E8,  /* 0x8660 */
  0x02F4, 0x02F4, 0x02F4, 0x02F4, 0x02F4, 0x02F4, 0x02F4, 0x02F4,  /* 0x8668 */
  0x035E, 0x035E, 0x035E, 0x035E, 0x035E, 0x035E, 0x035E, 0x035E,  /* 0x8670 */
  0x02D6, 0x02DC, 0x035E, 0x035E, 0x02CA, 0x03E1, 0x03E1, 0x03E1,  /* 0x8678 */
  0x02D2, 0x02D2, 0x02D2, 0x02D2, 0x02D2, 0x02D2, 0x02D2, 0x02D2,  /* 0x8680 */
  0x03E1, 0x03E1, 0x03E1, 0x03E1, 0x03E1, 0x03E1, 0x03E1, 0x03E1,  /* 0x8688 */
  0x02E4, 0x02E4, 0x02E4, 0x02E4, 0x02E4, 0x02E4, 0x02E4, 0x02E4,  /* 0x8690 */
  0x02F0, 0x02F0, 0x02F0, 0x02F0, 0x02F0, 0x02F0, 0x02F0, 0x02F0,  /* 0x8698 */
  0x02EA, 0x02EA, 0x02EA, 0x02EA, 0x02EA, 0x02EA, 0x02EA, 0x02EA,  /* 0x86A0 */
  0x02F6, 0x02F6, 0x02F6, 0x02F6, 0x02F6, 0x02F6, 0x02F6, 0x02F6,  /* 0x86A8 */
  0x0362, 0x0362, 0x0362, 0x0362, 0x0362, 0x0362, 0x0362, 0x0362,  /* 0x86B0 */
  0x02D8, 0x02DE, 0x0362, 0x0362, 0x02CC, 0x03E1, 0x03E1, 0x03E1,  /* 0x86B8 */
  0x04BA, 0x04BA, 0x04BA, 0x04BA, 0x04BA, 0x04BA, 0x04BA, 0x04BA,  /* 0x86C0 */
  0x03E1, 0x03E1, 0x03E1, 0x03E1, 0x03E1, 0x03E1, 0x03E1, 0x03E1,  /* 0x86C8 */
  0x04BC, 0x04BC, 0x04BC, 0x04BC, 0x04BC, 0x04BC, 0x04BC, 0x04BC,  /* 0x86D0 */
  0x04BC, 0x04BC, 0x04BC, 0x04BC, 0x04BC, 0x04BC, 0x04BC, 0x04BC,  /* 0x86D8 */
  0x04BC, 0x04BC, 0x04BC, 0x04BC, 0x04BC, 0x04BC, 0x04BC, 0x04BC,  /* 0x86E0 */
  0x04BC, 0x04BC, 0x04BC, 0x04BC, 0x04BC, 0x04BC, 0x04BC, 0x04BC,  /* 0x86E8 */
  0x04BC, 0x04BC, 0x04BC, 0x04BC, 0x04BC, 0x04BC, 0x04BC, 0x04BC,  /* 0x86F0 */
  0x04BC, 0x04BC, 0x04BC, 0x04BC, 0x04BB, 0x03E1, 0x03E1, 0x03E1,  /* 0x86F8 */
  0x067C, 0x067C, 0x067C, 0x067C, 0x067C, 0x067C, 0x067C, 0x067C,  /* 0x8700 */
  0x0681, 0x0681, 0x0681, 0x067E, 0x0681, 0x0681, 0x0681, 0x0680,  /* 0x8708 */
  0x0304, 0x0304, 0x0304, 0x0304, 0x0304, 0x0304, 0x0304, 0x0304,  /* 0x8710 */
  0x0310, 0x0310, 0x0310, 0x0310, 0x0310, 0x0310, 0x0310, 0x0310,  /* 0x8718 */
  0x030A, 0x030A, 0x030A, 0x030A, 0x030A, 0x030A, 0x030A, 0x030A,  /* 0x8720 */
  0x0316, 0x0316, 0x0316, 0x0316, 0x0316, 0x0316, 0x0316, 0x0316,  /* 0x8728 */
  0x034A, 0x034A, 0x034A, 0x034A, 0x034A, 0x034A, 0x034A, 0x034A,  /* 0x8730 */
  0x02F8, 0x02FE, 0x03E1, 0x03E1, 0x03E1, 0x03E1, 0x03E1, 0x03E1,  /* 0x8738 */
  0x062F, 0x062F, 0x062F, 0x062F, 0x062F, 0x062F, 0x062F, 0x062F,  /* 0x8740 */
  0x0631, 0x0631, 0x0631, 0x0631, 0x0631, 0x0631, 0x0631, 0x0631,  /* 0x8748 */
  0x0306, 0x0306, 0x0306, 0x0306, 0x0306, 0x0306, 0x0306, 0x0306,  /* 0x8750 */
  0x0312, 0x0312, 0x0312, 0x0312, 0x0312, 0x0312, 0x0312, 0x0312,  /* 0x8758 */
  0x030C, 0x030C, 0x030C, 0x030C, 0x030C, 0x030C, 0x030C, 0x030C,  /* 0x8760 */
  0x0318, 0x0318, 0x0318, 0x0318, 0x0318, 0x0318, 0x0318, 0x0318,  /* 0x8768 */
  0x0350, 0x0350, 0x0350, 0x0350, 0x0350, 0x0350, 0x0350, 0x0350,  /* 0x8770 */
  0x02FA, 0x0300, 0x03E1, 0x03E1, 0x03E1, 0x03E1, 0x03E1, 0x03E1,  /* 0x8778 */
  0x0632, 0x0632, 0x0632, 0x0632, 0x0632, 0x0632, 0x0632, 0x0632,  /* 0x8780 */
  0x0634, 0x0634, 0x0634, 0x0634, 0x0634, 0x0634, 0x0634, 0x0633,  /* 0x8788 */
  0x0308, 0x0308, 0x0308, 0x0308, 0x0308, 0x0308, 0x0308, 0x0308,  /* 0x8790 */
  0x0314, 0x0314, 0x0314, 0x0314, 0x0314, 0x0314, 0x0314, 0x0314,  /* 0x8798 */
  0x030E, 0x030E, 0x030E, 0x030E, 0x030E, 0x030E, 0x030E, 0x030E,  /* 0x87A0 */
  0x031A, 0x031A, 0x031A, 0x031A, 0x031A, 0x031A, 0x031A, 0x031A,  /* 0x87A8 */
  0x0356, 0x0356, 0x0356, 0x0356, 0x0356, 0x0356, 0x0356, 0x0356,  /* 0x87B0 */
  0x02FC, 0x0302, 0x03E1, 0x03E1, 0x03E1, 0x03E1, 0x03E1, 0x03E1,  /* 0x87B8 */
  0x04B4, 0x04B4, 0x04B4, 0x04B4, 0x04B4, 0x04B4, 0x04B4, 0x04B4,  /* 0x87C0 */
  0x03E1, 0x03E1, 0x03E1, 0x03E1, 0x03E1, 0x03E1, 0x03E1, 0x03E1,  /* 0x87C8 */
  0x04B5, 0x04B5, 0x04B5, 0x04B5, 0x04B5, 0x04B5, 0x04B5, 0x04B5,  /* 0x87D0 */
  0x04B7, 0x04B7, 0x04B7, 0x04B7, 0x04B7, 0x04B7, 0x04B7, 0x04B7,  /* 0x87D8 */
  0x04B6, 0x04B6, 0x04B6, 0x04B6, 0x04B6, 0x04B6, 0x04B6, 0x04B6,  /* 0x87E0 */
  0x04B8, 0x04B8, 0x04B8, 0x04B8, 0x04B8, 0x04B8, 0x04B8, 0x04B8,  /* 0x87E8 */
  0x04B9, 0x04B9, 0x04B9, 0x04B9, 0x04B9, 0x04B9, 0x04B9, 0x04B9,  /* 0x87F0 */
  0x04B9, 0x04B9, 0x04B9, 0x04B9, 0x04B3, 0x03E1, 0x03E1, 0x03E1,  /* 0x87F8 */
  0x02CE, 0x02CE, 0x02CE, 0x02CE, 0x02CE, 0x02CE, 0x02CE, 0x02CE,  /* 0x8800 */
  0x03E1, 0x03E1, 0x03E1, 0x03E1, 0x03E1, 0x03E1, 0x03E1, 0x03E1,  /* 0x8808 */
  0x02E0, 0x02E0, 0x02E0, 0x02E0, 0x02E0, 0x02E0, 0x02E0, 0x02E0,  /* 0x8810 */
  0x02EC, 0x02EC, 0x02EC, 0x02EC, 0x02EC, 0x02EC, 0x02EC, 0x02EC,  /* 0x8818 */
  0x02E6, 0x02E6, 0x02E6, 0x02E6, 0x02E6, 0x02E6, 0x02E6, 0x02E6,  /* 0x8820 */
  0x02F2, 0x02F2, 0x02F2, 0x02F2, 0x02F2, 0x02F2, 0x02F2, 0x02F2,  /* 0x8828 */
  0x035A, 0x035A, 0x035A, 0x035A, 0x035A, 0x035A, 0x035A, 0x035A,  /* 0x8830 */
  0x02D4, 0x02DA, 0x035A, 0x035A, 0x02C8, 0x03E1, 0x03E1, 0x03E1,  /* 0x8838 */
  0x02D0, 0x02D0, 0x02D0, 0x02D0, 0x02D0, 0x02D0, 0x02D0, 0x02D0,  /* 0x8840 */
  0x03E1, 0x03E1, 0x03E1, 0x03E1, 0x03E1, 0x03E1, 0x03E1, 0x03E1,  /* 0x8848 */
  0x02E2, 0x02E2, 0x02E2, 0x02E2, 0x02E2, 0x02E2, 0x02E2, 0x02E2,  /* 0x8850 */
  0x02EE, 0x02EE, 0x02EE, 0x02EE, 0x02EE, 0x02EE, 0x02EE, 0x02EE,  /* 0x8858 */
  0x02E8, 0x02E8, 0x02E8, 0x02E8, 0x02E8, 0x02E8, 0x02E8, 0x02E8,  /* 0x8860 */
  0x02F4, 0x02F4, 0x02F4, 0x02F4, 0x02F4, 0x02F4, 0x02F4, 0x02F4,  /* 0x8868 */
  0x035E, 0x035E, 0x035E, 0x035E, 0x035E, 0x035E, 0x035E, 0x035E,  /* 0x8870 */
  0x02D6, 0x02DC, 0x035E, 0x035E, 0x02CA, 0x03E1, 0x03E1, 0x03E1,  /* 0x8878 */
  0x02D2, 0x02D2, 0x02D2, 0x02D2, 0x02D2, 0x02D2, 0x02D2, 0x02D2,  /* 0x8880 */
  0x03E1, 0x03E1, 0x03E1, 0x03E1, 0x03E1, 0x03E1, 0x03E1, 0x03E1,  /* 0x8888 */
  0x02E4, 0x02E4, 0x02E4, 0x02E4, 0x02E4, 0x02E4, 0x02E4, 0x02E4,  /* 0x8890 */
  0x02F0, 0x02F0, 0x02F0, 0x02F0, 0x02F0, 0x02F0, 0x02F0, 0x02F0,  /* 0x8898 */
  0x02EA, 0x02EA, 0x02EA, 0x02EA, 0x02EA, 0x02EA, 0x02EA, 0x02EA,  /* 0x88A0 */
  0x02F6, 0x02F6, 0x02F6, 0x02F6, 0x02F6, 0x02F6, 0x02F6, 0x02F6,  /* 0x88A8 */
  0x0362, 0x0362, 0x0362, 0x0362, 0x0362, 0x0362, 0x0362, 0x0362,  /* 0x88B0 */
  0x02D8, 0x02DE, 0x0362, 0x0362, 0x02CC, 0x03E1, 0x03E1, 0x03E1,  /* 0x88B8 */
  0x04BA, 0x04BA, 0x04BA, 0x04BA, 0x04BA, 0x04BA, 0x04BA, 0x04BA,  /* 0x88C0 */
  0x03E1, 0x03E1, 0x03E1, 0x03E1, 0x03E1, 0x03E1, 0x03E1, 0x03E1,  /* 0x88C8 */
  0x04BC, 0x04BC, 0x04BC, 0x04BC, 0x04BC, 0x04BC, 0x04BC, 0x04BC,  /* 0x88D0 */
  0x04BC, 0x04BC, 0x04BC, 0x04BC, 0x04BC, 0x04BC, 0x04BC, 0x04BC,  /* 0x88D8 */
  0x04BC, 0x04BC, 0x04BC, 0x04BC, 0x04BC, 0x04BC, 0x04BC, 0x04BC,  /* 0x88E0 */
  0x04BC, 0x04BC, 0x04BC, 0x04BC, 0x04BC, 0x04BC, 0x04BC, 0x04BC,  /* 0x88E8 */
  0x04BC, 0x04BC, 0x04BC, 0x04BC, 0x04BC, 0x04BC, 0x04BC, 0x04BC,  /* 0x88F0 */
  0x04BC, 0x04BC, 0x04BC, 0x04BC, 0x04BB, 0x03E1, 0x03E1, 0x03E1,  /* 0x88F8 */
  0x067C, 0x067C, 0x067C, 0x067C, 0x067C, 0x067C, 0x067C, 0x067C,  /* 0x8900 */
  0x0681, 0x0681, 0x0681, 0x0681, 0x067E, 0x0681, 0x0681, 0x0680,  /* 0x8908 */
  0x0304, 0x0304, 0x0304, 0x0304, 0x0304, 0x0304, 0x0304, 0x0304,  /* 0x8910 */
  0x0310, 0x0310, 0x0310, 0x0310, 0x0310, 0x0310, 0x0310, 0x0310,  /* 0x8918 */
  0x030A, 0x030A, 0x030A, 0x030A, 0x030A, 0x030A, 0x030A, 0x030A,  /* 0x8920 */
  0x0316, 0x0316, 0x0316, 0x0316, 0x0316, 0x0316, 0x0316, 0x0316,  /* 0x8928 */
  0x034A, 0x034A, 0x034A, 0x034A, 0x034A, 0x034A, 0x034A, 0x034A,  /* 0x8930 */
  0x02F8, 0x02FE, 0x03E1, 0x03E1, 0x03E1, 0x03E1, 0x03E1, 0x03E1,  /* 0x8938 */
  0x062F, 0x062F, 0x062F, 0x062F, 0x062F, 0x062F, 0x062F, 0x062F,  /* 0x8940 */
  0x0631, 0x0631, 0x0631, 0x0631, 0x0631, 0x0631, 0x0631, 0x0631,  /* 0x8948 */
  0x0306, 0x0306, 0x0306, 0x0306, 0x0306, 0x0306, 0x0306, 0x0306,  /* 0x8950 */
  0x0312, 0x0312, 0x0312, 0x0312, 0x0312, 0x0312, 0x0312, 0x0312,  /* 0x8958 */
  0x030C, 0x030C, 0x030C, 0x030C, 0x030C, 0x030C, 0x030C, 0x030C,  /* 0x8960 */
  0x0318, 0x0318, 0x0318, 0x0318, 0x0318, 0x0318, 0x0318, 0x0318,  /* 0x8968 */
  0x0350, 0x0350, 0x0350, 0x0350, 0x0350, 0x0350, 0x0350, 0x0350,  /* 0x8970 */
  0x02FA, 0x0300, 0x03E1, 0x03E1, 0x03E1, 0x03E1, 0x03E1, 0x03E1,  /* 0x8978 */
  0x0632, 0x0632, 0x0632, 0x0632, 0x0632, 0x0632, 0x0632, 0x0632,  /* 0x8980 */
  0x0634, 0x0634, 0x0634, 0x0634, 0x0634, 0x0634, 0x0634, 0x0633,  /* 0x8988 */
  0x0308, 0x0308, 0x0308, 0x0308, 0x0308, 0x0308, 0x0308, 0x0308,  /* 0x8990 */
  0x0314, 0x0314, 0x0314, 0x0314, 0x0314, 0x0314, 0x0314, 0x0314,  /* 0x8998 */
  0x030E, 0x030E, 0x030E, 0x030E, 0x030E, 0x030E, 0x030E, 0x030E,  /* 0x89A0 */
  0x031A, 0x031A, 0x031A, 0x031A, 0x031A, 0x031A, 0x031A, 0x031A,  /* 0x89A8 */
  0x0356, 0x0356, 0x0356, 0x0356, 0x0356, 0x0356, 0x0356, 0x0356,  /* 0x89B0 */
  0x02FC, 0x0302, 0x03E1, 0x03E1, 0x03E1, 0x03E1, 0x03E1, 0x03E1,  /* 0x89B8 */
  0x04B4, 0x04B4, 0x04B4, 0x04B4, 0x04B4, 0x04B4, 0x04B4, 0x04B4,  /* 0x89C0 */
  0x03E1, 0x03E1, 0x03E1, 0x03E1, 0x03E1, 0x03E1, 0x03E1, 0x03E1,  /* 0x89C8 */
  0x04B5, 0x04B5, 0x04B5, 0x04B5, 0x04B5, 0x04B5, 0x04B5, 0x04B5,  /* 0x89D0 */
  0x04B7, 0x04B7, 0x04B7, 0x04B7, 0x04B7, 0x04B7, 0x04B7, 0x04B7,  /* 0x89D8 */
  0x04B6, 0x04B6, 0x04B6, 0x04B6, 0x04B6, 0x04B6, 0x04B6, 0x04B6,  /* 0x89E0 */
  0x04B8, 0x04B8, 0x04B8, 0x04B8, 0x04B8, 0x04B8, 0x04B8, 0x04B8,  /* 0x89E8 */
  0x04B9, 0x04B9, 0x04B9, 0x04B9, 0x04B9, 0x04B9, 0x04B9, 0x04B9,  /* 0x89F0 */
  0x04B9, 0x04B9, 0x04B9, 0x04B9, 0x04B3, 0x03E1, 0x03E1, 0x03E1,  /* 0x89F8 */
  0x02CE, 0x02CE, 0x02CE, 0x02CE, 0x02CE, 0x02CE, 0x02CE, 0x02CE,  /* 0x8A00 */
  0x03E1, 0x03E1, 0x03E1, 0x03E1, 0x03E1, 0x03E1, 0x03E1, 0x03E1,  /* 0x8A08 */
  0x02E0, 0x02E0, 0x02E0, 0x02E0, 0x02E0, 0x02E0, 0x02E0, 0x02E0,  /* 0x8A10 */
  0x02EC, 0x02EC, 0x02EC, 0x02EC, 0x02EC, 0x02EC, 0x02EC, 0x02EC,  /* 0x8A18 */
  0x02E6, 0x02E6, 0x02E6, 0x02E6, 0x02E6, 0x02E6, 0x02E6, 0x02E6,  /* 0x8A20 */
  0x02F2, 0x02F2, 0x02F2, 0x02F2, 0x02F2, 0x02F2, 0x02F2, 0x02F2,  /* 0x8A28 */
  0x035A, 0x035A, 0x035A, 0x035A, 0x035A, 0x035A, 0x035A, 0x035A,  /* 0x8A30 */
  0x02D4, 0x02DA, 0x035A, 0x035A, 0x02C8, 0x03E1, 0x03E1, 0x03E1,  /* 0x8A38 */
  0x02D0, 0x02D0, 0x02D0, 0x02D0, 0x02D0, 0x02D0, 0x02D0, 0x02D0,  /* 0x8A40 */
  0x03E1, 0x03E1, 0x03E1, 0x03E1, 0x03E1, 0x03E1, 0x03E1, 0x03E1,  /* 0x8A48 */
  0x02E2, 0x02E2, 0x02E2, 0x02E2, 0x02E2, 0x02E2, 0x02E2, 0x02E2,  /* 0x8A50 */
  0x02EE, 0x02EE, 0x02EE, 0x02EE, 0x02EE, 0x02EE, 0x02EE, 0x02EE,  /* 0x8A58 */
  0x02E8, 0x02E8, 0x02E8, 0x02E8, 0x02E8, 0x02E8, 0x02E8, 0x02E8,  /* 0x8A60 */
  0x02F4, 0x02F4, 0x02F4, 0x02F4, 0x02F4, 0x02F4, 0x02F4, 0x02F4,  /* 0x8A68 */
  0x035E, 0x035E, 0x035E, 0x035E, 0x035E, 0x035E, 0x035E, 0x035E,  /* 0x8A70 */
  0x02D6, 0x02DC, 0x035E, 0x035E, 0x02CA, 0x03E1, 0x03E1, 0x03E1,  /* 0x8A78 */
  0x02D2, 0x02D2, 0x02D2, 0x02D2, 0x02D2, 0x02D2, 0x02D2, 0x02D2,  /* 0x8A80 */
  0x03E1, 0x03E1, 0x03E1, 0x03E1, 0x03E1, 0x03E1, 0x03E1, 0x03E1,  /* 0x8A88 */
  0x02E4, 0x02E4, 0x02E4, 0x02E4, 0x02E4, 0x02E4, 0x02E4, 0x02E4,  /* 0x8A90 */
  0x02F0, 0x02F0, 0x02F0, 0x02F0, 0x02F0, 0x02F0, 0x02F0, 0x02F0,  /* 0x8A98 */
  0x02EA, 0x02EA, 0x02EA, 0x02EA, 0x02EA, 0x02EA, 0x02EA, 0x02EA,  /* 0x8AA0 */
  0x02F6, 0x02F6, 0x02F6, 0x02F6, 0x02F6, 0x02F6, 0x02F6, 0x02F6,  /* 0x8AA8 */
  0x0362, 0x0362, 0x0362, 0x0362, 0x0362, 0x0362, 0x0362, 0x0362,  /* 0x8AB0 */
  0x02D8, 0x02DE, 0x0362, 0x0362, 0x02CC, 0x03E1, 0x03E1, 0x03E1,  /* 0x8AB8 */
  0x04BA, 0x04BA, 0x04BA, 0x04BA, 0x04BA, 0x04BA, 0x04BA, 0x04BA,  /* 0x8AC0 */
  0x03E1, 0x03E1, 0x03E1, 0x03E1, 0x03E1, 0x03E1, 0x03E1, 0x03E1,  /* 0x8AC8 */
  0x04BC, 0x04BC, 0x04BC, 0x04BC, 0x04BC, 0x04BC, 0x04BC, 0x04BC,  /* 0x8AD0 */
  0x04BC, 0x04BC, 0x04BC, 0x04BC, 0x04BC, 0x04BC, 0x04BC, 0x04BC,  /* 0x8AD8 */
  0x04BC, 0x04BC, 0x04BC, 0x04BC, 0x04BC, 0x04BC, 0x04BC, 0x04BC,  /* 0x8AE0 */
  0x04BC, 0x04BC, 0x04BC, 0x04BC, 0x04BC, 0x04BC, 0x04BC, 0x04BC,  /* 0x8AE8 */
  0x04BC, 0x04BC, 0x04BC, 0x04BC, 0x04BC, 0x04BC, 0x04BC, 0x04BC,  /* 0x8AF0 */
  0x04BC, 0x04BC, 0x04BC, 0x04BC, 0x04BB, 0x03E1, 0x03E1, 0x03E1,  /* 0x8AF8 */
  0x067C, 0x067C, 0x067C, 0x067C, 0x067C, 0x067C, 0x067C, 0x067C,  /* 0x8B00 */
  0x0681, 0x0681, 0x0681, 0x0681, 0x0681, 0x067E, 0x0681, 0x0680,  /* 0x8B08 */
  0x0304, 0x0304, 0x0304, 0x0304, 0x0304, 0x0304, 0x0304, 0x0304,  /* 0x8B10 */
  0x0310, 0x0310, 0x0310, 0x0310, 0x0310, 0x0310, 0x0310, 0x0310,  /* 0x8B18 */
  0x030A, 0x030A, 0x030A, 0x030A, 0x030A, 0x030A, 0x030A, 0x030A,  /* 0x8B20 */
  0x0316, 0x0316, 0x0316, 0x0316, 0x0316, 0x0316, 0x0316, 0x0316,  /* 0x8B28 */
  0x034A, 0x034A, 0x034A, 0x034A, 0x034A, 0x034A, 0x034A, 0x034A,  /* 0x8B30 */
  0x02F8, 0x02FE, 0x03E1, 0x03E1, 0x03E1, 0x03E1, 0x03E1, 0x03E1,  /* 0x8B38 */
  0x062F, 0x062F, 0x062F, 0x062F, 0x062F, 0x062F, 0x062F, 0x062F,  /* 0x8B40 */
  0x0631, 0x0631, 0x0631, 0x0631, 0x0631, 0x0631, 0x0631, 0x0631,  /* 0x8B48 */
  0x0306, 0x0306, 0x0306, 0x0306, 0x0306, 0x0306, 0x0306, 0x0306,  /* 0x8B50 */
  0x0312, 0x0312, 0x0312, 0x0312, 0x0312, 0x0312, 0x0312, 0x0312,  /* 0x8B58 */
  0x030C, 0x030C, 0x030C, 0x030C, 0x030C, 0x030C, 0x030C, 0x030C,  /* 0x8B60 */
  0x0318, 0x0318, 0x0318, 0x0318, 0x0318, 0x0318, 0x0318, 0x0318,  /* 0x8B68 */
  0x0350, 0x0350, 0x0350, 0x0350, 0x0350, 0x0350, 0x0350, 0x0350,  /* 0x8B70 */
  0x02FA, 0x0300, 0x03E1, 0x03E1, 0x03E1, 0x03E1, 0x03E1, 0x03E1,  /* 0x8B78 */
  0x0632, 0x0632, 0x0632, 0x0632, 0x0632, 0x0632, 0x0632, 0x0632,  /* 0x8B80 */
  0x0634, 0x0634, 0x0634, 0x0634, 0x0634, 0x0634, 0x0634, 0x0633,  /* 0x8B88 */
  0x0308, 0x0308, 0x0308, 0x0308, 0x0308, 0x0308, 0x0308, 0x0308,  /* 0x8B90 */
  0x0314, 0x0314, 0x0314, 0x0314, 0x0314, 0x0314, 0x0314, 0x0314,  /* 0x8B98 */
  0x030E, 0x030E, 0x030E, 0x030E, 0x030E, 0x030E, 0x030E, 0x030E,  /* 0x8BA0 */
  0x031A, 0x031A, 0x031A, 0x031A, 0x031A, 0x031A, 0x031A, 0x031A,  /* 0x8BA8 */
  0x0356, 0x0356, 0x0356, 0x0356, 0x0356, 0x0356, 0x0356, 0x0356,  /* 0x8BB0 */
  0x02FC, 0x0302, 0x03E1, 0x03E1, 0x03E1, 0x03E1, 0x03E1, 0x03E1,  /* 0x8BB8 */
  0x04B4, 0x04B4, 0x04B4, 0x04B4, 0x04B4, 0x04B4, 0x04B4, 0x04B4,  /* 0x8BC0 */
  0x03E1, 0x03E1, 0x03E1, 0x03E1, 0x03E1, 0x03E1, 0x03E1, 0x03E1,  /* 0x8BC8 */
  0x04B5, 0x04B5, 0x04B5, 0x04B5, 0x04B5, 0x04B5, 0x04B5, 0x04B5,  /* 0x8BD0 */
  0x04B7, 0x04B7, 0x04B7, 0x04B7, 0x04B7, 0x04B7, 0x04B7, 0x04B7,  /* 0x8BD8 */
  0x04B6, 0x04B6, 0x04B6, 0x04B6, 0x04B6, 0x04B6, 0x04B6, 0x04B6,  /* 0x8BE0 */
  0x04B8, 0x04B8, 0x04B8, 0x04B8, 0x04B8, 0x04B8, 0x04B8, 0x04B8,  /* 0x8BE8 */
  0x04B9, 0x04B9, 0x04B9, 0x04B9, 0x04B9, 0x04B9, 0x04B9, 0x04B9,  /* 0x8BF0 */
  0x04B9, 0x04B9, 0x04B9, 0x04B9, 0x04B3, 0x03E1, 0x03E1, 0x03E1,  /* 0x8BF8 */
  0x02CE, 0x02CE, 0x02CE, 0x02CE, 0x02CE, 0x02CE, 0x02CE, 0x02CE,  /* 0x8C00 */
  0x03E1, 0x03E1, 0x03E1, 0x03E1, 0x03E1, 0x03E1, 0x03E1, 0x03E1,  /* 0x8C08 */
  0x02E0, 0x02E0, 0x02E0, 0x02E0, 0x02E0, 0x02E0, 0x02E0, 0x02E0,  /* 0x8C10 */
  0x02EC, 0x02EC, 0x02EC, 0x02EC, 0x02EC, 0x02EC, 0x02EC, 0x02EC,  /* 0x8C18 */
  0x02E6, 0x02E6, 0x02E6, 0x02E6, 0x02E6, 0x02E6, 0x02E6, 0x02E6,  /* 0x8C20 */
  0x02F2, 0x02F2, 0x02F2, 0x02F2, 0x02F2, 0x02F2, 0x02F2, 0x02F2,  /* 0x8C28 */
  0x035A, 0x035A, 0x035A, 0x035A, 0x035A, 0x035A, 0x035A, 0x035A,  /* 0x8C30 */
  0x02D4, 0x02DA, 0x035A, 0x035A, 0x02C8, 0x03E1, 0x03E1, 0x03E1,  /* 0x8C38 */
  0x02D0, 0x02D0, 0x02D0, 0x02D0, 0x02D0, 0x02D0, 0x02D0, 0x02D0,  /* 0x8C40 */
  0x03E1, 0x03E1, 0x03E1, 0x03E1, 0x03E1, 0x03E1, 0x03E1, 0x03E1,  /* 0x8C48 */
  0x02E2, 0x02E2, 0x02E2, 0x02E2, 0x02E2, 0x02E2, 0x02E2, 0x02E2,  /* 0x8C50 */
  0x02EE, 0x02EE, 0x02EE, 0x02EE, 0x02EE, 0x02EE, 0x02EE, 0x02EE,  /* 0x8C58 */
  0x02E8, 0x02E8, 0x02E8, 0x02E8, 0x02E8, 0x02E8, 0x02E8, 0x02E8,  /* 0x8C60 */
  0x02F4, 0x02F4, 0x02F4, 0x02F4, 0x02F4, 0x02F4, 0x02F4, 0x02F4,  /* 0x8C68 */
  0x035E, 0x035E, 0x035E, 0x035E, 0x035E, 0x035E, 0x035E, 0x035E,  /* 0x8C70 */
  0x02D6, 0x02DC, 0x035E, 0x035E, 0x02CA, 0x03E1, 0x03E1, 0x03E1,  /* 0x8C78 */
  0x02D2, 0x02D2, 0x02D2, 0x02D2, 0x02D2, 0x02D2, 0x02D2, 0x02D2,  /* 0x8C80 */
  0x03E1, 0x03E1, 0x03E1, 0x03E1, 0x03E1, 0x03E1, 0x03E1, 0x03E1,  /* 0x8C88 */
  0x02E4, 0x02E4, 0x02E4, 0x02E4, 0x02E4, 0x02E4, 0x02E4, 0x02E4,  /* 0x8C90 */
  0x02F0, 0x02F0, 0x02F0, 0x02F0, 0x02F0, 0x02F0, 0x02F0, 0x02F0,  /* 0x8C98 */
  0x02EA, 0x02EA, 0x02EA, 0x02EA, 0x02EA, 0x02EA, 0x02EA, 0x02EA,  /* 0x8CA0 */
  0x02F6, 0x02F6, 0x02F6, 0x02F6, 0x02F6, 0x02F6, 0x02F6, 0x02F6,  /* 0x8CA8 */
  0x0362, 0x0362, 0x0362, 0x0362, 0x0362, 0x0362, 0x0362, 0x0362,  /* 0x8CB0 */
  0x02D8, 0x02DE, 0x0362, 0x0362, 0x02CC, 0x03E1, 0x03E1, 0x03E1,  /* 0x8CB8 */
  0x04BA, 0x04BA, 0x04BA, 0x04BA, 0x04BA, 0x04BA, 0x04BA, 0x04BA,  /* 0x8CC0 */
  0x03E1, 0x03E1, 0x03E1, 0x03E1, 0x03E1, 0x03E1, 0x03E1, 0x03E1,  /* 0x8CC8 */
  0x04BC, 0x04BC, 0x04BC, 0x04BC, 0x04BC, 0x04BC, 0x04BC, 0x04BC,  /* 0x8CD0 */
  0x04BC, 0x04BC, 0x04BC, 0x04BC, 0x04BC, 0x04BC, 0x04BC, 0x04BC,  /* 0x8CD8 */
  0x04BC, 0x04BC, 0x04BC, 0x04BC, 0x04BC, 0x04BC, 0x04BC, 0x04BC,  /* 0x8CE0 */
  0x04BC, 0x04BC, 0x04BC, 0x04BC, 0x04BC, 0x04BC, 0x04BC, 0x04BC,  /* 0x8CE8 */
  0x04BC, 0x04BC, 0x04BC, 0x04BC, 0x04BC, 0x04BC, 0x04BC, 0x04BC,  /* 0x8CF0 */
  0x04BC, 0x04BC, 0x04BC, 0x04BC, 0x04BB, 0x03E1, 0x03E1, 0x03E1,  /* 0x8CF8 */
  0x067C, 0x067C, 0x067C, 0x067C, 0x067C, 0x067C, 0x067C, 0x067C,  /* 0x8D00 */
  0x0681, 0x0681, 0x0681, 0x0681, 0x0681, 0x0681, 0x067E, 0x0680,  /* 0x8D08 */
  0x0304, 0x0304, 0x0304, 0x0304, 0x0304, 0x0304, 0x0304, 0x0304,  /* 0x8D10 */
  0x0310, 0x0310, 0x0310, 0x0310, 0x0310, 0x0310, 0x0310, 0x0310,  /* 0x8D18 */
  0x030A, 0x030A, 0x030A, 0x030A, 0x030A, 0x030A, 0x030A, 0x030A,  /* 0x8D20 */
  0x0316, 0x0316, 0x0316, 0x0316, 0x0316, 0x0316, 0x0316, 0x0316,  /* 0x8D28 */
  0x034A, 0x034A, 0x034A, 0x034A, 0x034A, 0x034A, 0x034A, 0x034A,  /* 0x8D30 */
  0x02F8, 0x02FE, 0x03E1, 0x03E1, 0x03E1, 0x03E1, 0x03E1, 0x03E1,  /* 0x8D38 */
  0x062F, 0x062F, 0x062F, 0x062F, 0x062F, 0x062F, 0x062F, 0x062F,  /* 0x8D40 */
  0x0631, 0x0631, 0x0631, 0x0631, 0x0631, 0x0631, 0x0631, 0x0631,  /* 0x8D48 */
  0x0306, 0x0306, 0x0306, 0x0306, 0x0306, 0x0306, 0x0306, 0x0306,  /* 0x8D50 */
  0x0312, 0x0312, 0x0312, 0x0312, 0x0312, 0x0312, 0x0312, 0x0312,  /* 0x8D58 */
  0x030C, 0x030C, 0x030C, 0x030C, 0x030C, 0x030C, 0x030C, 0x030C,  /* 0x8D60 */
  0x0318, 0x0318, 0x0318, 0x0318, 0x0318, 0x0318, 0x0318, 0x0318,  /* 0x8D68 */
  0x0350, 0x0350, 0x0350, 0x0350, 0x0350, 0x0350, 0x0350, 0x0350,  /* 0x8D70 */
  0x02FA, 0x0300, 0x03E1, 0x03E1, 0x03E1, 0x03E1, 0x03E1, 0x03E1,  /* 0x8D78 */
  0x0632, 0x0632, 0x0632, 0x0632, 0x0632, 0x0632, 0x0632, 0x0632,  /* 0x8D80 */
  0x0634, 0x0634, 0x0634, 0x0634, 0x0634, 0x0634, 0x0634, 0x0633,  /* 0x8D88 */
  0x0308, 0x0308, 0x0308, 0x0308, 0x0308, 0x0308, 0x0308, 0x0308,  /* 0x8D90 */
  0x0314, 0x0314, 0x0314, 0x0314, 0x0314, 0x0314, 0x0314, 0x0314,  /* 0x8D98 */
  0x030E, 0x030E, 0x030E, 0x030E, 0x030E, 0x030E, 0x030E, 0x030E,  /* 0x8DA0 */
  0x031A, 0x031A, 0x031A, 0x031A, 0x031A, 0x031A, 0x031A, 0x031A,  /* 0x8DA8 */
  0x0356, 0x0356, 0x0356, 0x0356, 0x0356, 0x0356, 0x0356, 0x0356,  /* 0x8DB0 */
  0x02FC, 0x0302, 0x03E1, 0x03E1, 0x03E1, 0x03E1, 0x03E1, 0x03E1,  /* 0x8DB8 */
  0x04B4, 0x04B4, 0x04B4, 0x04B4, 0x04B4, 0x04B4, 0x04B4, 0x04B4,  /* 0x8DC0 */
  0x03E1, 0x03E1, 0x03E1, 0x03E1, 0x03E1, 0x03E1, 0x03E1, 0x03E1,  /* 0x8DC8 */
  0x04B5, 0x04B5, 0x04B5, 0x04B5, 0x04B5, 0x04B5, 0x04B5, 0x04B5,  /* 0x8DD0 */
  0x04B7, 0x04B7, 0x04B7, 0x04B7, 0x04B7, 0x04B7, 0x04B7, 0x04B7,  /* 0x8DD8 */
  0x04B6, 0x04B6, 0x04B6, 0x04B6, 0x04B6, 0x04B6, 0x04B6, 0x04B6,  /* 0x8DE0 */
  0x04B8, 0x04B8, 0x04B8, 0x04B8, 0x04B8, 0x04B8, 0x04B8, 0x04B8,  /* 0x8DE8 */
  0x04B9, 0x04B9, 0x04B9, 0x04B9, 0x04B9, 0x04B9, 0x04B9, 0x04B9,  /* 0x8DF0 */
  0x04B9, 0x04B9, 0x04B9, 0x04B9, 0x04B3, 0x03E1, 0x03E1, 0x03E1,  /* 0x8DF8 */
  0x02CE, 0x02CE, 0x02CE, 0x02CE, 0x02CE, 0x02CE, 0x02CE, 0x02CE,  /* 0x8E00 */
  0x03E1, 0x03E1, 0x03E1, 0x03E1, 0x03E1, 0x03E1, 0x03E1, 0x03E1,  /* 0x8E08 */
  0x02E0, 0x02E0, 0x02E0, 0x02E0, 0x02E0, 0x02E0, 0x02E0, 0x02E0,  /* 0x8E10 */
  0x02EC, 0x02EC, 0x02EC, 0x02EC, 0x02EC, 0x02EC, 0x02EC, 0x02EC,  /* 0x8E18 */
  0x02E6, 0x02E6, 0x02E6, 0x02E6, 0x02E6, 0x02E6, 0x02E6, 0x02E6,  /* 0x8E20 */
  0x02F2, 0x02F2, 0x02F2, 0x02F2, 0x02F2, 0x02F2, 0x02F2, 0x02F2,  /* 0x8E28 */
  0x035A, 0x035A, 0x035A, 0x035A, 0x035A, 0x035A, 0x035A, 0x035A,  /* 0x8E30 */
  0x02D4, 0x02DA, 0x035A, 0x035A, 0x02C8, 0x03E1, 0x03E1, 0x03E1,  /* 0x8E38 */
  0x02D0, 0x02D0, 0x02D0, 0x02D0, 0x02D0, 0x02D0, 0x02D0, 0x02D0,  /* 0x8E40 */
  0x03E1, 0x03E1, 0x03E1, 0x03E1, 0x03E1, 0x03E1, 0x03E1, 0x03E1,  /* 0x8E48 */
  0x02E2, 0x02E2, 0x02E2, 0x02E2, 0x02E2, 0x02E2, 0x02E2, 0x02E2,  /* 0x8E50 */
  0x02EE, 0x02EE, 0x02EE, 0x02EE, 0x02EE, 0x02EE, 0x02EE, 0x02EE,  /* 0x8E58 */
  0x02E8, 0x02E8, 0x02E8, 0x02E8, 0x02E8, 0x02E8, 0x02E8, 0x02E8,  /* 0x8E60 */
  0x02F4, 0x02F4, 0x02F4, 0x02F4, 0x02F4, 0x02F4, 0x02F4, 0x02F4,  /* 0x8E68 */
  0x035E, 0x035E, 0x035E, 0x035E, 0x035E, 0x035E, 0x035E, 0x035E,  /* 0x8E70 */
  0x02D6, 0x02DC, 0x035E, 0x035E, 0x02CA, 0x03E1, 0x03E1, 0x03E1,  /* 0x8E78 */
  0x02D2, 0x02D2, 0x02D2, 0x02D2, 0x02D2, 0x02D2, 0x02D2, 0x02D2,  /* 0x8E80 */
  0x03E1, 0x03E1, 0x03E1, 0x03E1, 0x03E1, 0x03E1, 0x03E1, 0x03E1,  /* 0x8E88 */
  0x02E4, 0x02E4, 0x02E4, 0x02E4, 0x02E4, 0x02E4, 0x02E4, 0x02E4,  /* 0x8E90 */
  0x02F0, 0x02F0, 0x02F0, 0x02F0, 0x02F0, 0x02F0, 0x02F0, 0x02F0,  /* 0x8E98 */
  0x02EA, 0x02EA, 0x02EA, 0x02EA, 0x02EA, 0x02EA, 0x02EA, 0x02EA,  /* 0x8EA0 */
  0x02F6, 0x02F6, 0x02F6, 0x02F6, 0x02F6, 0x02F6, 0x02F6, 0x02F6,  /* 0x8EA8 */
  0x0362, 0x0362, 0x0362, 0x0362, 0x0362, 0x0362, 0x0362, 0x0362,  /* 0x8EB0 */
  0x02D8, 0x02DE, 0x0362, 0x0362, 0x02CC, 0x03E1, 0x03E1, 0x03E1,  /* 0x8EB8 */
  0x04BA, 0x04BA, 0x04BA, 0x04BA, 0x04BA, 0x04BA, 0x04BA, 0x04BA,  /* 0x8EC0 */
  0x03E1, 0x03E1, 0x03E1, 0x03E1, 0x03E1, 0x03E1, 0x03E1, 0x03E1,  /* 0x8EC8 */
  0x04BC, 0x04BC, 0x04BC, 0x04BC, 0x04BC, 0x04BC, 0x04BC, 0x04BC,  /* 0x8ED0 */
  0x04BC, 0x04BC, 0x04BC, 0x04BC, 0x04BC, 0x04BC, 0x04BC, 0x04BC,  /* 0x8ED8 */
  0x04BC, 0x04BC, 0x04BC, 0x04BC, 0x04BC, 0x04BC, 0x04BC, 0x04BC,  /* 0x8EE0 */
  0x04BC, 0x04BC, 0x04BC, 0x04BC, 0x04BC, 0x04BC, 0x04BC, 0x04BC,  /* 0x8EE8 */
  0x04BC, 0x04BC, 0x04BC, 0x04BC, 0x04BC, 0x04BC, 0x04BC, 0x04BC,  /* 0x8EF0 */
  0x04BC, 0x04BC, 0x04BC, 0x04BC, 0x04BB, 0x03E1, 0x03E1, 0x03E1,  /* 0x8EF8 */
  0x067C, 0x067C, 0x067C, 0x067C, 0x067C, 0x067C, 0x067C, 0x067C,  /* 0x8F00 */
  0x067F, 0x067F, 0x067F, 0x067F, 0x067F, 0x067F, 0x067F, 0x067D,  /* 0x8F08 */
  0x0304, 0x0304, 0x0304, 0x0304, 0x0304, 0x0304, 0x0304, 0x0304,  /* 0x8F10 */
  0x0310, 0x0310, 0x0310, 0x0310, 0x0310, 0x0310, 0x0310, 0x0310,  /* 0x8F18 */
  0x030A, 0x030A, 0x030A, 0x030A, 0x030A, 0x030A, 0x030A, 0x030A,  /* 0x8F20 */
  0x0316, 0x0316, 0x0316, 0x0316, 0x0316, 0x0316, 0x0316, 0x0316,  /* 0x8F28 */
  0x034A, 0x034A, 0x034A, 0x034A, 0x034A, 0x034A, 0x034A, 0x034A,  /* 0x8F30 */
  0x02F8, 0x02FE, 0x03E1, 0x03E1, 0x03E1, 0x03E1, 0x03E1, 0x03E1,  /* 0x8F38 */
  0x062F, 0x062F, 0x062F, 0x062F, 0x062F, 0x062F, 0x062F, 0x062F,  /* 0x8F40 */
  0x0630, 0x0630, 0x0630, 0x0630, 0x0630, 0x0630, 0x0630, 0x0630,  /* 0x8F48 */
  0x0306, 0x0306, 0x0306, 0x0306, 0x0306, 0x0306, 0x0306, 0x0306,  /* 0x8F50 */
  0x0312, 0x0312, 0x0312, 0x0312, 0x0312, 0x0312, 0x0312, 0x0312,  /* 0x8F58 */
  0x030C, 0x030C, 0x030C, 0x030C, 0x030C, 0x030C, 0x030C, 0x030C,  /* 0x8F60 */
  0x0318, 0x0318, 0x0318, 0x0318, 0x0318, 0x0318, 0x0318, 0x0318,  /* 0x8F68 */
  0x0350, 0x0350, 0x0350, 0x0350, 0x0350, 0x0350, 0x0350, 0x0350,  /* 0x8F70 */
  0x02FA, 0x0300, 0x03E1, 0x03E1, 0x03E1, 0x03E1, 0x03E1, 0x03E1,  /* 0x8F78 */
  0x0632, 0x0632, 0x0632, 0x0632, 0x0632, 0x0632, 0x0632, 0x0632,  /* 0x8F80 */
  0x0634, 0x0634, 0x0634, 0x0634, 0x0634, 0x0634, 0x0634, 0x0633,  /* 0x8F88 */
  0x0308, 0x0308, 0x0308, 0x0308, 0x0308, 0x0308, 0x0308, 0x0308,  /* 0x8F90 */
  0x0314, 0x0314, 0x0314, 0x0314, 0x0314, 0x0314, 0x0314, 0x0314,  /* 0x8F98 */
  0x030E, 0x030E, 0x030E, 0x030E, 0x030E, 0x030E, 0x030E, 0x030E,  /* 0x8FA0 */
  0x031A, 0x031A, 0x031A, 0x031A, 0x031A, 0x031A, 0x031A, 0x031A,  /* 0x8FA8 */
  0x0356, 0x0356, 0x0356, 0x0356, 0x0356, 0x0356, 0x0356, 0x0356,  /* 0x8FB0 */
  0x02FC, 0x0302, 0x03E1, 0x03E1, 0x03E1, 0x03E1, 0x03E1, 0x03E1,  /* 0x8FB8 */
  0x04B4, 0x04B4, 0x04B4, 0x04B4, 0x04B4, 0x04B4, 0x04B4, 0x04B4,  /* 0x8FC0 */
  0x03E1, 0x03E1, 0x03E1, 0x03E1, 0x03E1, 0x03E1, 0x03E1, 0x03E1,  /* 0x8FC8 */
  0x04B5, 0x04B5, 0x04B5, 0x04B5, 0x04B5, 0x04B5, 0x04B5, 0x04B5,  /* 0x8FD0 */
  0x04B7, 0x04B7, 0x04B7, 0x04B7, 0x04B7, 0x04B7, 0x04B7, 0x04B7,  /* 0x8FD8 */
  0x04B6, 0x04B6, 0x04B6, 0x04B6, 0x04B6, 0x04B6, 0x04B6, 0x04B6,  /* 0x8FE0 */
  0x04B8, 0x04B8, 0x04B8, 0x04B8, 0x04B8, 0x04B8, 0x04B8, 0x04B8,  /* 0x8FE8 */
  0x04B9, 0x04B9, 0x04B9, 0x04B9, 0x04B9, 0x04B9, 0x04B9, 0x04B9,  /* 0x8FF0 */
  0x04B9, 0x04B9, 0x04B9, 0x04B9, 0x04B3, 0x03E1, 0x03E1, 0x03E1,  /* 0x8FF8 */
  0x0066, 0x0066, 0x0066, 0x0066, 0x0066, 0x0066, 0x0066, 0x0066,  /* 0x9000 */
  0x03E1, 0x03E1, 0x03E1, 0x03E1, 0x03E1, 0x03E1, 0x03E1, 0x03E1,  /* 0x9008 */
  0x007C, 0x007C, 0x007C, 0x007C, 0x007C, 0x007C, 0x007C, 0x007C,  /* 0x9010 */
  0x0088, 0x0088, 0x0088, 0x0088, 0x0088, 0x0088, 0x0088, 0x0088,  /* 0x9018 */
  0x0082, 0x0082, 0x0082, 0x0082, 0x0082, 0x0082, 0x0082, 0x0082,  /* 0x9020 */
  0x008E, 0x008E, 0x008E, 0x008E, 0x008E, 0x008E, 0x008E, 0x008E,  /* 0x9028 */
  0x00E8, 0x00E8, 0x00E8, 0x00E8, 0x00E8, 0x00E8, 0x00E8, 0x00E8,  /* 0x9030 */
  0x0070, 0x0076, 0x00E8, 0x00E8, 0x0060, 0x03E1, 0x03E1, 0x03E1,  /* 0x9038 */
  0x0068, 0x0068, 0x0068, 0x0068, 0x0068, 0x0068, 0x0068, 0x0068,  /* 0x9040 */
  0x006C, 0x006C, 0x006C, 0x006C, 0x006C, 0x006C, 0x006C, 0x006C,  /* 0x9048 */
  0x007E, 0x007E, 0x007E, 0x007E, 0x007E, 0x007E, 0x007E, 0x007E,  /* 0x9050 */
  0x008A, 0x008A, 0x008A, 0x008A, 0x008A, 0x008A, 0x008A, 0x008A,  /* 0x9058 */
  0x0084, 0x0084, 0x0084, 0x0084, 0x0084, 0x0084, 0x0084, 0x0084,  /* 0x9060 */
  0x0090, 0x0090, 0x0090, 0x0090, 0x0090, 0x0090, 0x0090, 0x0090,  /* 0x9068 */
  0x00F0, 0x00F0, 0x00F0, 0x00F0, 0x00F0, 0x00F0, 0x00F0, 0x00F0,  /* 0x9070 */
  0x0072, 0x0078, 0x00F0, 0x00F0, 0x0062, 0x03E1, 0x03E1, 0x03E1,  /* 0x9078 */
  0x006A, 0x006A, 0x006A, 0x006A, 0x006A, 0x006A, 0x006A, 0x006A,  /* 0x9080 */
  0x006E, 0x006E, 0x006E, 0x006E, 0x006E, 0x006E, 0x006E, 0x006E,  /* 0x9088 */
  0x0080, 0x0080, 0x0080, 0x0080, 0x0080, 0x0080, 0x0080, 0x0080,  /* 0x9090 */
  0x008C, 0x008C, 0x008C, 0x008C, 0x008C, 0x008C, 0x008C, 0x008C,  /* 0x9098 */
  0x0086, 0x0086, 0x0086, 0x0086, 0x0086, 0x0086, 0x0086, 0x0086,  /* 0x90A0 */
  0x0092, 0x0092, 0x0092, 0x0092, 0x0092, 0x0092, 0x0092, 0x0092,  /* 0x90A8 */
  0x00F8, 0x00F8, 0x00F8, 0x00F8, 0x00F8, 0x00F8, 0x00F8, 0x00F8,  /* 0x90B0 */
  0x0074, 0x007A, 0x00F8, 0x00F8, 0x0064, 0x03E1, 0x03E1, 0x03E1,  /* 0x90B8 */
  0x0108, 0x0108, 0x0108, 0x0108, 0x0108, 0x0108, 0x0108, 0x0108,  /* 0x90C0 */
  0x010A, 0x010A, 0x010A, 0x010A, 0x010A, 0x010A, 0x010A, 0x010A,  /* 0x90C8 */
  0x010C, 0x010C, 0x010C, 0x010C, 0x010C, 0x010C, 0x010C, 0x010C,  /* 0x90D0 */
  0x0110, 0x0110, 0x0110, 0x0110, 0x0110, 0x0110, 0x0110, 0x0110,  /* 0x90D8 */
  0x0112, 0x0112, 0x0112, 0x0112, 0x0112, 0x0112, 0x0112, 0x0112,  /* 0x90E0 */
  0x010E, 0x010E, 0x010E, 0x010E, 0x010E, 0x010E, 0x010E, 0x010E,  /* 0x90E8 */
  0x0119, 0x0119, 0x0119, 0x0119, 0x0119, 0x0119, 0x0119, 0x0119,  /* 0x90F0 */
  0x0119, 0x0119, 0x0119, 0x0119, 0x0118, 0x03E1, 0x03E1, 0x03E1,  /* 0x90F8 */
  0x026B, 0x026B, 0x026B, 0x026B, 0x026B, 0x026B, 0x026B, 0x026B,  /* 0x9100 */
  0x026F, 0x026F, 0x026F, 0x026F, 0x026F, 0x026F, 0x026F, 0x026E,  /* 0x9108 */
  0x00A0, 0x00A0, 0x00A0, 0x00A0, 0x00A0, 0x00A0, 0x00A0, 0x00A0,  /* 0x9110 */
  0x00AC, 0x00AC, 0x00AC, 0x00AC, 0x00AC, 0x00AC, 0x00AC, 0x00AC,  /* 0x9118 */
  0x00A6, 0x00A6, 0x00A6, 0x00A6, 0x00A6, 0x00A6, 0x00A6, 0x00A6,  /* 0x9120 */
  0x00B2, 0x00B2, 0x00B2, 0x00B2, 0x00B2, 0x00B2, 0x00B2, 0x00B2,  /* 0x9128 */
  0x00EA, 0x00EA, 0x00EA, 0x00EA, 0x00EA, 0x00EA, 0x00EA, 0x00EA,  /* 0x9130 */
  0x0094, 0x009A, 0x03E1, 0x03E1, 0x03E1, 0x03E1, 0x03E1, 0x03E1,  /* 0x9138 */
  0x0270, 0x0270, 0x0270, 0x0270, 0x0270, 0x0270, 0x0270, 0x0270,  /* 0x9140 */
  0x0271, 0x0271, 0x0271, 0x0271, 0x0271, 0x0271, 0x0271, 0x0271,  /* 0x9148 */
  0x00A2, 0x00A2, 0x00A2, 0x00A2, 0x00A2, 0x00A2, 0x00A2, 0x00A2,  /* 0x9150 */
  0x00AE, 0x00AE, 0x00AE, 0x00AE, 0x00AE, 0x00AE, 0x00AE, 0x00AE,  /* 0x9158 */
  0x00A8, 0x00A8, 0x00A8, 0x00A8, 0x00A8, 0x00A8, 0x00A8, 0x00A8,  /* 0x9160 */
  0x00B4, 0x00B4, 0x00B4, 0x00B4, 0x00B4, 0x00B4, 0x00B4, 0x00B4,  /* 0x9168 */
  0x00F2, 0x00F2, 0x00F2, 0x00F2, 0x00F2, 0x00F2, 0x00F2, 0x00F2,  /* 0x9170 */
  0x0096, 0x009C, 0x03E1, 0x03E1, 0x03E1, 0x03E1, 0x03E1, 0x03E1,  /* 0x9178 */
  0x0272, 0x0272, 0x0272, 0x0272, 0x0272, 0x0272, 0x0272, 0x0272,  /* 0x9180 */
  0x0273, 0x0273, 0x0273, 0x0273, 0x0273, 0x0273, 0x0273, 0x0273,  /* 0x9188 */
  0x00A4, 0x00A4, 0x00A4, 0x00A4, 0x00A4, 0x00A4, 0x00A4, 0x00A4,  /* 0x9190 */
  0x00B0, 0x00B0, 0x00B0, 0x00B0, 0x00B0, 0x00B0, 0x00B0, 0x00B0,  /* 0x9198 */
  0x00AA, 0x00AA, 0x00AA, 0x00AA, 0x00AA, 0x00AA, 0x00AA, 0x00AA,  /* 0x91A0 */
  0x00B6, 0x00B6, 0x00B6, 0x00B6, 0x00B6, 0x00B6, 0x00B6, 0x00B6,  /* 0x91A8 */
  0x00FA, 0x00FA, 0x00FA, 0x00FA, 0x00FA, 0x00FA, 0x00FA, 0x00FA,  /* 0x91B0 */
  0x0098, 0x009E, 0x03E1, 0x03E1, 0x03E1, 0x03E1, 0x03E1, 0x03E1,  /* 0x91B8 */
  0x0109, 0x0109, 0x0109, 0x0109, 0x0109, 0x0109, 0x0109, 0x0109,  /* 0x91C0 */
  0x010B, 0x010B, 0x010B, 0x010B, 0x010B, 0x010B, 0x010B, 0x010B,  /* 0x91C8 */
  0x010D, 0x010D, 0x010D, 0x010D, 0x010D, 0x010D, 0x010D, 0x010D,  /* 0x91D0 */
  0x0111, 0x0111, 0x0111, 0x0111, 0x0111, 0x0111, 0x0111, 0x0111,  /* 0x91D8 */
  0x0113, 0x0113, 0x0113, 0x0113, 0x0113, 0x0113, 0x0113, 0x0113,  /* 0x91E0 */
  0x010F, 0x010F, 0x010F, 0x010F, 0x010F, 0x010F, 0x010F, 0x010F,  /* 0x91E8 */
  0x011B, 0x011B, 0x011B, 0x011B, 0x011B, 0x011B, 0x011B, 0x011B,  /* 0x91F0 */
  0x011B, 0x011B, 0x011B, 0x011B, 0x011A, 0x03E1, 0x03E1, 0x03E1,  /* 0x91F8 */
  0x0066, 0x0066, 0x0066, 0x0066, 0x0066, 0x0066, 0x0066, 0x0066,  /* 0x9200 */
  0x03E1, 0x03E1, 0x03E1, 0x03E1, 0x03E1, 0x03E1, 0x03E1, 0x03E1,  /* 0x9208 */
  0x007C, 0x007C, 0x007C, 0x007C, 0x007C, 0x007C, 0x007C, 0x007C,  /* 0x9210 */
  0x0088, 0x0088, 0x0088, 0x0088, 0x0088, 0x0088, 0x0088, 0x0088,  /* 0x9218 */
  0x0082, 0x0082, 0x0082, 0x0082, 0x0082, 0x0082, 0x0082, 0x0082,  /* 0x9220 */
  0x008E, 0x008E, 0x008E, 0x008E, 0x008E, 0x008E, 0x008E, 0x008E,  /* 0x9228 */
  0x00E8, 0x00E8, 0x00E8, 0x00E8, 0x00E8, 0x00E8, 0x00E8, 0x00E8,  /* 0x9230 */
  0x0070, 0x0076, 0x00E8, 0x00E8, 0x0060, 0x03E1, 0x03E1, 0x03E1,  /* 0x9238 */
  0x0068, 0x0068, 0x0068, 0x0068, 0x0068, 0x0068, 0x0068, 0x0068,  /* 0x9240 */
  0x006C, 0x006C, 0x006C, 0x006C, 0x006C, 0x006C, 0x006C, 0x006C,  /* 0x9248 */
  0x007E, 0x007E, 0x007E, 0x007E, 0x007E, 0x007E, 0x007E, 0x007E,  /* 0x9250 */
  0x008A, 0x008A, 0x008A, 0x008A, 0x008A, 0x008A, 0x008A, 0x008A,  /* 0x9258 */
  0x0084, 0x0084, 0x0084, 0x0084, 0x0084, 0x0084, 0x0084, 0x0084,  /* 0x9260 */
  0x0090, 0x0090, 0x0090, 0x0090, 0x0090, 0x0090, 0x0090, 0x0090,  /* 0x9268 */
  0x00F0, 0x00F0, 0x00F0, 0x00F0, 0x00F0, 0x00F0, 0x00F0, 0x00F0,  /* 0x9270 */
  0x0072, 0x0078, 0x00F0, 0x00F0, 0x0062, 0x03E1, 0x03E1, 0x03E1,  /* 0x9278 */
  0x006A, 0x006A, 0x006A, 0x006A, 0x006A, 0x006A, 0x006A, 0x006A,  /* 0x9280 */
  0x006E, 0x006E, 0x006E, 0x006E, 0x006E, 0x006E, 0x006E, 0x006E,  /* 0x9288 */
  0x0080, 0x0080, 0x0080, 0x0080, 0x0080, 0x0080, 0x0080, 0x0080,  /* 0x9290 */
  0x008C, 0x008C, 0x008C, 0x008C, 0x008C, 0x008C, 0x008C, 0x008C,  /* 0x9298 */
  0x0086, 0x0086, 0x0086, 0x0086, 0x0086, 0x0086, 0x0086, 0x0086,  /* 0x92A0 */
  0x0092, 0x0092, 0x0092, 0x0092, 0x0092, 0x0092, 0x0092, 0x0092,  /* 0x92A8 */
  0x00F8, 0x00F8, 0x00F8, 0x00F8, 0x00F8, 0x00F8, 0x00F8, 0x00F8,  /* 0x92B0 */
  0x0074, 0x007A, 0x00F8, 0x00F8, 0x0064, 0x03E1, 0x03E1, 0x03E1,  /* 0x92B8 */
  0x0108, 0x0108, 0x0108, 0x0108, 0x0108, 0x0108, 0x0108, 0x0108,  /* 0x92C0 */
  0x010A, 0x010A, 0x010A, 0x010A, 0x010A, 0x010A, 0x010A, 0x010A,  /* 0x92C8 */
  0x010C, 0x010C, 0x010C, 0x010C, 0x010C, 0x010C, 0x010C, 0x010C,  /* 0x92D0 */
  0x0110, 0x0110, 0x0110, 0x0110, 0x0110, 0x0110, 0x0110, 0x0110,  /* 0x92D8 */
  0x0112, 0x0112, 0x0112, 0x0112, 0x0112, 0x0112, 0x0112, 0x0112,  /* 0x92E0 */
  0x010E, 0x010E, 0x010E, 0x010E, 0x010E, 0x010E, 0x010E, 0x010E,  /* 0x92E8 */
  0x0119, 0x0119, 0x0119, 0x0119, 0x0119, 0x0119, 0x0119, 0x0119,  /* 0x92F0 */
  0x0119, 0x0119, 0x0119, 0x0119, 0x0118, 0x03E1, 0x03E1, 0x03E1,  /* 0x92F8 */
  0x026B, 0x026B, 0x026B, 0x026B, 0x026B, 0x026B, 0x026B, 0x026B,  /* 0x9300 */
  0x026F, 0x026F, 0x026F, 0x026F, 0x026F, 0x026F, 0x026F, 0x026E,  /* 0x9308 */
  0x00A0, 0x00A0, 0x00A0, 0x00A0, 0x00A0, 0x00A0, 0x00A0, 0x00A0,  /* 0x9310 */
  0x00AC, 0x00AC, 0x00AC, 0x00AC, 0x00AC, 0x00AC, 0x00AC, 0x00AC,  /* 0x9318 */
  0x00A6, 0x00A6, 0x00A6, 0x00A6, 0x00A6, 0x00A6, 0x00A6, 0x00A6,  /* 0x9320 */
  0x00B2, 0x00B2, 0x00B2, 0x00B2, 0x00B2, 0x00B2, 0x00B2, 0x00B2,  /* 0x9328 */
  0x00EA, 0x00EA, 0x00EA, 0x00EA, 0x00EA, 0x00EA, 0x00EA, 0x00EA,  /* 0x9330 */
  0x0094, 0x009A, 0x03E1, 0x03E1, 0x03E1, 0x03E1, 0x03E1, 0x03E1,  /* 0x9338 */
  0x0270, 0x0270, 0x0270, 0x0270, 0x0270, 0x0270, 0x0270, 0x0270,  /* 0x9340 */
  0x0271, 0x0271, 0x0271, 0x0271, 0x0271, 0x0271, 0x0271, 0x0271,  /* 0x9348 */
  0x00A2, 0x00A2, 0x00A2, 0x00A2, 0x00A2, 0x00A2, 0x00A2, 0x00A2,  /* 0x9350 */
  0x00AE, 0x00AE, 0x00AE, 0x00AE, 0x00AE, 0x00AE, 0x00AE, 0x00AE,  /* 0x9358 */
  0x00A8, 0x00A8, 0x00A8, 0x00A8, 0x00A8, 0x00A8, 0x00A8, 0x00A8,  /* 0x9360 */
  0x00B4, 0x00B4, 0x00B4, 0x00B4, 0x00B4, 0x00B4, 0x00B4, 0x00B4,  /* 0x9368 */
  0x00F2, 0x00F2, 0x00F2, 0x00F2, 0x00F2, 0x00F2, 0x00F2, 0x00F2,  /* 0x9370 */
  0x0096, 0x009C, 0x03E1, 0x03E1, 0x03E1, 0x03E1, 0x03E1, 0x03E1,  /* 0x9378 */
  0x0272, 0x0272, 0x0272, 0x0272, 0x0272, 0x0272, 0x0272, 0x0272,  /* 0x9380 */
  0x0273, 0x0273, 0x0273, 0x0273, 0x0273, 0x0273, 0x0273, 0x0273,  /* 0x9388 */
  0x00A4, 0x00A4, 0x00A4, 0x00A4, 0x00A4, 0x00A4, 0x00A4, 0x00A4,  /* 0x9390 */
  0x00B0, 0x00B0, 0x00B0, 0x00B0, 0x00B0, 0x00B0, 0x00B0, 0x00B0,  /* 0x9398 */
  0x00AA, 0x00AA, 0x00AA, 0x00AA, 0x00AA, 0x00AA, 0x00AA, 0x00AA,  /* 0x93A0 */
  0x00B6, 0x00B6, 0x00B6, 0x00B6, 0x00B6, 0x00B6, 0x00B6, 0x00B6,  /* 0x93A8 */
  0x00FA, 0x00FA, 0x00FA, 0x00FA, 0x00FA, 0x00FA, 0x00FA, 0x00FA,  /* 0x93B0 */
  0x0098, 0x009E, 0x03E1, 0x03E1, 0x03E1, 0x03E1, 0x03E1, 0x03E1,  /* 0x93B8 */
  0x0109, 0x0109, 0x0109, 0x0109, 0x0109, 0x0109, 0x0109, 0x0109,  /* 0x93C0 */
  0x010B, 0x010B, 0x010B, 0x010B, 0x010B, 0x010B, 0x010B, 0x010B,  /* 0x93C8 */
  0x010D, 0x010D, 0x010D, 0x010D, 0x010D, 0x010D, 0x010D, 0x010D,  /* 0x93D0 */
  0x0111, 0x0111, 0x0111, 0x0111, 0x0111, 0x0111, 0x0111, 0x0111,  /* 0x93D8 */
  0x0113, 0x0113, 0x0113, 0x0113, 0x0113, 0x0113, 0x0113, 0x0113,  /* 0x93E0 */
  0x010F, 0x010F, 0x010F, 0x010F, 0x010F, 0x010F, 0x010F, 0x010F,  /* 0x93E8 */
  0x011B, 0x011B, 0x011B, 0x011B, 0x011B, 0x011B, 0x011B, 0x011B,  /* 0x93F0 */
  0x011B, 0x011B, 0x011B, 0x011B, 0x011A, 0x03E1, 0x03E1, 0x03E1,  /* 0x93F8 */
  0x0066, 0x0066, 0x0066, 0x0066, 0x0066, 0x0066, 0x0066, 0x0066,  /* 0x9400 */
  0x03E1, 0x03E1, 0x03E1, 0x03E1, 0x03E1, 0x03E1, 0x03E1, 0x03E1,  /* 0x9408 */
  0x007C, 0x007C, 0x007C, 0x007C, 0x007C, 0x007C, 0x007C, 0x007C,  /* 0x9410 */
  0x0088, 0x0088, 0x0088, 0x0088, 0x0088, 0x0088, 0x0088, 0x0088,  /* 0x9418 */
  0x0082, 0x0082, 0x0082, 0x0082, 0x0082, 0x0082, 0x0082, 0x0082,  /* 0x9420 */
  0x008E, 0x008E, 0x008E, 0x008E, 0x008E, 0x008E, 0x008E, 0x008E,  /* 0x9428 */
  0x00E8, 0x00E8, 0x00E8, 0x00E8, 0x00E8, 0x00E8, 0x00E8, 0x00E8,  /* 0x9430 */
  0x0070, 0x0076, 0x00E8, 0x00E8, 0x0060, 0x03E1, 0x03E1, 0x03E1,  /* 0x9438 */
  0x0068, 0x0068, 0x0068, 0x0068, 0x0068, 0x0068, 0x0068, 0x0068,  /* 0x9440 */
  0x006C, 0x006C, 0x006C, 0x006C, 0x006C, 0x006C, 0x006C, 0x006C,  /* 0x9448 */
  0x007E, 0x007E, 0x007E, 0x007E, 0x007E, 0x007E, 0x007E, 0x007E,  /* 0x9450 */
  0x008A, 0x008A, 0x008A, 0x008A, 0x008A, 0x008A, 0x008A, 0x008A,  /* 0x9458 */
  0x0084, 0x0084, 0x0084, 0x0084, 0x0084, 0x0084, 0x0084, 0x0084,  /* 0x9460 */
  0x0090, 0x0090, 0x0090, 0x0090, 0x0090, 0x0090, 0x0090, 0x0090,  /* 0x9468 */
  0x00F0, 0x00F0, 0x00F0, 0x00F0, 0x00F0, 0x00F0, 0x00F0, 0x00F0,  /* 0x9470 */
  0x0072, 0x0078, 0x00F0, 0x00F0, 0x0062, 0x03E1, 0x03E1, 0x03E1,  /* 0x9478 */
  0x006A, 0x006A, 0x006A, 0x006A, 0x006A, 0x006A, 0x006A, 0x006A,  /* 0x9480 */
  0x006E, 0x006E, 0x006E, 0x006E, 0x006E, 0x006E, 0x006E, 0x006E,  /* 0x9488 */
  0x0080, 0x0080, 0x0080, 0x0080, 0x0080, 0x0080, 0x0080, 0x0080,  /* 0x9490 */
  0x008C, 0x008C, 0x008C, 0x008C, 0x008C, 0x008C, 0x008C, 0x008C,  /* 0x9498 */
  0x0086, 0x0086, 0x0086, 0x0086, 0x0086, 0x0086, 0x0086, 0x0086,  /* 0x94A0 */
  0x0092, 0x0092, 0x0092, 0x0092, 0x0092, 0x0092, 0x0092, 0x0092,  /* 0x94A8 */
  0x00F8, 0x00F8, 0x00F8, 0x00F8, 0x00F8, 0x00F8, 0x00F8, 0x00F8,  /* 0x94B0 */
  0x0074, 0x007A, 0x00F8, 0x00F8, 0x0064, 0x03E1, 0x03E1, 0x03E1,  /* 0x94B8 */
  0x0108, 0x0108, 0x0108, 0x0108, 0x0108, 0x0108, 0x0108, 0x0108,  /* 0x94C0 */
  0x010A, 0x010A, 0x010A, 0x010A, 0x010A, 0x010A, 0x010A, 0x010A,  /* 0x94C8 */
  0x010C, 0x010C, 0x010C, 0x010C, 0x010C, 0x010C, 0x010C, 0x010C,  /* 0x94D0 */
  0x0110, 0x0110, 0x0110, 0x0110, 0x0110, 0x0110, 0x0110, 0x0110,  /* 0x94D8 */
  0x0112, 0x0112, 0x0112, 0x0112, 0x0112, 0x0112, 0x0112, 0x0112,  /* 0x94E0 */
  0x010E, 0x010E, 0x010E, 0x010E, 0x010E, 0x010E, 0x010E, 0x010E,  /* 0x94E8 */
  0x0119, 0x0119, 0x0119, 0x0119, 0x0119, 0x0119, 0x0119, 0x0119,  /* 0x94F0 */
  0x0119, 0x0119, 0x0119, 0x0119, 0x0118, 0x03E1, 0x03E1, 0x03E1,  /* 0x94F8 */
  0x026B, 0x026B, 0x026B, 0x026B, 0x026B, 0x026B, 0x026B, 0x026B,  /* 0x9500 */
  0x026F, 0x026F, 0x026F, 0x026F, 0x026F, 0x026F, 0x026F, 0x026E,  /* 0x9508 */
  0x00A0, 0x00A0, 0x00A0, 0x00A0, 0x00A0, 0x00A0, 0x00A0, 0x00A0,  /* 0x9510 */
  0x00AC, 0x00AC, 0x00AC, 0x00AC, 0x00AC, 0x00AC, 0x00AC, 0x00AC,  /* 0x9518 */
  0x00A6, 0x00A6, 0x00A6, 0x00A6, 0x00A6, 0x00A6, 0x00A6, 0x00A6,  /* 0x9520 */
  0x00B2, 0x00B2, 0x00B2, 0x00B2, 0x00B2, 0x00B2, 0x00B2, 0x00B2,  /* 0x9528 */
  0x00EA, 0x00EA, 0x00EA, 0x00EA, 0x00EA, 0x00EA, 0x00EA, 0x00EA,  /* 0x9530 */
  0x0094, 0x009A, 0x03E1, 0x03E1, 0x03E1, 0x03E1, 0x03E1, 0x03E1,  /* 0x9538 */
  0x0270, 0x0270, 0x0270, 0x0270, 0x0270, 0x0270, 0x0270, 0x0270,  /* 0x9540 */
  0x0271, 0x0271, 0x0271, 0x0271, 0x0271, 0x0271, 0x0271, 0x0271,  /* 0x9548 */
  0x00A2, 0x00A2, 0x00A2, 0x00A2, 0x00A2, 0x00A2, 0x00A2, 0x00A2,  /* 0x9550 */
  0x00AE, 0x00AE, 0x00AE, 0x00AE, 0x00AE, 0x00AE, 0x00AE, 0x00AE,  /* 0x9558 */
  0x00A8, 0x00A8, 0x00A8, 0x00A8, 0x00A8, 0x00A8, 0x00A8, 0x00A8,  /* 0x9560 */
  0x00B4, 0x00B4, 0x00B4, 0x00B4, 0x00B4, 0x00B4, 0x00B4, 0x00B4,  /* 0x9568 */
  0x00F2, 0x00F2, 0x00F2, 0x00F2, 0x00F2, 0x00F2, 0x00F2, 0x00F2,  /* 0x9570 */
  0x0096, 0x009C, 0x03E1, 0x03E1, 0x03E1, 0x03E1, 0x03E1, 0x03E1,  /* 0x9578 */
  0x0272, 0x0272, 0x0272, 0x0272, 0x0272, 0x0272, 0x0272, 0x0272,  /* 0x9580 */
  0x0273, 0x0273, 0x0273, 0x0273, 0x0273, 0x0273, 0x0273, 0x0273,  /* 0x9588 */
  0x00A4, 0x00A4, 0x00A4, 0x00A4, 0x00A4, 0x00A4, 0x00A4, 0x00A4,  /* 0x9590 */
  0x00B0, 0x00B0, 0x00B0, 0x00B0, 0x00B0, 0x00B0, 0x00B0, 0x00B0,  /* 0x9598 */
  0x00AA, 0x00AA, 0x00AA, 0x00AA, 0x00AA, 0x00AA, 0x00AA, 0x00AA,  /* 0x95A0 */
  0x00B6, 0x00B6, 0x00B6, 0x00B6, 0x00B6, 0x00B6, 0x00B6, 0x00B6,  /* 0x95A8 */
  0x00FA, 0x00FA, 0x00FA, 0x00FA, 0x00FA, 0x00FA, 0x00FA, 0x00FA,  /* 0x95B0 */
  0x0098, 0x009E, 0x03E1, 0x03E1, 0x03E1, 0x03E1, 0x03E1, 0x03E1,  /* 0x95B8 */
  0x0109, 0x0109, 0x0109, 0x0109, 0x0109, 0x0109, 0x0109, 0x0109,  /* 0x95C0 */
  0x010B, 0x010B, 0x010B, 0x010B, 0x010B, 0x010B, 0x010B, 0x010B,  /* 0x95C8 */
  0x010D, 0x010D, 0x010D, 0x010D, 0x010D, 0x010D, 0x010D, 0x010D,  /* 0x95D0 */
  0x0111, 0x0111, 0x0111, 0x0111, 0x0111, 0x0111, 0x0111, 0x0111,  /* 0x95D8 */
  0x0113, 0x0113, 0x0113, 0x0113, 0x0113, 0x0113, 0x0113, 0x0113,  /* 0x95E0 */
  0x010F, 0x010F, 0x010F, 0x010F, 0x010F, 0x010F, 0x010F, 0x010F,  /* 0x95E8 */
  0x011B, 0x011B, 0x011B, 0x011B, 0x011B, 0x011B, 0x011B, 0x011B,  /* 0x95F0 */
  0x011B, 0x011B, 0x011B, 0x011B, 0x011A, 0x03E1, 0x03E1, 0x03E1,  /* 0x95F8 */
  0x0066, 0x0066, 0x0066, 0x0066, 0x0066, 0x0066, 0x0066, 0x0066,  /* 0x9600 */
  0x03E1, 0x03E1, 0x03E1, 0x03E1, 0x03E1, 0x03E1, 0x03E1, 0x03E1,  /* 0x9608 */
  0x007C, 0x007C, 0x007C, 0x007C, 0x007C, 0x007C, 0x007C, 0x007C,  /* 0x9610 */
  0x0088, 0x0088, 0x0088, 0x0088, 0x0088, 0x0088, 0x0088, 0x0088,  /* 0x9618 */
  0x0082, 0x0082, 0x0082, 0x0082, 0x0082, 0x0082, 0x0082, 0x0082,  /* 0x9620 */
  0x008E, 0x008E, 0x008E, 0x008E, 0x008E, 0x008E, 0x008E, 0x008E,  /* 0x9628 */
  0x00E8, 0x00E8, 0x00E8, 0x00E8, 0x00E8, 0x00E8, 0x00E8, 0x00E8,  /* 0x9630 */
  0x0070, 0x0076, 0x00E8, 0x00E8, 0x0060, 0x03E1, 0x03E1, 0x03E1,  /* 0x9638 */
  0x0068, 0x0068, 0x0068, 0x0068, 0x0068, 0x0068, 0x0068, 0x0068,  /* 0x9640 */
  0x006C, 0x006C, 0x006C, 0x006C, 0x006C, 0x006C, 0x006C, 0x006C,  /* 0x9648 */
  0x007E, 0x007E, 0x007E, 0x007E, 0x007E, 0x007E, 0x007E, 0x007E,  /* 0x9650 */
  0x008A, 0x008A, 0x008A, 0x008A, 0x008A, 0x008A, 0x008A, 0x008A,  /* 0x9658 */
  0x0084, 0x0084, 0x0084, 0x0084, 0x0084, 0x0084, 0x0084, 0x0084,  /* 0x9660 */
  0x0090, 0x0090, 0x0090, 0x0090, 0x0090, 0x0090, 0x0090, 0x0090,  /* 0x9668 */
  0x00F0, 0x00F0, 0x00F0, 0x00F0, 0x00F0, 0x00F0, 0x00F0, 0x00F0,  /* 0x9670 */
  0x0072, 0x0078, 0x00F0, 0x00F0, 0x0062, 0x03E1, 0x03E1, 0x03E1,  /* 0x9678 */
  0x006A, 0x006A, 0x006A, 0x006A, 0x006A, 0x006A, 0x006A, 0x006A,  /* 0x9680 */
  0x006E, 0x006E, 0x006E, 0x006E, 0x006E, 0x006E, 0x006E, 0x006E,  /* 0x9688 */
  0x0080, 0x0080, 0x0080, 0x0080, 0x0080, 0x0080, 0x0080, 0x0080,  /* 0x9690 */
  0x008C, 0x008C, 0x008C, 0x008C, 0x008C, 0x008C, 0x008C, 0x008C,  /* 0x9698 */
  0x0086, 0x0086, 0x0086, 0x0086, 0x0086, 0x0086, 0x0086, 0x0086,  /* 0x96A0 */
  0x0092, 0x0092, 0x0092, 0x0092, 0x0092, 0x0092, 0x0092, 0x0092,  /* 0x96A8 */
  0x00F8, 0x00F8, 0x00F8, 0x00F8, 0x00F8, 0x00F8, 0x00F8, 0x00F8,  /* 0x96B0 */
  0x0074, 0x007A, 0x00F8, 0x00F8, 0x0064, 0x03E1, 0x03E1, 0x03E1,  /* 0x96B8 */
  0x0108, 0x0108, 0x0108, 0x0108, 0x0108, 0x0108, 0x0108, 0x0108,  /* 0x96C0 */
  0x010A, 0x010A, 0x010A, 0x010A, 0x010A, 0x010A, 0x010A, 0x010A,  /* 0x96C8 */
  0x010C, 0x010C, 0x010C, 0x010C, 0x010C, 0x010C, 0x010C, 0x010C,  /* 0x96D0 */
  0x0110, 0x0110, 0x0110, 0x0110, 0x0110, 0x0110, 0x0110, 0x0110,  /* 0x96D8 */
  0x0112, 0x0112, 0x0112, 0x0112, 0x0112, 0x0112, 0x0112, 0x0112,  /* 0x96E0 */
  0x010E, 0x010E, 0x010E, 0x010E, 0x010E, 0x010E, 0x010E, 0x010E,  /* 0x96E8 */
  0x0119, 0x0119, 0x0119, 0x0119, 0x0119, 0x0119, 0x0119, 0x0119,  /* 0x96F0 */
  0x0119, 0x0119, 0x0119, 0x0119, 0x0118, 0x03E1, 0x03E1, 0x03E1,  /* 0x96F8 */
  0x026B, 0x026B, 0x026B, 0x026B, 0x026B, 0x026B, 0x026B, 0x026B,  /* 0x9700 */
  0x026F, 0x026F, 0x026F, 0x026F, 0x026F, 0x026F, 0x026F, 0x026E,  /* 0x9708 */
  0x00A0, 0x00A0, 0x00A0, 0x00A0, 0x00A0, 0x00A0, 0x00A0, 0x00A0,  /* 0x9710 */
  0x00AC, 0x00AC, 0x00AC, 0x00AC, 0x00AC, 0x00AC, 0x00AC, 0x00AC,  /* 0x9718 */
  0x00A6, 0x00A6, 0x00A6, 0x00A6, 0x00A6, 0x00A6, 0x00A6, 0x00A6,  /* 0x9720 */
  0x00B2, 0x00B2, 0x00B2, 0x00B2, 0x00B2, 0x00B2, 0x00B2, 0x00B2,  /* 0x9728 */
  0x00EA, 0x00EA, 0x00EA, 0x00EA, 0x00EA, 0x00EA, 0x00EA, 0x00EA,  /* 0x9730 */
  0x0094, 0x009A, 0x03E1, 0x03E1, 0x03E1, 0x03E1, 0x03E1, 0x03E1,  /* 0x9738 */
  0x0270, 0x0270, 0x0270, 0x0270, 0x0270, 0x0270, 0x0270, 0x0270,  /* 0x9740 */
  0x0271, 0x0271, 0x0271, 0x0271, 0x0271, 0x0271, 0x0271, 0x0271,  /* 0x9748 */
  0x00A2, 0x00A2, 0x00A2, 0x00A2, 0x00A2, 0x00A2, 0x00A2, 0x00A2,  /* 0x9750 */
  0x00AE, 0x00AE, 0x00AE, 0x00AE, 0x00AE, 0x00AE, 0x00AE, 0x00AE,  /* 0x9758 */
  0x00A8, 0x00A8, 0x00A8, 0x00A8, 0x00A8, 0x00A8, 0x00A8, 0x00A8,  /* 0x9760 */
  0x00B4, 0x00B4, 0x00B4, 0x00B4, 0x00B4, 0x00B4, 0x00B4, 0x00B4,  /* 0x9768 */
  0x00F2, 0x00F2, 0x00F2, 0x00F2, 0x00F2, 0x00F2, 0x00F2, 0x00F2,  /* 0x9770 */
  0x0096, 0x009C, 0x03E1, 0x03E1, 0x03E1, 0x03E1, 0x03E1, 0x03E1,  /* 0x9778 */
  0x0272, 0x0272, 0x0272, 0x0272, 0x0272, 0x0272, 0x0272, 0x0272,  /* 0x9780 */
  0x0273, 0x0273, 0x0273, 0x0273, 0x0273, 0x0273, 0x0273, 0x0273,  /* 0x9788 */
  0x00A4, 0x00A4, 0x00A4, 0x00A4, 0x00A4, 0x00A4, 0x00A4, 0x00A4,  /* 0x9790 */
  0x00B0, 0x00B0, 0x00B0, 0x00B0, 0x00B0, 0x00B0, 0x00B0, 0x00B0,  /* 0x9798 */
  0x00AA, 0x00AA, 0x00AA, 0x00AA, 0x00AA, 0x00AA, 0x00AA, 0x00AA,  /* 0x97A0 */
  0x00B6, 0x00B6, 0x00B6, 0x00B6, 0x00B6, 0x00B6, 0x00B6, 0x00B6,  /* 0x97A8 */
  0x00FA, 0x00FA, 0x00FA, 0x00FA, 0x00FA, 0x00FA, 0x00FA, 0x00FA,  /* 0x97B0 */
  0x0098, 0x009E, 0x03E1, 0x03E1, 0x03E1, 0x03E1, 0x03E1, 0x03E1,  /* 0x97B8 */
  0x0109, 0x0109, 0x0109, 0x0109, 0x0109, 0x0109, 0x0109, 0x0109,  /* 0x97C0 */
  0x010B, 0x010B, 0x010B, 0x010B, 0x010B, 0x010B, 0x010B, 0x010B,  /* 0x97C8 */
  0x010D, 0x010D, 0x010D, 0x010D, 0x010D, 0x010D, 0x010D, 0x010D,  /* 0x97D0 */
  0x0111, 0x0111, 0x0111, 0x0111, 0x0111, 0x0111, 0x0111, 0x0111,  /* 0x97D8 */
  0x0113, 0x0113, 0x0113, 0x0113, 0x0113, 0x0113, 0x0113, 0x0113,  /* 0x97E0 */
  0x010F, 0x010F, 0x010F, 0x010F, 0x010F, 0x010F, 0x010F, 0x010F,  /* 0x97E8 */
  0x011B, 0x011B, 0x011B, 0x011B, 0x011B, 0x011B, 0x011B, 0x011B,  /* 0x97F0 */
  0x011B, 0x011B, 0x011B, 0x011B, 0x011A, 0x03E1, 0x03E1, 0x03E1,  /* 0x97F8 */
  0x0066, 0x0066, 0x0066, 0x0066, 0x0066, 0x0066, 0x0066, 0x0066,  /* 0x9800 */
  0x03E1, 0x03E1, 0x03E1, 0x03E1, 0x03E1, 0x03E1, 0x03E1, 0x03E1,  /* 0x9808 */
  0x007C, 0x007C, 0x007C, 0x007C, 0x007C, 0x007C, 0x007C, 0x007C,  /* 0x9810 */
  0x0088, 0x0088, 0x0088, 0x0088, 0x0088, 0x0088, 0x0088, 0x0088,  /* 0x9818 */
  0x0082, 0x0082, 0x0082, 0x0082, 0x0082, 0x0082, 0x0082, 0x0082,  /* 0x9820 */
  0x008E, 0x008E, 0x008E, 0x008E, 0x008E, 0x008E, 0x008E, 0x008E,  /* 0x9828 */
  0x00E8, 0x00E8, 0x00E8, 0x00E8, 0x00E8, 0x00E8, 0x00E8, 0x00E8,  /* 0x9830 */
  0x0070, 0x0076, 0x00E8, 0x00E8, 0x0060, 0x03E1, 0x03E1, 0x03E1,  /* 0x9838 */
  0x0068, 0x0068, 0x0068, 0x0068, 0x0068, 0x0068, 0x0068, 0x0068,  /* 0x9840 */
  0x006C, 0x006C, 0x006C, 0x006C, 0x006C, 0x006C, 0x006C, 0x006C,  /* 0x9848 */
  0x007E, 0x007E, 0x007E, 0x007E, 0x007E, 0x007E, 0x007E, 0x007E,  /* 0x9850 */
  0x008A, 0x008A, 0x008A, 0x008A, 0x008A, 0x008A, 0x008A, 0x008A,  /* 0x9858 */
  0x0084, 0x0084, 0x0084, 0x0084, 0x0084, 0x0084, 0x0084, 0x0084,  /* 0x9860 */
  0x0090, 0x0090, 0x0090, 0x0090, 0x0090, 0x0090, 0x0090, 0x0090,  /* 0x9868 */
  0x00F0, 0x00F0, 0x00F0, 0x00F0, 0x00F0, 0x00F0, 0x00F0, 0x00F0,  /* 0x9870 */
  0x0072, 0x0078, 0x00F0, 0x00F0, 0x0062, 0x03E1, 0x03E1, 0x03E1,  /* 0x9878 */
  0x006A, 0x006A, 0x006A, 0x006A, 0x006A, 0x006A, 0x006A, 0x006A,  /* 0x9880 */
  0x006E, 0x006E, 0x006E, 0x006E, 0x006E, 0x006E, 0x006E, 0x006E,  /* 0x9888 */
  0x0080, 0x0080, 0x0080, 0x0080, 0x0080, 0x0080, 0x0080, 0x0080,  /* 0x9890 */
  0x008C, 0x008C, 0x008C, 0x008C, 0x008C, 0x008C, 0x008C, 0x008C,  /* 0x9898 */
  0x0086, 0x0086, 0x0086, 0x0086, 0x0086, 0x0086, 0x0086, 0x0086,  /* 0x98A0 */
  0x0092, 0x0092, 0x0092, 0x0092, 0x0092, 0x0092, 0x0092, 0x0092,  /* 0x98A8 */
  0x00F8, 0x00F8, 0x00F8, 0x00F8, 0x00F8, 0x00F8, 0x00F8, 0x00F8,  /* 0x98B0 */
  0x0074, 0x007A, 0x00F8, 0x00F8, 0x0064, 0x03E1, 0x03E1, 0x03E1,  /* 0x98B8 */
  0x0108, 0x0108, 0x0108, 0x0108, 0x0108, 0x0108, 0x0108, 0x0108,  /* 0x98C0 */
  0x010A, 0x010A, 0x010A, 0x010A, 0x010A, 0x010A, 0x010A, 0x010A,  /* 0x98C8 */
  0x010C, 0x010C, 0x010C, 0x010C, 0x010C, 0x010C, 0x010C, 0x010C,  /* 0x98D0 */
  0x0110, 0x0110, 0x0110, 0x0110, 0x0110, 0x0110, 0x0110, 0x0110,  /* 0x98D8 */
  0x0112, 0x0112, 0x0112, 0x0112, 0x0112, 0x0112, 0x0112, 0x0112,  /* 0x98E0 */
  0x010E, 0x010E, 0x010E, 0x010E, 0x010E, 0x010E, 0x010E, 0x010E,  /* 0x98E8 */
  0x0119, 0x0119, 0x0119, 0x0119, 0x0119, 0x0119, 0x0119, 0x0119,  /* 0x98F0 */
  0x0119, 0x0119, 0x0119, 0x0119, 0x0118, 0x03E1, 0x03E1, 0x03E1,  /* 0x98F8 */
  0x026B, 0x026B, 0x026B, 0x026B, 0x026B, 0x026B, 0x026B, 0x026B,  /* 0x9900 */
  0x026F, 0x026F, 0x026F, 0x026F, 0x026F, 0x026F, 0x026F, 0x026E,  /* 0x9908 */
  0x00A0, 0x00A0, 0x00A0, 0x00A0, 0x00A0, 0x00A0, 0x00A0, 0x00A0,  /* 0x9910 */
  0x00AC, 0x00AC, 0x00AC, 0x00AC, 0x00AC, 0x00AC, 0x00AC, 0x00AC,  /* 0x9918 */
  0x00A6, 0x00A6, 0x00A6, 0x00A6, 0x00A6, 0x00A6, 0x00A6, 0x00A6,  /* 0x9920 */
  0x00B2, 0x00B2, 0x00B2, 0x00B2, 0x00B2, 0x00B2, 0x00B2, 0x00B2,  /* 0x9928 */
  0x00EA, 0x00EA, 0x00EA, 0x00EA, 0x00EA, 0x00EA, 0x00EA, 0x00EA,  /* 0x9930 */
  0x0094, 0x009A, 0x03E1, 0x03E1, 0x03E1, 0x03E1, 0x03E1, 0x03E1,  /* 0x9938 */
  0x0270, 0x0270, 0x0270, 0x0270, 0x0270, 0x0270, 0x0270, 0x0270,  /* 0x9940 */
  0x0271, 0x0271, 0x0271, 0x0271, 0x0271, 0x0271, 0x0271, 0x0271,  /* 0x9948 */
  0x00A2, 0x00A2, 0x00A2, 0x00A2, 0x00A2, 0x00A2, 0x00A2, 0x00A2,  /* 0x9950 */
  0x00AE, 0x00AE, 0x00AE, 0x00AE, 0x00AE, 0x00AE, 0x00AE, 0x00AE,  /* 0x9958 */
  0x00A8, 0x00A8, 0x00A8, 0x00A8, 0x00A8, 0x00A8, 0x00A8, 0x00A8,  /* 0x9960 */
  0x00B4, 0x00B4, 0x00B4, 0x00B4, 0x00B4, 0x00B4, 0x00B4, 0x00B4,  /* 0x9968 */
  0x00F2, 0x00F2, 0x00F2, 0x00F2, 0x00F2, 0x00F2, 0x00F2, 0x00F2,  /* 0x9970 */
  0x0096, 0x009C, 0x03E1, 0x03E1, 0x03E1, 0x03E1, 0x03E1, 0x03E1,  /* 0x9978 */
  0x0272, 0x0272, 0x0272, 0x0272, 0x0272, 0x0272, 0x0272, 0x0272,  /* 0x9980 */
  0x0273, 0x0273, 0x0273, 0x0273, 0x0273, 0x0273, 0x0273, 0x0273,  /* 0x9988 */
  0x00A4, 0x00A4, 0x00A4, 0x00A4, 0x00A4, 0x00A4, 0x00A4, 0x00A4,  /* 0x9990 */
  0x00B0, 0x00B0, 0x00B0, 0x00B0, 0x00B0, 0x00B0, 0x00B0, 0x00B0,  /* 0x9998 */
  0x00AA, 0x00AA, 0x00AA, 0x00AA, 0x00AA, 0x00AA, 0x00AA, 0x00AA,  /* 0x99A0 */
  0x00B6, 0x00B6, 0x00B6, 0x00B6, 0x00B6, 0x00B6, 0x00B6, 0x00B6,  /* 0x99A8 */
  0x00FA, 0x00FA, 0x00FA, 0x00FA, 0x00FA, 0x00FA, 0x00FA, 0x00FA,  /* 0x99B0 */
  0x0098, 0x009E, 0x03E1, 0x03E1, 0x03E1, 0x03E1, 0x03E1, 0x03E1,  /* 0x99B8 */
  0x0109, 0x0109, 0x0109, 0x0109, 0x0109, 0x0109, 0x0109, 0x0109,  /* 0x99C0 */
  0x010B, 0x010B, 0x010B, 0x010B, 0x010B, 0x010B, 0x010B, 0x010B,  /* 0x99C8 */
  0x010D, 0x010D, 0x010D, 0x010D, 0x010D, 0x010D, 0x010D, 0x010D,  /* 0x99D0 */
  0x0111, 0x0111, 0x0111, 0x0111, 0x0111, 0x0111, 0x0111, 0x0111,  /* 0x99D8 */
  0x0113, 0x0113, 0x0113, 0x0113, 0x0113, 0x0113, 0x0113, 0x0113,  /* 0x99E0 */
  0x010F, 0x010F, 0x010F, 0x010F, 0x010F, 0x010F, 0x010F, 0x010F,  /* 0x99E8 */
  0x011B, 0x011B, 0x011B, 0x011B, 0x011B, 0x011B, 0x011B, 0x011B,  /* 0x99F0 */
  0x011B, 0x011B, 0x011B, 0x011B, 0x011A, 0x03E1, 0x03E1, 0x03E1,  /* 0x99F8 */
  0x0066, 0x0066, 0x0066, 0x0066, 0x0066, 0x0066, 0x0066, 0x0066,  /* 0x9A00 */
  0x03E1, 0x03E1, 0x03E1, 0x03E1, 0x03E1, 0x03E1, 0x03E1, 0x03E1,  /* 0x9A08 */
  0x007C, 0x007C, 0x007C, 0x007C, 0x007C, 0x007C, 0x007C, 0x007C,  /* 0x9A10 */
  0x0088, 0x0088, 0x0088, 0x0088, 0x0088, 0x0088, 0x0088, 0x0088,  /* 0x9A18 */
  0x0082, 0x0082, 0x0082, 0x0082, 0x0082, 0x0082, 0x0082, 0x0082,  /* 0x9A20 */
  0x008E, 0x008E, 0x008E, 0x008E, 0x008E, 0x008E, 0x008E, 0x008E,  /* 0x9A28 */
  0x00E8, 0x00E8, 0x00E8, 0x00E8, 0x00E8, 0x00E8, 0x00E8, 0x00E8,  /* 0x9A30 */
  0x0070, 0x0076, 0x00E8, 0x00E8, 0x0060, 0x03E1, 0x03E1, 0x03E1,  /* 0x9A38 */
  0x0068, 0x0068, 0x0068, 0x0068, 0x0068, 0x0068, 0x0068, 0x0068,  /* 0x9A40 */
  0x006C, 0x006C, 0x006C, 0x006C, 0x006C, 0x006C, 0x006C, 0x006C,  /* 0x9A48 */
  0x007E, 0x007E, 0x007E, 0x007E, 0x007E, 0x007E, 0x007E, 0x007E,  /* 0x9A50 */
  0x008A, 0x008A, 0x008A, 0x008A, 0x008A, 0x008A, 0x008A, 0x008A,  /* 0x9A58 */
  0x0084, 0x0084, 0x0084, 0x0084, 0x0084, 0x0084, 0x0084, 0x0084,  /* 0x9A60 */
  0x0090, 0x0090, 0x0090, 0x0090, 0x0090, 0x0090, 0x0090, 0x0090,  /* 0x9A68 */
  0x00F0, 0x00F0, 0x00F0, 0x00F0, 0x00F0, 0x00F0, 0x00F0, 0x00F0,  /* 0x9A70 */
  0x0072, 0x0078, 0x00F0, 0x00F0, 0x0062, 0x03E1, 0x03E1, 0x03E1,  /* 0x9A78 */
  0x006A, 0x006A, 0x006A, 0x006A, 0x006A, 0x006A, 0x006A, 0x006A,  /* 0x9A80 */
  0x006E, 0x006E, 0x006E, 0x006E, 0x006E, 0x006E, 0x006E, 0x006E,  /* 0x9A88 */
  0x0080, 0x0080, 0x0080, 0x0080, 0x0080, 0x0080, 0x0080, 0x0080,  /* 0x9A90 */
  0x008C, 0x008C, 0x008C, 0x008C, 0x008C, 0x008C, 0x008C, 0x008C,  /* 0x9A98 */
  0x0086, 0x0086, 0x0086, 0x0086, 0x0086, 0x0086, 0x0086, 0x0086,  /* 0x9AA0 */
  0x0092, 0x0092, 0x0092, 0x0092, 0x0092, 0x0092, 0x0092, 0x0092,  /* 0x9AA8 */
  0x00F8, 0x00F8, 0x00F8, 0x00F8, 0x00F8, 0x00F8, 0x00F8, 0x00F8,  /* 0x9AB0 */
  0x0074, 0x007A, 0x00F8, 0x00F8, 0x0064, 0x03E1, 0x03E1, 0x03E1,  /* 0x9AB8 */
  0x0108, 0x0108, 0x0108, 0x0108, 0x0108, 0x0108, 0x0108, 0x0108,  /* 0x9AC0 */
  0x010A, 0x010A, 0x010A, 0x010A, 0x010A, 0x010A, 0x010A, 0x010A,  /* 0x9AC8 */
  0x010C, 0x010C, 0x010C, 0x010C, 0x010C, 0x010C, 0x010C, 0x010C,  /* 0x9AD0 */
  0x0110, 0x0110, 0x0110, 0x0110, 0x0110, 0x0110, 0x0110, 0x0110,  /* 0x9AD8 */
  0x0112, 0x0112, 0x0112, 0x0112, 0x0112, 0x0112, 0x0112, 0x0112,  /* 0x9AE0 */
  0x010E, 0x010E, 0x010E, 0x010E, 0x010E, 0x010E, 0x010E, 0x010E,  /* 0x9AE8 */
  0x0119, 0x0119, 0x0119, 0x0119, 0x0119, 0x0119, 0x0119, 0x0119,  /* 0x9AF0 */
  0x0119, 0x0119, 0x0119, 0x0119, 0x0118, 0x03E1, 0x03E1, 0x03E1,  /* 0x9AF8 */
  0x026B, 0x026B, 0x026B, 0x026B, 0x026B, 0x026B, 0x026B, 0x026B,  /* 0x9B00 */
  0x026F, 0x026F, 0x026F, 0x026F, 0x026F, 0x026F, 0x026F, 0x026E,  /* 0x9B08 */
  0x00A0, 0x00A0, 0x00A0, 0x00A0, 0x00A0, 0x00A0, 0x00A0, 0x00A0,  /* 0x9B10 */
  0x00AC, 0x00AC, 0x00AC, 0x00AC, 0x00AC, 0x00AC, 0x00AC, 0x00AC,  /* 0x9B18 */
  0x00A6, 0x00A6, 0x00A6, 0x00A6, 0x00A6, 0x00A6, 0x00A6, 0x00A6,  /* 0x9B20 */
  0x00B2, 0x00B2, 0x00B2, 0x00B2, 0x00B2, 0x00B2, 0x00B2, 0x00B2,  /* 0x9B28 */
  0x00EA, 0x00EA, 0x00EA, 0x00EA, 0x00EA, 0x00EA, 0x00EA, 0x00EA,  /* 0x9B30 */
  0x0094, 0x009A, 0x03E1, 0x03E1, 0x03E1, 0x03E1, 0x03E1, 0x03E1,  /* 0x9B38 */
  0x0270, 0x0270, 0x0270, 0x0270, 0x0270, 0x0270, 0x0270, 0x0270,  /* 0x9B40 */
  0x0271, 0x0271, 0x0271, 0x0271, 0x0271, 0x0271, 0x0271, 0x0271,  /* 0x9B48 */
  0x00A2, 0x00A2, 0x00A2, 0x00A2, 0x00A2, 0x00A2, 0x00A2, 0x00A2,  /* 0x9B50 */
  0x00AE, 0x00AE, 0x00AE, 0x00AE, 0x00AE, 0x00AE, 0x00AE, 0x00AE,  /* 0x9B58 */
  0x00A8, 0x00A8, 0x00A8, 0x00A8, 0x00A8, 0x00A8, 0x00A8, 0x00A8,  /* 0x9B60 */
  0x00B4, 0x00B4, 0x00B4, 0x00B4, 0x00B4, 0x00B4, 0x00B4, 0x00B4,  /* 0x9B68 */
  0x00F2, 0x00F2, 0x00F2, 0x00F2, 0x00F2, 0x00F2, 0x00F2, 0x00F2,  /* 0x9B70 */
  0x0096, 0x009C, 0x03E1, 0x03E1, 0x03E1, 0x03E1, 0x03E1, 0x03E1,  /* 0x9B78 */
  0x0272, 0x0272, 0x0272, 0x0272, 0x0272, 0x0272, 0x0272, 0x0272,  /* 0x9B80 */
  0x0273, 0x0273, 0x0273, 0x0273, 0x0273, 0x0273, 0x0273, 0x0273,  /* 0x9B88 */
  0x00A4, 0x00A4, 0x00A4, 0x00A4, 0x00A4, 0x00A4, 0x00A4, 0x00A4,  /* 0x9B90 */
  0x00B0, 0x00B0, 0x00B0, 0x00B0, 0x00B0, 0x00B0, 0x00B0, 0x00B0,  /* 0x9B98 */
  0x00AA, 0x00AA, 0x00AA, 0x00AA, 0x00AA, 0x00AA, 0x00AA, 0x00AA,  /* 0x9BA0 */
  0x00B6, 0x00B6, 0x00B6, 0x00B6, 0x00B6, 0x00B6, 0x00B6, 0x00B6,  /* 0x9BA8 */
  0x00FA, 0x00FA, 0x00FA, 0x00FA, 0x00FA, 0x00FA, 0x00FA, 0x00FA,  /* 0x9BB0 */
  0x0098, 0x009E, 0x03E1, 0x03E1, 0x03E1, 0x03E1, 0x03E1, 0x03E1,  /* 0x9BB8 */
  0x0109, 0x0109, 0x0109, 0x0109, 0x0109, 0x0109, 0x0109, 0x0109,  /* 0x9BC0 */
  0x010B, 0x010B, 0x010B, 0x010B, 0x010B, 0x010B, 0x010B, 0x010B,  /* 0x9BC8 */
  0x010D, 0x010D, 0x010D, 0x010D, 0x010D, 0x010D, 0x010D, 0x010D,  /* 0x9BD0 */
  0x0111, 0x0111, 0x0111, 0x0111, 0x0111, 0x0111, 0x0111, 0x0111,  /* 0x9BD8 */
  0x0113, 0x0113, 0x0113, 0x0113, 0x0113, 0x0113, 0x0113, 0x0113,  /* 0x9BE0 */
  0x010F, 0x010F, 0x010F, 0x010F, 0x010F, 0x010F, 0x010F, 0x010F,  /* 0x9BE8 */
  0x011B, 0x011B, 0x011B, 0x011B, 0x011B, 0x011B, 0x011B, 0x011B,  /* 0x9BF0 */
  0x011B, 0x011B, 0x011B, 0x011B, 0x011A, 0x03E1, 0x03E1, 0x03E1,  /* 0x9BF8 */
  0x0066, 0x0066, 0x0066, 0x0066, 0x0066, 0x0066, 0x0066, 0x0066,  /* 0x9C00 */
  0x03E1, 0x03E1, 0x03E1, 0x03E1, 0x03E1, 0x03E1, 0x03E1, 0x03E1,  /* 0x9C08 */
  0x007C, 0x007C, 0x007C, 0x007C, 0x007C, 0x007C, 0x007C, 0x007C,  /* 0x9C10 */
  0x0088, 0x0088, 0x0088, 0x0088, 0x0088, 0x0088, 0x0088, 0x0088,  /* 0x9C18 */
  0x0082, 0x0082, 0x0082, 0x0082, 0x0082, 0x0082, 0x0082, 0x0082,  /* 0x9C20 */
  0x008E, 0x008E, 0x008E, 0x008E, 0x008E, 0x008E, 0x008E, 0x008E,  /* 0x9C28 */
  0x00E8, 0x00E8, 0x00E8, 0x00E8, 0x00E8, 0x00E8, 0x00E8, 0x00E8,  /* 0x9C30 */
  0x0070, 0x0076, 0x00E8, 0x00E8, 0x0060, 0x03E1, 0x03E1, 0x03E1,  /* 0x9C38 */
  0x0068, 0x0068, 0x0068, 0x0068, 0x0068, 0x0068, 0x0068, 0x0068,  /* 0x9C40 */
  0x006C, 0x006C, 0x006C, 0x006C, 0x006C, 0x006C, 0x006C, 0x006C,  /* 0x9C48 */
  0x007E, 0x007E, 0x007E, 0x007E, 0x007E, 0x007E, 0x007E, 0x007E,  /* 0x9C50 */
  0x008A, 0x008A, 0x008A, 0x008A, 0x008A, 0x008A, 0x008A, 0x008A,  /* 0x9C58 */
  0x0084, 0x0084, 0x0084, 0x0084, 0x0084, 0x0084, 0x0084, 0x0084,  /* 0x9C60 */
  0x0090, 0x0090, 0x0090, 0x0090, 0x0090, 0x0090, 0x0090, 0x0090,  /* 0x9C68 */
  0x00F0, 0x00F0, 0x00F0, 0x00F0, 0x00F0, 0x00F0, 0x00F0, 0x00F0,  /* 0x9C70 */
  0x0072, 0x0078, 0x00F0, 0x00F0, 0x0062, 0x03E1, 0x03E1, 0x03E1,  /* 0x9C78 */
  0x006A, 0x006A, 0x006A, 0x006A, 0x006A, 0x006A, 0x006A, 0x006A,  /* 0x9C80 */
  0x006E, 0x006E, 0x006E, 0x006E, 0x006E, 0x006E, 0x006E, 0x006E,  /* 0x9C88 */
  0x0080, 0x0080, 0x0080, 0x0080, 0x0080, 0x0080, 0x0080, 0x0080,  /* 0x9C90 */
  0x008C, 0x008C, 0x008C, 0x008C, 0x008C, 0x008C, 0x008C, 0x008C,  /* 0x9C98 */
  0x0086, 0x0086, 0x0086, 0x0086, 0x0086, 0x0086, 0x0086, 0x0086,  /* 0x9CA0 */
  0x0092, 0x0092, 0x0092, 0x0092, 0x0092, 0x0092, 0x0092, 0x0092,  /* 0x9CA8 */
  0x00F8, 0x00F8, 0x00F8, 0x00F8, 0x00F8, 0x00F8, 0x00F8, 0x00F8,  /* 0x9CB0 */
  0x0074, 0x007A, 0x00F8, 0x00F8, 0x0064, 0x03E1, 0x03E1, 0x03E1,  /* 0x9CB8 */
  0x0108, 0x0108, 0x0108, 0x0108, 0x0108, 0x0108, 0x0108, 0x0108,  /* 0x9CC0 */
  0x010A, 0x010A, 0x010A, 0x010A, 0x010A, 0x010A, 0x010A, 0x010A,  /* 0x9CC8 */
  0x010C, 0x010C, 0x010C, 0x010C, 0x010C, 0x010C, 0x010C, 0x010C,  /* 0x9CD0 */
  0x0110, 0x0110, 0x0110, 0x0110, 0x0110, 0x0110, 0x0110, 0x0110,  /* 0x9CD8 */
  0x0112, 0x0112, 0x0112, 0x0112, 0x0112, 0x0112, 0x0112, 0x0112,  /* 0x9CE0 */
  0x010E, 0x010E, 0x010E, 0x010E, 0x010E, 0x010E, 0x010E, 0x010E,  /* 0x9CE8 */
  0x0119, 0x0119, 0x0119, 0x0119, 0x0119, 0x0119, 0x0119, 0x0119,  /* 0x9CF0 */
  0x0119, 0x0119, 0x0119, 0x0119, 0x0118, 0x03E1, 0x03E1, 0x03E1,  /* 0x9CF8 */
  0x026B, 0x026B, 0x026B, 0x026B, 0x026B, 0x026B, 0x026B, 0x026B,  /* 0x9D00 */
  0x026F, 0x026F, 0x026F, 0x026F, 0x026F, 0x026F, 0x026F, 0x026E,  /* 0x9D08 */
  0x00A0, 0x00A0, 0x00A0, 0x00A0, 0x00A0, 0x00A0, 0x00A0, 0x00A0,  /* 0x9D10 */
  0x00AC, 0x00AC, 0x00AC, 0x00AC, 0x00AC, 0x00AC, 0x00AC, 0x00AC,  /* 0x9D18 */
  0x00A6, 0x00A6, 0x00A6, 0x00A6, 0x00A6, 0x00A6, 0x00A6, 0x00A6,  /* 0x9D20 */
  0x00B2, 0x00B2, 0x00B2, 0x00B2, 0x00B2, 0x00B2, 0x00B2, 0x00B2,  /* 0x9D28 */
  0x00EA, 0x00EA, 0x00EA, 0x00EA, 0x00EA, 0x00EA, 0x00EA, 0x00EA,  /* 0x9D30 */
  0x0094, 0x009A, 0x03E1, 0x03E1, 0x03E1, 0x03E1, 0x03E1, 0x03E1,  /* 0x9D38 */
  0x0270, 0x0270, 0x0270, 0x0270, 0x0270, 0x0270, 0x0270, 0x0270,  /* 0x9D40 */
  0x0271, 0x0271, 0x0271, 0x0271, 0x0271, 0x0271, 0x0271, 0x0271,  /* 0x9D48 */
  0x00A2, 0x00A2, 0x00A2, 0x00A2, 0x00A2, 0x00A2, 0x00A2, 0x00A2,  /* 0x9D50 */
  0x00AE, 0x00AE, 0x00AE, 0x00AE, 0x00AE, 0x00AE, 0x00AE, 0x00AE,  /* 0x9D58 */
  0x00A8, 0x00A8, 0x00A8, 0x00A8, 0x00A8, 0x00A8, 0x00A8, 0x00A8,  /* 0x9D60 */
  0x00B4, 0x00B4, 0x00B4, 0x00B4, 0x00B4, 0x00B4, 0x00B4, 0x00B4,  /* 0x9D68 */
  0x00F2, 0x00F2, 0x00F2, 0x00F2, 0x00F2, 0x00F2, 0x00F2, 0x00F2,  /* 0x9D70 */
  0x0096, 0x009C, 0x03E1, 0x03E1, 0x03E1, 0x03E1, 0x03E1, 0x03E1,  /* 0x9D78 */
  0x0272, 0x0272, 0x0272, 0x0272, 0x0272, 0x0272, 0x0272, 0x0272,  /* 0x9D80 */
  0x0273, 0x0273, 0x0273, 0x0273, 0x0273, 0x0273, 0x0273, 0x0273,  /* 0x9D88 */
  0x00A4, 0x00A4, 0x00A4, 0x00A4, 0x00A4, 0x00A4, 0x00A4, 0x00A4,  /* 0x9D90 */
  0x00B0, 0x00B0, 0x00B0, 0x00B0, 0x00B0, 0x00B0, 0x00B0, 0x00B0,  /* 0x9D98 */
  0x00AA, 0x00AA, 0x00AA, 0x00AA, 0x00AA, 0x00AA, 0x00AA, 0x00AA,  /* 0x9DA0 */
  0x00B6, 0x00B6, 0x00B6, 0x00B6, 0x00B6, 0x00B6, 0x00B6, 0x00B6,  /* 0x9DA8 */
  0x00FA, 0x00FA, 0x00FA, 0x00FA, 0x00FA, 0x00FA, 0x00FA, 0x00FA,  /* 0x9DB0 */
  0x0098, 0x009E, 0x03E1, 0x03E1, 0x03E1, 0x03E1, 0x03E1, 0x03E1,  /* 0x9DB8 */
  0x0109, 0x0109, 0x0109, 0x0109, 0x0109, 0x0109, 0x0109, 0x0109,  /* 0x9DC0 */
  0x010B, 0x010B, 0x010B, 0x010B, 0x010B, 0x010B, 0x010B, 0x010B,  /* 0x9DC8 */
  0x010D, 0x010D, 0x010D, 0x010D, 0x010D, 0x010D, 0x010D, 0x010D,  /* 0x9DD0 */
  0x0111, 0x0111, 0x0111, 0x0111, 0x0111, 0x0111, 0x0111, 0x0111,  /* 0x9DD8 */
  0x0113, 0x0113, 0x0113, 0x0113, 0x0113, 0x0113, 0x0113, 0x0113,  /* 0x9DE0 */
  0x010F, 0x010F, 0x010F, 0x010F, 0x010F, 0x010F, 0x010F, 0x010F,  /* 0x9DE8 */
  0x011B, 0x011B, 0x011B, 0x011B, 0x011B, 0x011B, 0x011B, 0x011B,  /* 0x9DF0 */
  0x011B, 0x011B, 0x011B, 0x011B, 0x011A, 0x03E1, 0x03E1, 0x03E1,  /* 0x9DF8 */
  0x0066, 0x0066, 0x0066, 0x0066, 0x0066, 0x0066, 0x0066, 0x0066,  /* 0x9E00 */
  0x03E1, 0x03E1, 0x03E1, 0x03E1, 0x03E1, 0x03E1, 0x03E1, 0x03E1,  /* 0x9E08 */
  0x007C, 0x007C, 0x007C, 0x007C, 0x007C, 0x007C, 0x007C, 0x007C,  /* 0x9E10 */
  0x0088, 0x0088, 0x0088, 0x0088, 0x0088, 0x0088, 0x0088, 0x0088,  /* 0x9E18 */
  0x0082, 0x0082, 0x0082, 0x0082, 0x0082, 0x0082, 0x0082, 0x0082,  /* 0x9E20 */
  0x008E, 0x008E, 0x008E, 0x008E, 0x008E, 0x008E, 0x008E, 0x008E,  /* 0x9E28 */
  0x00E8, 0x00E8, 0x00E8, 0x00E8, 0x00E8, 0x00E8, 0x00E8, 0x00E8,  /* 0x9E30 */
  0x0070, 0x0076, 0x00E8, 0x00E8, 0x0060, 0x03E1, 0x03E1, 0x03E1,  /* 0x9E38 */
  0x0068, 0x0068, 0x0068, 0x0068, 0x0068, 0x0068, 0x0068, 0x0068,  /* 0x9E40 */
  0x006C, 0x006C, 0x006C, 0x006C, 0x006C, 0x006C, 0x006C, 0x006C,  /* 0x9E48 */
  0x007E, 0x007E, 0x007E, 0x007E, 0x007E, 0x007E, 0x007E, 0x007E,  /* 0x9E50 */
  0x008A, 0x008A, 0x008A, 0x008A, 0x008A, 0x008A, 0x008A, 0x008A,  /* 0x9E58 */
  0x0084, 0x0084, 0x0084, 0x0084, 0x0084, 0x0084, 0x0084, 0x0084,  /* 0x9E60 */
  0x0090, 0x0090, 0x0090, 0x0090, 0x0090, 0x0090, 0x0090, 0x0090,  /* 0x9E68 */
  0x00F0, 0x00F0, 0x00F0, 0x00F0, 0x00F0, 0x00F0, 0x00F0, 0x00F0,  /* 0x9E70 */
  0x0072, 0x0078, 0x00F0, 0x00F0, 0x0062, 0x03E1, 0x03E1, 0x03E1,  /* 0x9E78 */
  0x006A, 0x006A, 0x006A, 0x006A, 0x006A, 0x006A, 0x006A, 0x006A,  /* 0x9E80 */
  0x006E, 0x006E, 0x006E, 0x006E, 0x006E, 0x006E, 0x006E, 0x006E,  /* 0x9E88 */
  0x0080, 0x0080, 0x0080, 0x0080, 0x0080, 0x0080, 0x0080, 0x0080,  /* 0x9E90 */
  0x008C, 0x008C, 0x008C, 0x008C, 0x008C, 0x008C, 0x008C, 0x008C,  /* 0x9E98 */
  0x0086, 0x0086, 0x0086, 0x0086, 0x0086, 0x0086, 0x0086, 0x0086,  /* 0x9EA0 */
  0x0092, 0x0092, 0x0092, 0x0092, 0x0092, 0x0092, 0x0092, 0x0092,  /* 0x9EA8 */
  0x00F8, 0x00F8, 0x00F8, 0x00F8, 0x00F8, 0x00F8, 0x00F8, 0x00F8,  /* 0x9EB0 */
  0x0074, 0x007A, 0x00F8, 0x00F8, 0x0064, 0x03E1, 0x03E1, 0x03E1,  /* 0x9EB8 */
  0x0108, 0x0108, 0x0108, 0x0108, 0x0108, 0x0108, 0x0108, 0x0108,  /* 0x9EC0 */
  0x010A, 0x010A, 0x010A, 0x010A, 0x010A, 0x010A, 0x010A, 0x010A,  /* 0x9EC8 */
  0x010C, 0x010C, 0x010C, 0x010C, 0x010C, 0x010C, 0x010C, 0x010C,  /* 0x9ED0 */
  0x0110, 0x0110, 0x0110, 0x0110, 0x0110, 0x0110, 0x0110, 0x0110,  /* 0x9ED8 */
  0x0112, 0x0112, 0x0112, 0x0112, 0x0112, 0x0112, 0x0112, 0x0112,  /* 0x9EE0 */
  0x010E, 0x010E, 0x010E, 0x010E, 0x010E, 0x010E, 0x010E, 0x010E,  /* 0x9EE8 */
  0x0119, 0x0119, 0x0119, 0x0119, 0x0119, 0x0119, 0x0119, 0x0119,  /* 0x9EF0 */
  0x0119, 0x0119, 0x0119, 0x0119, 0x0118, 0x03E1, 0x03E1, 0x03E1,  /* 0x9EF8 */
  0x026B, 0x026B, 0x026B, 0x026B, 0x026B, 0x026B, 0x026B, 0x026B,  /* 0x9F00 */
  0x026D, 0x026D, 0x026D, 0x026D, 0x026D, 0x026D, 0x026D, 0x026C,  /* 0x9F08 */
  0x00A0, 0x00A0, 0x00A0, 0x00A0, 0x00A0, 0x00A0, 0x00A0, 0x00A0,  /* 0x9F10 */
  0x00AC, 0x00AC, 0x00AC, 0x00AC, 0x00AC, 0x00AC, 0x00AC, 0x00AC,  /* 0x9F18 */
  0x00A6, 0x00A6, 0x00A6, 0x00A6, 0x00A6, 0x00A6, 0x00A6, 0x00A6,  /* 0x9F20 */
  0x00B2, 0x00B2, 0x00B2, 0x00B2, 0x00B2, 0x00B2, 0x00B2, 0x00B2,  /* 0x9F28 */
  0x00EA, 0x00EA, 0x00EA, 0x00EA, 0x00EA, 0x00EA, 0x00EA, 0x00EA,  /* 0x9F30 */
  0x0094, 0x009A, 0x03E1, 0x03E1, 0x03E1, 0x03E1, 0x03E1, 0x03E1,  /* 0x9F38 */
  0x0270, 0x0270, 0x0270, 0x0270, 0x0270, 0x0270, 0x0270, 0x0270,  /* 0x9F40 */
  0x0271, 0x0271, 0x0271, 0x0271, 0x0271, 0x0271, 0x0271, 0x0271,  /* 0x9F48 */
  0x00A2, 0x00A2, 0x00A2, 0x00A2, 0x00A2, 0x00A2, 0x00A2, 0x00A2,  /* 0x9F50 */
  0x00AE, 0x00AE, 0x00AE, 0x00AE, 0x00AE, 0x00AE, 0x00AE, 0x00AE,  /* 0x9F58 */
  0x00A8, 0x00A8, 0x00A8, 0x00A8, 0x00A8, 0x00A8, 0x00A8, 0x00A8,  /* 0x9F60 */
  0x00B4, 0x00B4, 0x00B4, 0x00B4, 0x00B4, 0x00B4, 0x00B4, 0x00B4,  /* 0x9F68 */
  0x00F2, 0x00F2, 0x00F2, 0x00F2, 0x00F2, 0x00F2, 0x00F2, 0x00F2,  /* 0x9F70 */
  0x0096, 0x009C, 0x03E1, 0x03E1, 0x03E1, 0x03E1, 0x03E1, 0x03E1,  /* 0x9F78 */
  0x0272, 0x0272, 0x0272, 0x0272, 0x0272, 0x0272, 0x0272, 0x0272,  /* 0x9F80 */
  0x0273, 0x0273, 0x0273, 0x0273, 0x0273, 0x0273, 0x0273, 0x0273,  /* 0x9F88 */
  0x00A4, 0x00A4, 0x00A4, 0x00A4, 0x00A4, 0x00A4, 0x00A4, 0x00A4,  /* 0x9F90 */
  0x00B0, 0x00B0, 0x00B0, 0x00B0, 0x00B0, 0x00B0, 0x00B0, 0x00B0,  /* 0x9F98 */
  0x00AA, 0x00AA, 0x00AA, 0x00AA, 0x00AA, 0x00AA, 0x00AA, 0x00AA,  /* 0x9FA0 */
  0x00B6, 0x00B6, 0x00B6, 0x00B6, 0x00B6, 0x00B6, 0x00B6, 0x00B6,  /* 0x9FA8 */
  0x00FA, 0x00FA, 0x00FA, 0x00FA, 0x00FA, 0x00FA, 0x00FA, 0x00FA,  /* 0x9FB0 */
  0x0098, 0x009E, 0x03E1, 0x03E1, 0x03E1, 0x03E1, 0x03E1, 0x03E1,  /* 0x9FB8 */
  0x0109, 0x0109, 0x0109, 0x0109, 0x0109, 0x0109, 0x0109, 0x0109,  /* 0x9FC0 */
  0x010B, 0x010B, 0x010B, 0x010B, 0x010B, 0x010B, 0x010B, 0x010B,  /* 0x9FC8 */
  0x010D, 0x010D, 0x010D, 0x010D, 0x010D, 0x010D, 0x010D, 0x010D,  /* 0x9FD0 */
  0x0111, 0x0111, 0x0111, 0x0111, 0x0111, 0x0111, 0x0111, 0x0111,  /* 0x9FD8 */
  0x0113, 0x0113, 0x0113, 0x0113, 0x0113, 0x0113, 0x0113, 0x0113,  /* 0x9FE0 */
  0x010F, 0x010F, 0x010F, 0x010F, 0x010F, 0x010F, 0x010F, 0x010F,  /* 0x9FE8 */
  0x011B, 0x011B, 0x011B, 0x011B, 0x011B, 0x011B, 0x011B, 0x011B,  /* 0x9FF0 */
  0x011B, 0x011B, 0x011B, 0x011B, 0x011A, 0x03E1, 0x03E1, 0x03E1,  /* 0x9FF8 */
  0x0001, 0x0001, 0x0001, 0x0001, 0x0001, 0x0001, 0x0001, 0x0001,  /* 0xA000 */
  0x0001, 0x0001, 0x0001, 0x0001, 0x0001, 0x0001, 0x0001, 0x0001,  /* 0xA008 */
  0x0001, 0x0001, 0x0001, 0x0001, 0x0001, 0x0001, 0x0001, 0x0001,  /* 0xA010 */
  0x0001, 0x0001, 0x0001, 0x0001, 0x0001, 0x0001, 0x0001, 0x0001,  /* 0xA018 */
  0x0001, 0x0001, 0x0001, 0x0001, 0x0001, 0x0001, 0x0001, 0x0001,  /* 0xA020 */
  0x0001, 0x0001, 0x0001, 0x0001, 0x0001, 0x0001, 0x0001, 0x0001,  /* 0xA028 */
  0x0001, 0x0001, 0x0001, 0x0001, 0x0001, 0x0001, 0x0001, 0x0001,  /* 0xA030 */
  0x0001, 0x0001, 0x0001, 0x0001, 0x0001, 0x0001, 0x0001, 0x0001,  /* 0xA038 */
  0x0001, 0x0001, 0x0001, 0x0001, 0x0001, 0x0001, 0x0001, 0x0001,  /* 0xA040 */
  0x0001, 0x0001, 0x0001, 0x0001, 0x0001, 0x0001, 0x0001, 0x0001,  /* 0xA048 */
  0x0001, 0x0001, 0x0001, 0x0001, 0x0001, 0x0001, 0x0001, 0x0001,  /* 0xA050 */
  0x0001, 0x0001, 0x0001, 0x0001, 0x0001, 0x0001, 0x0001, 0x0001,  /* 0xA058 */
  0x0001, 0x0001, 0x0001, 0x0001, 0x0001, 0x0001, 0x0001, 0x0001,  /* 0xA060 */
  0x0001, 0x0001, 0x0001, 0x0001, 0x0001, 0x0001, 0x0001, 0x0001,  /* 0xA068 */
  0x0001, 0x0001, 0x0001, 0x0001, 0x0001, 0x0001, 0x0001, 0x0001,  /* 0xA070 */
  0x0001, 0x0001, 0x0001, 0x0001, 0x0001, 0x0001, 0x0001, 0x0001,  /* 0xA078 */
  0x0001, 0x0001, 0x0001, 0x0001, 0x0001, 0x0001, 0x0001, 0x0001,  /* 0xA080 */
  0x0001, 0x0001, 0x0001, 0x0001, 0x0001, 0x0001, 0x0001, 0x0001,  /* 0xA088 */
  0x0001, 0x0001, 0x0001, 0x0001, 0x0001, 0x0001, 0x0001, 0x0001,  /* 0xA090 */
  0x0001, 0x0001, 0x0001, 0x0001, 0x0001, 0x0001, 0x0001, 0x0001,  /* 0xA098 */
  0x0001, 0x0001, 0x0001, 0x0001, 0x0001, 0x0001, 0x0001, 0x0001,  /* 0xA0A0 */
  0x0001, 0x0001, 0x0001, 0x0001, 0x0001, 0x0001, 0x0001, 0x0001,  /* 0xA0A8 */
  0x0001, 0x0001, 0x0001, 0x0001, 0x0001, 0x0001, 0x0001, 0x0001,  /* 0xA0B0 */
  0x0001, 0x0001, 0x0001, 0x0001, 0x0001, 0x0001, 0x0001, 0x0001,  /* 0xA0B8 */
  0x0001, 0x0001, 0x0001, 0x0001, 0x0001, 0x0001, 0x0001, 0x0001,  /* 0xA0C0 */
  0x0001, 0x0001, 0x0001, 0x0001, 0x0001, 0x0001, 0x0001, 0x0001,  /* 0xA0C8 */
  0x0001, 0x0001, 0x0001, 0x0001, 0x0001, 0x0001, 0x0001, 0x0001,  /* 0xA0D0 */
  0x0001, 0x0001, 0x0001, 0x0001, 0x0001, 0x0001, 0x0001, 0x0001,  /* 0xA0D8 */
  0x0001, 0x0001, 0x0001, 0x0001, 0x0001, 0x0001, 0x0001, 0x0001,  /* 0xA0E0 */
  0x0001, 0x0001, 0x0001, 0x0001, 0x0001, 0x0001, 0x0001, 0x0001,  /* 0xA0E8 */
  0x0001, 0x0001, 0x0001, 0x0001, 0x0001, 0x0001, 0x0001, 0x0001,  /* 0xA0F0 */
  0x0001, 0x0001, 0x0001, 0x0001, 0x0001, 0x0001, 0x0001, 0x0001,  /* 0xA0F8 */
  0x0001, 0x0001, 0x0001, 0x0001, 0x0001, 0x0001, 0x0001, 0x0001,  /* 0xA100 */
  0x0001, 0x0001, 0x0001, 0x0001, 0x0001, 0x0001, 0x0001, 0x0001,  /* 0xA108 */
  0x0001, 0x0001, 0x0001, 0x0001, 0x0001, 0x0001, 0x0001, 0x0001,  /* 0xA110 */
  0x0001, 0x0001, 0x0001, 0x0001, 0x0001, 0x0001, 0x0001, 0x0001,  /* 0xA118 */
  0x0001, 0x0001, 0x0001, 0x0001, 0x0001, 0x0001, 0x0001, 0x0001,  /* 0xA120 */
  0x0001, 0x0001, 0x0001, 0x0001, 0x0001, 0x0001, 0x0001, 0x0001,  /* 0xA128 */
  0x0001, 0x0001, 0x0001, 0x0001, 0x0001, 0x0001, 0x0001, 0x0001,  /* 0xA130 */
  0x0001, 0x0001, 0x0001, 0x0001, 0x0001, 0x0001, 0x0001, 0x0001,  /* 0xA138 */
  0x0001, 0x0001, 0x0001, 0x0001, 0x0001, 0x0001, 0x0001, 0x0001,  /* 0xA140 */
  0x0001, 0x0001, 0x0001, 0x0001, 0x0001, 0x0001, 0x0001, 0x0001,  /* 0xA148 */
  0x0001, 0x0001, 0x0001, 0x0001, 0x0001, 0x0001, 0x0001, 0x0001,  /* 0xA150 */
  0x0001, 0x0001, 0x0001, 0x0001, 0x0001, 0x0001, 0x0001, 0x0001,  /* 0xA158 */
  0x0001, 0x0001, 0x0001, 0x0001, 0x0001, 0x0001, 0x0001, 0x0001,  /* 0xA160 */
  0x0001, 0x0001, 0x0001, 0x0001, 0x0001, 0x0001, 0x0001, 0x0001,  /* 0xA168 */
  0x0001, 0x0001, 0x0001, 0x0001, 0x0001, 0x0001, 0x0001, 0x0001,  /* 0xA170 */
  0x0001, 0x0001, 0x0001, 0x0001, 0x0001, 0x0001, 0x0001, 0x0001,  /* 0xA178 */
  0x0001, 0x0001, 0x0001, 0x0001, 0x0001, 0x0001, 0x0001, 0x0001,  /* 0xA180 */
  0x0001, 0x0001, 0x0001, 0x0001, 0x0001, 0x0001, 0x0001, 0x0001,  /* 0xA188 */
  0x0001, 0x0001, 0x0001, 0x0001, 0x0001, 0x0001, 0x0001, 0x0001,  /* 0xA190 */
  0x0001, 0x0001, 0x0001, 0x0001, 0x0001, 0x0001, 0x0001, 0x0001,  /* 0xA198 */
  0x0001, 0x0001, 0x0001, 0x0001, 0x0001, 0x0001, 0x0001, 0x0001,  /* 0xA1A0 */
  0x0001, 0x0001, 0x0001, 0x0001, 0x0001, 0x0001, 0x0001, 0x0001,  /* 0xA1A8 */
  0x0001, 0x0001, 0x0001, 0x0001, 0x0001, 0x0001, 0x0001, 0x0001,  /* 0xA1B0 */
  0x0001, 0x0001, 0x0001, 0x0001, 0x0001, 0x0001, 0x0001, 0x0001,  /* 0xA1B8 */
  0x0001, 0x0001, 0x0001, 0x0001, 0x0001, 0x0001, 0x0001, 0x0001,  /* 0xA1C0 */
  0x0001, 0x0001, 0x0001, 0x0001, 0x0001, 0x0001, 0x0001, 0x0001,  /* 0xA1C8 */
  0x0001, 0x0001, 0x0001, 0x0001, 0x0001, 0x0001, 0x0001, 0x0001,  /* 0xA1D0 */
  0x0001, 0x0001, 0x0001, 0x0001, 0x0001, 0x0001, 0x0001, 0x0001,  /* 0xA1D8 */
  0x0001, 0x0001, 0x0001, 0x0001, 0x0001, 0x0001, 0x0001, 0x0001,  /* 0xA1E0 */
  0x0001, 0x0001, 0x0001, 0x0001, 0x0001, 0x0001, 0x0001, 0x0001,  /* 0xA1E8 */
  0x0001, 0x0001, 0x0001, 0x0001, 0x0001, 0x0001, 0x0001, 0x0001,  /* 0xA1F0 */
  0x0001, 0x0001, 0x0001, 0x0001, 0x0001, 0x0001, 0x0001, 0x0001,  /* 0xA1F8 */
  0x0001, 0x0001, 0x0001, 0x0001, 0x0001, 0x0001, 0x0001, 0x0001,  /* 0xA200 */
  0x0001, 0x0001, 0x0001, 0x0001, 0x0001, 0x0001, 0x0001, 0x0001,  /* 0xA208 */
  0x0001, 0x0001, 0x0001, 0x0001, 0x0001, 0x0001, 0x0001, 0x0001,  /* 0xA210 */
  0x0001, 0x0001, 0x0001, 0x0001, 0x0001, 0x0001, 0x0001, 0x0001,  /* 0xA218 */
  0x0001, 0x0001, 0x0001, 0x0001, 0x0001, 0x0001, 0x0001, 0x0001,  /* 0xA220 */
  0x0001, 0x0001, 0x0001, 0x0001, 0x0001, 0x0001, 0x0001, 0x0001,  /* 0xA228 */
  0x0001, 0x0001, 0x0001, 0x0001, 0x0001, 0x0001, 0x0001, 0x0001,  /* 0xA230 */
  0x0001, 0x0001, 0x0001, 0x0001, 0x0001, 0x0001, 0x0001, 0x0001,  /* 0xA238 */
  0x0001, 0x0001, 0x0001, 0x0001, 0x0001, 0x0001, 0x0001, 0x0001,  /* 0xA240 */
  0x0001, 0x0001, 0x0001, 0x0001, 0x0001, 0x0001, 0x0001, 0x0001,  /* 0xA248 */
  0x0001, 0x0001, 0x0001, 0x0001, 0x0001, 0x0001, 0x0001, 0x0001,  /* 0xA250 */
  0x0001, 0x0001, 0x0001, 0x0001, 0x0001, 0x0001, 0x0001, 0x0001,  /* 0xA258 */
  0x0001, 0x0001, 0x0001, 0x0001, 0x0001, 0x0001, 0x0001, 0x0001,  /* 0xA260 */
  0x0001, 0x0001, 0x0001, 0x0001, 0x0001, 0x0001, 0x0001, 0x0001,  /* 0xA268 */
  0x0001, 0x0001, 0x0001, 0x0001, 0x0001, 0x0001, 0x0001, 0x0001,  /* 0xA270 */
  0x0001, 0x0001, 0x0001, 0x0001, 0x0001, 0x0001, 0x0001, 0x0001,  /* 0xA278 */
  0x0001, 0x0001, 0x0001, 0x0001, 0x0001, 0x0001, 0x0001, 0x0001,  /* 0xA280 */
  0x0001, 0x0001, 0x0001, 0x0001, 0x0001, 0x0001, 0x0001, 0x0001,  /* 0xA288 */
  0x0001, 0x0001, 0x0001, 0x0001, 0x0001, 0x0001, 0x0001, 0x0001,  /* 0xA290 */
  0x0001, 0x0001, 0x0001, 0x0001, 0x0001, 0x0001, 0x0001, 0x0001,  /* 0xA298 */
  0x0001, 0x0001, 0x0001, 0x0001, 0x0001, 0x0001, 0x0001, 0x0001,  /* 0xA2A0 */
  0x0001, 0x0001, 0x0001, 0x0001, 0x0001, 0x0001, 0x0001, 0x0001,  /* 0xA2A8 */
  0x0001, 0x0001, 0x0001, 0x0001, 0x0001, 0x0001, 0x0001, 0x0001,  /* 0xA2B0 */
  0x0001, 0x0001, 0x0001, 0x0001, 0x0001, 0x0001, 0x0001, 0x0001,  /* 0xA2B8 */
  0x0001, 0x0001, 0x0001, 0x0001, 0x0001, 0x0001, 0x0001, 0x0001,  /* 0xA2C0 */
  0x0001, 0x0001, 0x0001, 0x0001, 0x0001, 0x0001, 0x0001, 0x0001,  /* 0xA2C8 */
  0x0001, 0x0001, 0x0001, 0x0001, 0x0001, 0x0001, 0x0001, 0x0001,  /* 0xA2D0 */
  0x0001, 0x0001, 0x0001, 0x0001, 0x0001, 0x0001, 0x0001, 0x0001,  /* 0xA2D8 */
  0x0001, 0x0001, 0x0001, 0x0001, 0x0001, 0x0001, 0x0001, 0x0001,  /* 0xA2E0 */
  0x0001, 0x0001, 0x0001, 0x0001, 0x0001, 0x0001, 0x0001, 0x0001,  /* 0xA2E8 */
  0x0001, 0x0001, 0x0001, 0x0001, 0x0001, 0x0001, 0x0001, 0x0001,  /* 0xA2F0 */
  0x0001, 0x0001, 0x0001, 0x0001, 0x0001, 0x0001, 0x0001, 0x0001,  /* 0xA2F8 */
  0x0001, 0x0001, 0x0001, 0x0001, 0x0001, 0x0001, 0x0001, 0x0001,  /* 0xA300 */
  0x0001, 0x0001, 0x0001, 0x0001, 0x0001, 0x0001, 0x0001, 0x0001,  /* 0xA308 */
  0x0001, 0x0001, 0x0001, 0x0001, 0x0001, 0x0001, 0x0001, 0x0001,  /* 0xA310 */
  0x0001, 0x0001, 0x0001, 0x0001, 0x0001, 0x0001, 0x0001, 0x0001,  /* 0xA318 */
  0x0001, 0x0001, 0x0001, 0x0001, 0x0001, 0x0001, 0x0001, 0x0001,  /* 0xA320 */
  0x0001, 0x0001, 0x0001, 0x0001, 0x0001, 0x0001, 0x0001, 0x0001,  /* 0xA328 */
  0x0001, 0x0001, 0x0001, 0x0001, 0x0001, 0x0001, 0x0001, 0x0001,  /* 0xA330 */
  0x0001, 0x0001, 0x0001, 0x0001, 0x0001, 0x0001, 0x0001, 0x0001,  /* 0xA338 */
  0x0001, 0x0001, 0x0001, 0x0001, 0x0001, 0x0001, 0x0001, 0x0001,  /* 0xA340 */
  0x0001, 0x0001, 0x0001, 0x0001, 0x0001, 0x0001, 0x0001, 0x0001,  /* 0xA348 */
  0x0001, 0x0001, 0x0001, 0x0001, 0x0001, 0x0001, 0x0001, 0x0001,  /* 0xA350 */
  0x0001, 0x0001, 0x0001, 0x0001, 0x0001, 0x0001, 0x0001, 0x0001,  /* 0xA358 */
  0x0001, 0x0001, 0x0001, 0x0001, 0x0001, 0x0001, 0x0001, 0x0001,  /* 0xA360 */
  0x0001, 0x0001, 0x0001, 0x0001, 0x0001, 0x0001, 0x0001, 0x0001,  /* 0xA368 */
  0x0001, 0x0001, 0x0001, 0x0001, 0x0001, 0x0001, 0x0001, 0x0001,  /* 0xA370 */
  0x0001, 0x0001, 0x0001, 0x0001, 0x0001, 0x0001, 0x0001, 0x0001,  /* 0xA378 */
  0x0001, 0x0001, 0x0001, 0x0001, 0x0001, 0x0001, 0x0001, 0x0001,  /* 0xA380 */
  0x0001, 0x0001, 0x0001, 0x0001, 0x0001, 0x0001, 0x0001, 0x0001,  /* 0xA388 */
  0x0001, 0x0001, 0x0001, 0x0001, 0x0001, 0x0001, 0x0001, 0x0001,  /* 0xA390 */
  0x0001, 0x0001, 0x0001, 0x0001, 0x0001, 0x0001, 0x0001, 0x0001,  /* 0xA398 */
  0x0001, 0x0001, 0x0001, 0x0001, 0x0001, 0x0001, 0x0001, 0x0001,  /* 0xA3A0 */
  0x0001, 0x0001, 0x0001, 0x0001, 0x0001, 0x0001, 0x0001, 0x0001,  /* 0xA3A8 */
  0x0001, 0x0001, 0x0001, 0x0001, 0x0001, 0x0001, 0x0001, 0x0001,  /* 0xA3B0 */
  0x0001, 0x0001, 0x0001, 0x0001, 0x0001, 0x0001, 0x0001, 0x0001,  /* 0xA3B8 */
  0x0001, 0x0001, 0x0001, 0x0001, 0x0001, 0x0001, 0x0001, 0x0001,  /* 0xA3C0 */
  0x0001, 0x0001, 0x0001, 0x0001, 0x0001, 0x0001, 0x0001, 0x0001,  /* 0xA3C8 */
  0x0001, 0x0001, 0x0001, 0x0001, 0x0001, 0x0001, 0x0001, 0x0001,  /* 0xA3D0 */
  0x0001, 0x0001, 0x0001, 0x0001, 0x0001, 0x0001, 0x0001, 0x0001,  /* 0xA3D8 */
  0x0001, 0x0001, 0x0001, 0x0001, 0x0001, 0x0001, 0x0001, 0x0001,  /* 0xA3E0 */
  0x0001, 0x0001, 0x0001, 0x0001, 0x0001, 0x0001, 0x0001, 0x0001,  /* 0xA3E8 */
  0x0001, 0x0001, 0x0001, 0x0001, 0x0001, 0x0001, 0x0001, 0x0001,  /* 0xA3F0 */
  0x0001, 0x0001, 0x0001, 0x0001, 0x0001, 0x0001, 0x0001, 0x0001,  /* 0xA3F8 */
  0x0001, 0x0001, 0x0001, 0x0001, 0x0001, 0x0001, 0x0001, 0x0001,  /* 0xA400 */
  0x0001, 0x0001, 0x0001, 0x0001, 0x0001, 0x0001, 0x0001, 0x0001,  /* 0xA408 */
  0x0001, 0x0001, 0x0001, 0x0001, 0x0001, 0x0001, 0x0001, 0x0001,  /* 0xA410 */
  0x0001, 0x0001, 0x0001, 0x0001, 0x0001, 0x0001, 0x0001, 0x0001,  /* 0xA418 */
  0x0001, 0x0001, 0x0001, 0x0001, 0x0001, 0x0001, 0x0001, 0x0001,  /* 0xA420 */
  0x0001, 0x0001, 0x0001, 0x0001, 0x0001, 0x0001, 0x0001, 0x0001,  /* 0xA428 */
  0x0001, 0x0001, 0x0001, 0x0001, 0x0001, 0x0001, 0x0001, 0x0001,  /* 0xA430 */
  0x0001, 0x0001, 0x0001, 0x0001, 0x0001, 0x0001, 0x0001, 0x0001,  /* 0xA438 */
  0x0001, 0x0001, 0x0001, 0x0001, 0x0001, 0x0001, 0x0001, 0x0001,  /* 0xA440 */
  0x0001, 0x0001, 0x0001, 0x0001, 0x0001, 0x0001, 0x0001, 0x0001,  /* 0xA448 */
  0x0001, 0x0001, 0x0001, 0x0001, 0x0001, 0x0001, 0x0001, 0x0001,  /* 0xA450 */
  0x0001, 0x0001, 0x0001, 0x0001, 0x0001, 0x0001, 0x0001, 0x0001,  /* 0xA458 */
  0x0001, 0x0001, 0x0001, 0x0001, 0x0001, 0x0001, 0x0001, 0x0001,  /* 0xA460 */
  0x0001, 0x0001, 0x0001, 0x0001, 0x0001, 0x0001, 0x0001, 0x0001,  /* 0xA468 */
  0x0001, 0x0001, 0x0001, 0x0001, 0x0001, 0x0001, 0x0001, 0x0001,  /* 0xA470 */
  0x0001, 0x0001, 0x0001, 0x0001, 0x0001, 0x0001, 0x0001, 0x0001,  /* 0xA478 */
  0x0001, 0x0001, 0x0001, 0x0001, 0x0001, 0x0001, 0x0001, 0x0001,  /* 0xA480 */
  0x0001, 0x0001, 0x0001, 0x0001, 0x0001, 0x0001, 0x0001, 0x0001,  /* 0xA488 */
  0x0001, 0x0001, 0x0001, 0x0001, 0x0001, 0x0001, 0x0001, 0x0001,  /* 0xA490 */
  0x0001, 0x0001, 0x0001, 0x0001, 0x0001, 0x0001, 0x0001, 0x0001,  /* 0xA498 */
  0x0001, 0x0001, 0x0001, 0x0001, 0x0001, 0x0001, 0x0001, 0x0001,  /* 0xA4A0 */
  0x0001, 0x0001, 0x0001, 0x0001, 0x0001, 0x0001, 0x0001, 0x0001,  /* 0xA4A8 */
  0x0001, 0x0001, 0x0001, 0x0001, 0x0001, 0x0001, 0x0001, 0x0001,  /* 0xA4B0 */
  0x0001, 0x0001, 0x0001, 0x0001, 0x0001, 0x0001, 0x0001, 0x0001,  /* 0xA4B8 */
  0x0001, 0x0001, 0x0001, 0x0001, 0x0001, 0x0001, 0x0001, 0x0001,  /* 0xA4C0 */
  0x0001, 0x0001, 0x0001, 0x0001, 0x0001, 0x0001, 0x0001, 0x0001,  /* 0xA4C8 */
  0x0001, 0x0001, 0x0001, 0x0001, 0x0001, 0x0001, 0x0001, 0x0001,  /* 0xA4D0 */
  0x0001, 0x0001, 0x0001, 0x0001, 0x0001, 0x0001, 0x0001, 0x0001,  /* 0xA4D8 */
  0x0001, 0x0001, 0x0001, 0x0001, 0x0001, 0x0001, 0x0001, 0x0001,  /* 0xA4E0 */
  0x0001, 0x0001, 0x0001, 0x0001, 0x0001, 0x0001, 0x0001, 0x0001,  /* 0xA4E8 */
  0x0001, 0x0001, 0x0001, 0x0001, 0x0001, 0x0001, 0x0001, 0x0001,  /* 0xA4F0 */
  0x0001, 0x0001, 0x0001, 0x0001, 0x0001, 0x0001, 0x0001, 0x0001,  /* 0xA4F8 */
  0x0001, 0x0001, 0x0001, 0x0001, 0x0001, 0x0001, 0x0001, 0x0001,  /* 0xA500 */
  0x0001, 0x0001, 0x0001, 0x0001, 0x0001, 0x0001, 0x0001, 0x0001,  /* 0xA508 */
  0x0001, 0x0001, 0x0001, 0x0001, 0x0001, 0x0001, 0x0001, 0x0001,  /* 0xA510 */
  0x0001, 0x0001, 0x0001, 0x0001, 0x0001, 0x0001, 0x0001, 0x0001,  /* 0xA518 */
  0x0001, 0x0001, 0x0001, 0x0001, 0x0001, 0x0001, 0x0001, 0x0001,  /* 0xA520 */
  0x0001, 0x0001, 0x0001, 0x0001, 0x0001, 0x0001, 0x0001, 0x0001,  /* 0xA528 */
  0x0001, 0x0001, 0x0001, 0x0001, 0x0001, 0x0001, 0x0001, 0x0001,  /* 0xA530 */
  0x0001, 0x0001, 0x0001, 0x0001, 0x0001, 0x0001, 0x0001, 0x0001,  /* 0xA538 */
  0x0001, 0x0001, 0x0001, 0x0001, 0x0001, 0x0001, 0x0001, 0x0001,  /* 0xA540 */
  0x0001, 0x0001, 0x0001, 0x0001, 0x0001, 0x0001, 0x0001, 0x0001,  /* 0xA548 */
  0x0001, 0x0001, 0x0001, 0x0001, 0x0001, 0x0001, 0x0001, 0x0001,  /* 0xA550 */
  0x0001, 0x0001, 0x0001, 0x0001, 0x0001, 0x0001, 0x0001, 0x0001,  /* 0xA558 */
  0x0001, 0x0001, 0x0001, 0x0001, 0x0001, 0x0001, 0x0001, 0x0001,  /* 0xA560 */
  0x0001, 0x0001, 0x0001, 0x0001, 0x0001, 0x0001, 0x0001, 0x0001,  /* 0xA568 */
  0x0001, 0x0001, 0x0001, 0x0001, 0x0001, 0x0001, 0x0001, 0x0001,  /* 0xA570 */
  0x0001, 0x0001, 0x0001, 0x0001, 0x0001, 0x0001, 0x0001, 0x0001,  /* 0xA578 */
  0x0001, 0x0001, 0x0001, 0x0001, 0x0001, 0x0001, 0x0001, 0x0001,  /* 0xA580 */
  0x0001, 0x0001, 0x0001, 0x0001, 0x0001, 0x0001, 0x0001, 0x0001,  /* 0xA588 */
  0x0001, 0x0001, 0x0001, 0x0001, 0x0001, 0x0001, 0x0001, 0x0001,  /* 0xA590 */
  0x0001, 0x0001, 0x0001, 0x0001, 0x0001, 0x0001, 0x0001, 0x0001,  /* 0xA598 */
  0x0001, 0x0001, 0x0001, 0x0001, 0x0001, 0x0001, 0x0001, 0x0001,  /* 0xA5A0 */
  0x0001, 0x0001, 0x0001, 0x0001, 0x0001, 0x0001, 0x0001, 0x0001,  /* 0xA5A8 */
  0x0001, 0x0001, 0x0001, 0x0001, 0x0001, 0x0001, 0x0001, 0x0001,  /* 0xA5B0 */
  0x0001, 0x0001, 0x0001, 0x0001, 0x0001, 0x0001, 0x0001, 0x0001,  /* 0xA5B8 */
  0x0001, 0x0001, 0x0001, 0x0001, 0x0001, 0x0001, 0x0001, 0x0001,  /* 0xA5C0 */
  0x0001, 0x0001, 0x0001, 0x0001, 0x0001, 0x0001, 0x0001, 0x0001,  /* 0xA5C8 */
  0x0001, 0x0001, 0x0001, 0x0001, 0x0001, 0x0001, 0x0001, 0x0001,  /* 0xA5D0 */
  0x0001, 0x0001, 0x0001, 0x0001, 0x0001, 0x0001, 0x0001, 0x0001,  /* 0xA5D8 */
  0x0001, 0x0001, 0x0001, 0x0001, 0x0001, 0x0001, 0x0001, 0x0001,  /* 0xA5E0 */
  0x0001, 0x0001, 0x0001, 0x0001, 0x0001, 0x0001, 0x0001, 0x0001,  /* 0xA5E8 */
  0x0001, 0x0001, 0x0001, 0x0001, 0x0001, 0x0001, 0x0001, 0x0001,  /* 0xA5F0 */
  0x0001, 0x0001, 0x0001, 0x0001, 0x0001, 0x0001, 0x0001, 0x0001,  /* 0xA5F8 */
  0x0001, 0x0001, 0x0001, 0x0001, 0x0001, 0x0001, 0x0001, 0x0001,  /* 0xA600 */
  0x0001, 0x0001, 0x0001, 0x0001, 0x0001, 0x0001, 0x0001, 0x0001,  /* 0xA608 */
  0x0001, 0x0001, 0x0001, 0x0001, 0x0001, 0x0001, 0x0001, 0x0001,  /* 0xA610 */
  0x0001, 0x0001, 0x0001, 0x0001, 0x0001, 0x0001, 0x0001, 0x0001,  /* 0xA618 */
  0x0001, 0x0001, 0x0001, 0x0001, 0x0001, 0x0001, 0x0001, 0x0001,  /* 0xA620 */
  0x0001, 0x0001, 0x0001, 0x0001, 0x0001, 0x0001, 0x0001, 0x0001,  /* 0xA628 */
  0x0001, 0x0001, 0x0001, 0x0001, 0x0001, 0x0001, 0x0001, 0x0001,  /* 0xA630 */
  0x0001, 0x0001, 0x0001, 0x0001, 0x0001, 0x0001, 0x0001, 0x0001,  /* 0xA638 */
  0x0001, 0x0001, 0x0001, 0x0001, 0x0001, 0x0001, 0x0001, 0x0001,  /* 0xA640 */
  0x0001, 0x0001, 0x0001, 0x0001, 0x0001, 0x0001, 0x0001, 0x0001,  /* 0xA648 */
  0x0001, 0x0001, 0x0001, 0x0001, 0x0001, 0x0001, 0x0001, 0x0001,  /* 0xA650 */
  0x0001, 0x0001, 0x0001, 0x0001, 0x0001, 0x0001, 0x0001, 0x0001,  /* 0xA658 */
  0x0001, 0x0001, 0x0001, 0x0001, 0x0001, 0x0001, 0x0001, 0x0001,  /* 0xA660 */
  0x0001, 0x0001, 0x0001, 0x0001, 0x0001, 0x0001, 0x0001, 0x0001,  /* 0xA668 */
  0x0001, 0x0001, 0x0001, 0x0001, 0x0001, 0x0001, 0x0001, 0x0001,  /* 0xA670 */
  0x0001, 0x0001, 0x0001, 0x0001, 0x0001, 0x0001, 0x0001, 0x0001,  /* 0xA678 */
  0x0001, 0x0001, 0x0001, 0x0001, 0x0001, 0x0001, 0x0001, 0x0001,  /* 0xA680 */
  0x0001, 0x0001, 0x0001, 0x0001, 0x0001, 0x0001, 0x0001, 0x0001,  /* 0xA688 */
  0x0001, 0x0001, 0x0001, 0x0001, 0x0001, 0x0001, 0x0001, 0x0001,  /* 0xA690 */
  0x0001, 0x0001, 0x0001, 0x0001, 0x0001, 0x0001, 0x0001, 0x0001,  /* 0xA698 */
  0x0001, 0x0001, 0x0001, 0x0001, 0x0001, 0x0001, 0x0001, 0x0001,  /* 0xA6A0 */
  0x0001, 0x0001, 0x0001, 0x0001, 0x0001, 0x0001, 0x0001, 0x0001,  /* 0xA6A8 */
  0x0001, 0x0001, 0x0001, 0x0001, 0x0001, 0x0001, 0x0001, 0x0001,  /* 0xA6B0 */
  0x0001, 0x0001, 0x0001, 0x0001, 0x0001, 0x0001, 0x0001, 0x0001,  /* 0xA6B8 */
  0x0001, 0x0001, 0x0001, 0x0001, 0x0001, 0x0001, 0x0001, 0x0001,  /* 0xA6C0 */
  0x0001, 0x0001, 0x0001, 0x0001, 0x0001, 0x0001, 0x0001, 0x0001,  /* 0xA6C8 */
  0x0001, 0x0001, 0x0001, 0x0001, 0x0001, 0x0001, 0x0001, 0x0001,  /* 0xA6D0 */
  0x0001, 0x0001, 0x0001, 0x0001, 0x0001, 0x0001, 0x0001, 0x0001,  /* 0xA6D8 */
  0x0001, 0x0001, 0x0001, 0x0001, 0x0001, 0x0001, 0x0001, 0x0001,  /* 0xA6E0 */
  0x0001, 0x0001, 0x0001, 0x0001, 0x0001, 0x0001, 0x0001, 0x0001,  /* 0xA6E8 */
  0x0001, 0x0001, 0x0001, 0x0001, 0x0001, 0x0001, 0x0001, 0x0001,  /* 0xA6F0 */
  0x0001, 0x0001, 0x0001, 0x0001, 0x0001, 0x0001, 0x0001, 0x0001,  /* 0xA6F8 */
  0x0001, 0x0001, 0x0001, 0x0001, 0x0001, 0x0001, 0x0001, 0x0001,  /* 0xA700 */
  0x0001, 0x0001, 0x0001, 0x0001, 0x0001, 0x0001, 0x0001, 0x0001,  /* 0xA708 */
  0x0001, 0x0001, 0x0001, 0x0001, 0x0001, 0x0001, 0x0001, 0x0001,  /* 0xA710 */
  0x0001, 0x0001, 0x0001, 0x0001, 0x0001, 0x0001, 0x0001, 0x0001,  /* 0xA718 */
  0x0001, 0x0001, 0x0001, 0x0001, 0x0001, 0x0001, 0x0001, 0x0001,  /* 0xA720 */
  0x0001, 0x0001, 0x0001, 0x0001, 0x0001, 0x0001, 0x0001, 0x0001,  /* 0xA728 */
  0x0001, 0x0001, 0x0001, 0x0001, 0x0001, 0x0001, 0x0001, 0x0001,  /* 0xA730 */
  0x0001, 0x0001, 0x0001, 0x0001, 0x0001, 0x0001, 0x0001, 0x0001,  /* 0xA738 */
  0x0001, 0x0001, 0x0001, 0x0001, 0x0001, 0x0001, 0x0001, 0x0001,  /* 0xA740 */
  0x0001, 0x0001, 0x0001, 0x0001, 0x0001, 0x0001, 0x0001, 0x0001,  /* 0xA748 */
  0x0001, 0x0001, 0x0001, 0x0001, 0x0001, 0x0001, 0x0001, 0x0001,  /* 0xA750 */
  0x0001, 0x0001, 0x0001, 0x0001, 0x0001, 0x0001, 0x0001, 0x0001,  /* 0xA758 */
  0x0001, 0x0001, 0x0001, 0x0001, 0x0001, 0x0001, 0x0001, 0x0001,  /* 0xA760 */
  0x0001, 0x0001, 0x0001, 0x0001, 0x0001, 0x0001, 0x0001, 0x0001,  /* 0xA768 */
  0x0001, 0x0001, 0x0001, 0x0001, 0x0001, 0x0001, 0x0001, 0x0001,  /* 0xA770 */
  0x0001, 0x0001, 0x0001, 0x0001, 0x0001, 0x0001, 0x0001, 0x0001,  /* 0xA778 */
  0x0001, 0x0001, 0x0001, 0x0001, 0x0001, 0x0001, 0x0001, 0x0001,  /* 0xA780 */
  0x0001, 0x0001, 0x0001, 0x0001, 0x0001, 0x0001, 0x0001, 0x0001,  /* 0xA788 */
  0x0001, 0x0001, 0x0001, 0x0001, 0x0001, 0x0001, 0x0001, 0x0001,  /* 0xA790 */
  0x0001, 0x0001, 0x0001, 0x0001, 0x0001, 0x0001, 0x0001, 0x0001,  /* 0xA798 */
  0x0001, 0x0001, 0x0001, 0x0001, 0x0001, 0x0001, 0x0001, 0x0001,  /* 0xA7A0 */
  0x0001, 0x0001, 0x0001, 0x0001, 0x0001, 0x0001, 0x0001, 0x0001,  /* 0xA7A8 */
  0x0001, 0x0001, 0x0001, 0x0001, 0x0001, 0x0001, 0x0001, 0x0001,  /* 0xA7B0 */
  0x0001, 0x0001, 0x0001, 0x0001, 0x0001, 0x0001, 0x0001, 0x0001,  /* 0xA7B8 */
  0x0001, 0x0001, 0x0001, 0x0001, 0x0001, 0x0001, 0x0001, 0x0001,  /* 0xA7C0 */
  0x0001, 0x0001, 0x0001, 0x0001, 0x0001, 0x0001, 0x0001, 0x0001,  /* 0xA7C8 */
  0x0001, 0x0001, 0x0001, 0x0001, 0x0001, 0x0001, 0x0001, 0x0001,  /* 0xA7D0 */
  0x0001, 0x0001, 0x0001, 0x0001, 0x0001, 0x0001, 0x0001, 0x0001,  /* 0xA7D8 */
  0x0001, 0x0001, 0x0001, 0x0001, 0x0001, 0x0001, 0x0001, 0x0001,  /* 0xA7E0 */
  0x0001, 0x0001, 0x0001, 0x0001, 0x0001, 0x0001, 0x0001, 0x0001,  /* 0xA7E8 */
  0x0001, 0x0001, 0x0001, 0x0001, 0x0001, 0x0001, 0x0001, 0x0001,  /* 0xA7F0 */
  0x0001, 0x0001, 0x0001, 0x0001, 0x0001, 0x0001, 0x0001, 0x0001,  /* 0xA7F8 */
  0x0001, 0x0001, 0x0001, 0x0001, 0x0001, 0x0001, 0x0001, 0x0001,  /* 0xA800 */
  0x0001, 0x0001, 0x0001, 0x0001, 0x0001, 0x0001, 0x0001, 0x0001,  /* 0xA808 */
  0x0001, 0x0001, 0x0001, 0x0001, 0x0001, 0x0001, 0x0001, 0x0001,  /* 0xA810 */
  0x0001, 0x0001, 0x0001, 0x0001, 0x0001, 0x0001, 0x0001, 0x0001,  /* 0xA818 */
  0x0001, 0x0001, 0x0001, 0x0001, 0x0001, 0x0001, 0x0001, 0x0001,  /* 0xA820 */
  0x0001, 0x0001, 0x0001, 0x0001, 0x0001, 0x0001, 0x0001, 0x0001,  /* 0xA828 */
  0x0001, 0x0001, 0x0001, 0x0001, 0x0001, 0x0001, 0x0001, 0x0001,  /* 0xA830 */
  0x0001, 0x0001, 0x0001, 0x0001, 0x0001, 0x0001, 0x0001, 0x0001,  /* 0xA838 */
  0x0001, 0x0001, 0x0001, 0x0001, 0x0001, 0x0001, 0x0001, 0x0001,  /* 0xA840 */
  0x0001, 0x0001, 0x0001, 0x0001, 0x0001, 0x0001, 0x0001, 0x0001,  /* 0xA848 */
  0x0001, 0x0001, 0x0001, 0x0001, 0x0001, 0x0001, 0x0001, 0x0001,  /* 0xA850 */
  0x0001, 0x0001, 0x0001, 0x0001, 0x0001, 0x0001, 0x0001, 0x0001,  /* 0xA858 */
  0x0001, 0x0001, 0x0001, 0x0001, 0x0001, 0x0001, 0x0001, 0x0001,  /* 0xA860 */
  0x0001, 0x0001, 0x0001, 0x0001, 0x0001, 0x0001, 0x0001, 0x0001,  /* 0xA868 */
  0x0001, 0x0001, 0x0001, 0x0001, 0x0001, 0x0001, 0x0001, 0x0001,  /* 0xA870 */
  0x0001, 0x0001, 0x0001, 0x0001, 0x0001, 0x0001, 0x0001, 0x0001,  /* 0xA878 */
  0x0001, 0x0001, 0x0001, 0x0001, 0x0001, 0x0001, 0x0001, 0x0001,  /* 0xA880 */
  0x0001, 0x0001, 0x0001, 0x0001, 0x0001, 0x0001, 0x0001, 0x0001,  /* 0xA888 */
  0x0001, 0x0001, 0x0001, 0x0001, 0x0001, 0x0001, 0x0001, 0x0001,  /* 0xA890 */
  0x0001, 0x0001, 0x0001, 0x0001, 0x0001, 0x0001, 0x0001, 0x0001,  /* 0xA898 */
  0x0001, 0x0001, 0x0001, 0x0001, 0x0001, 0x0001, 0x0001, 0x0001,  /* 0xA8A0 */
  0x0001, 0x0001, 0x0001, 0x0001, 0x0001, 0x0001, 0x0001, 0x0001,  /* 0xA8A8 */
  0x0001, 0x0001, 0x0001, 0x0001, 0x0001, 0x0001, 0x0001, 0x0001,  /* 0xA8B0 */
  0x0001, 0x0001, 0x0001, 0x0001, 0x0001, 0x0001, 0x0001, 0x0001,  /* 0xA8B8 */
  0x0001, 0x0001, 0x0001, 0x0001, 0x0001, 0x0001, 0x0001, 0x0001,  /* 0xA8C0 */
  0x0001, 0x0001, 0x0001, 0x0001, 0x0001, 0x0001, 0x0001, 0x0001,  /* 0xA8C8 */
  0x0001, 0x0001, 0x0001, 0x0001, 0x0001, 0x0001, 0x0001, 0x0001,  /* 0xA8D0 */
  0x0001, 0x0001, 0x0001, 0x0001, 0x0001, 0x0001, 0x0001, 0x0001,  /* 0xA8D8 */
  0x0001, 0x0001, 0x0001, 0x0001, 0x0001, 0x0001, 0x0001, 0x0001,  /* 0xA8E0 */
  0x0001, 0x0001, 0x0001, 0x0001, 0x0001, 0x0001, 0x0001, 0x0001,  /* 0xA8E8 */
  0x0001, 0x0001, 0x0001, 0x0001, 0x0001, 0x0001, 0x0001, 0x0001,  /* 0xA8F0 */
  0x0001, 0x0001, 0x0001, 0x0001, 0x0001, 0x0001, 0x0001, 0x0001,  /* 0xA8F8 */
  0x0001, 0x0001, 0x0001, 0x0001, 0x0001, 0x0001, 0x0001, 0x0001,  /* 0xA900 */
  0x0001, 0x0001, 0x0001, 0x0001, 0x0001, 0x0001, 0x0001, 0x0001,  /* 0xA908 */
  0x0001, 0x0001, 0x0001, 0x0001, 0x0001, 0x0001, 0x0001, 0x0001,  /* 0xA910 */
  0x0001, 0x0001, 0x0001, 0x0001, 0x0001, 0x0001, 0x0001, 0x0001,  /* 0xA918 */
  0x0001, 0x0001, 0x0001, 0x0001, 0x0001, 0x0001, 0x0001, 0x0001,  /* 0xA920 */
  0x0001, 0x0001, 0x0001, 0x0001, 0x0001, 0x0001, 0x0001, 0x0001,  /* 0xA928 */
  0x0001, 0x0001, 0x0001, 0x0001, 0x0001, 0x0001, 0x0001, 0x0001,  /* 0xA930 */
  0x0001, 0x0001, 0x0001, 0x0001, 0x0001, 0x0001, 0x0001, 0x0001,  /* 0xA938 */
  0x0001, 0x0001, 0x0001, 0x0001, 0x0001, 0x0001, 0x0001, 0x0001,  /* 0xA940 */
  0x0001, 0x0001, 0x0001, 0x0001, 0x0001, 0x0001, 0x0001, 0x0001,  /* 0xA948 */
  0x0001, 0x0001, 0x0001, 0x0001, 0x0001, 0x0001, 0x0001, 0x0001,  /* 0xA950 */
  0x0001, 0x0001, 0x0001, 0x0001, 0x0001, 0x0001, 0x0001, 0x0001,  /* 0xA958 */
  0x0001, 0x0001, 0x0001, 0x0001, 0x0001, 0x0001, 0x0001, 0x0001,  /* 0xA960 */
  0x0001, 0x0001, 0x0001, 0x0001, 0x0001, 0x0001, 0x0001, 0x0001,  /* 0xA968 */
  0x0001, 0x0001, 0x0001, 0x0001, 0x0001, 0x0001, 0x0001, 0x0001,  /* 0xA970 */
  0x0001, 0x0001, 0x0001, 0x0001, 0x0001, 0x0001, 0x0001, 0x0001,  /* 0xA978 */
  0x0001, 0x0001, 0x0001, 0x0001, 0x0001, 0x0001, 0x0001, 0x0001,  /* 0xA980 */
  0x0001, 0x0001, 0x0001, 0x0001, 0x0001, 0x0001, 0x0001, 0x0001,  /* 0xA988 */
  0x0001, 0x0001, 0x0001, 0x0001, 0x0001, 0x0001, 0x0001, 0x0001,  /* 0xA990 */
  0x0001, 0x0001, 0x0001, 0x0001, 0x0001, 0x0001, 0x0001, 0x0001,  /* 0xA998 */
  0x0001, 0x0001, 0x0001, 0x0001, 0x0001, 0x0001, 0x0001, 0x0001,  /* 0xA9A0 */
  0x0001, 0x0001, 0x0001, 0x0001, 0x0001, 0x0001, 0x0001, 0x0001,  /* 0xA9A8 */
  0x0001, 0x0001, 0x0001, 0x0001, 0x0001, 0x0001, 0x0001, 0x0001,  /* 0xA9B0 */
  0x0001, 0x0001, 0x0001, 0x0001, 0x0001, 0x0001, 0x0001, 0x0001,  /* 0xA9B8 */
  0x0001, 0x0001, 0x0001, 0x0001, 0x0001, 0x0001, 0x0001, 0x0001,  /* 0xA9C0 */
  0x0001, 0x0001, 0x0001, 0x0001, 0x0001, 0x0001, 0x0001, 0x0001,  /* 0xA9C8 */
  0x0001, 0x0001, 0x0001, 0x0001, 0x0001, 0x0001, 0x0001, 0x0001,  /* 0xA9D0 */
  0x0001, 0x0001, 0x0001, 0x0001, 0x0001, 0x0001, 0x0001, 0x0001,  /* 0xA9D8 */
  0x0001, 0x0001, 0x0001, 0x0001, 0x0001, 0x0001, 0x0001, 0x0001,  /* 0xA9E0 */
  0x0001, 0x0001, 0x0001, 0x0001, 0x0001, 0x0001, 0x0001, 0x0001,  /* 0xA9E8 */
  0x0001, 0x0001, 0x0001, 0x0001, 0x0001, 0x0001, 0x0001, 0x0001,  /* 0xA9F0 */
  0x0001, 0x0001, 0x0001, 0x0001, 0x0001, 0x0001, 0x0001, 0x0001,  /* 0xA9F8 */
  0x0001, 0x0001, 0x0001, 0x0001, 0x0001, 0x0001, 0x0001, 0x0001,  /* 0xAA00 */
  0x0001, 0x0001, 0x0001, 0x0001, 0x0001, 0x0001, 0x0001, 0x0001,  /* 0xAA08 */
  0x0001, 0x0001, 0x0001, 0x0001, 0x0001, 0x0001, 0x0001, 0x0001,  /* 0xAA10 */
  0x0001, 0x0001, 0x0001, 0x0001, 0x0001, 0x0001, 0x0001, 0x0001,  /* 0xAA18 */
  0x0001, 0x0001, 0x0001, 0x0001, 0x0001, 0x0001, 0x0001, 0x0001,  /* 0xAA20 */
  0x0001, 0x0001, 0x0001, 0x0001, 0x0001, 0x0001, 0x0001, 0x0001,  /* 0xAA28 */
  0x0001, 0x0001, 0x0001, 0x0001, 0x0001, 0x0001, 0x0001, 0x0001,  /* 0xAA30 */
  0x0001, 0x0001, 0x0001, 0x0001, 0x0001, 0x0001, 0x0001, 0x0001,  /* 0xAA38 */
  0x0001, 0x0001, 0x0001, 0x0001, 0x0001, 0x0001, 0x0001, 0x0001,  /* 0xAA40 */
  0x0001, 0x0001, 0x0001, 0x0001, 0x0001, 0x0001, 0x0001, 0x0001,  /* 0xAA48 */
  0x0001, 0x0001, 0x0001, 0x0001, 0x0001, 0x0001, 0x0001, 0x0001,  /* 0xAA50 */
  0x0001, 0x0001, 0x0001, 0x0001, 0x0001, 0x0001, 0x0001, 0x0001,  /* 0xAA58 */
  0x0001, 0x0001, 0x0001, 0x0001, 0x0001, 0x0001, 0x0001, 0x0001,  /* 0xAA60 */
  0x0001, 0x0001, 0x0001, 0x0001, 0x0001, 0x0001, 0x0001, 0x0001,  /* 0xAA68 */
  0x0001, 0x0001, 0x0001, 0x0001, 0x0001, 0x0001, 0x0001, 0x0001,  /* 0xAA70 */
  0x0001, 0x0001, 0x0001, 0x0001, 0x0001, 0x0001, 0x0001, 0x0001,  /* 0xAA78 */
  0x0001, 0x0001, 0x0001, 0x0001, 0x0001, 0x0001, 0x0001, 0x0001,  /* 0xAA80 */
  0x0001, 0x0001, 0x0001, 0x0001, 0x0001, 0x0001, 0x0001, 0x0001,  /* 0xAA88 */
  0x0001, 0x0001, 0x0001, 0x0001, 0x0001, 0x0001, 0x0001, 0x0001,  /* 0xAA90 */
  0x0001, 0x0001, 0x0001, 0x0001, 0x0001, 0x0001, 0x0001, 0x0001,  /* 0xAA98 */
  0x0001, 0x0001, 0x0001, 0x0001, 0x0001, 0x0001, 0x0001, 0x0001,  /* 0xAAA0 */
  0x0001, 0x0001, 0x0001, 0x0001, 0x0001, 0x0001, 0x0001, 0x0001,  /* 0xAAA8 */
  0x0001, 0x0001, 0x0001, 0x0001, 0x0001, 0x0001, 0x0001, 0x0001,  /* 0xAAB0 */
  0x0001, 0x0001, 0x0001, 0x0001, 0x0001, 0x0001, 0x0001, 0x0001,  /* 0xAAB8 */
  0x0001, 0x0001, 0x0001, 0x0001, 0x0001, 0x0001, 0x0001, 0x0001,  /* 0xAAC0 */
  0x0001, 0x0001, 0x0001, 0x0001, 0x0001, 0x0001, 0x0001, 0x0001,  /* 0xAAC8 */
  0x0001, 0x0001, 0x0001, 0x0001, 0x0001, 0x0001, 0x0001, 0x0001,  /* 0xAAD0 */
  0x0001, 0x0001, 0x0001, 0x0001, 0x0001, 0x0001, 0x0001, 0x0001,  /* 0xAAD8 */
  0x0001, 0x0001, 0x0001, 0x0001, 0x0001, 0x0001, 0x0001, 0x0001,  /* 0xAAE0 */
  0x0001, 0x0001, 0x0001, 0x0001, 0x0001, 0x0001, 0x0001, 0x0001,  /* 0xAAE8 */
  0x0001, 0x0001, 0x0001, 0x0001, 0x0001, 0x0001, 0x0001, 0x0001,  /* 0xAAF0 */
  0x0001, 0x0001, 0x0001, 0x0001, 0x0001, 0x0001, 0x0001, 0x0001,  /* 0xAAF8 */
  0x0001, 0x0001, 0x0001, 0x0001, 0x0001, 0x0001, 0x0001, 0x0001,  /* 0xAB00 */
  0x0001, 0x0001, 0x0001, 0x0001, 0x0001, 0x0001, 0x0001, 0x0001,  /* 0xAB08 */
  0x0001, 0x0001, 0x0001, 0x0001, 0x0001, 0x0001, 0x0001, 0x0001,  /* 0xAB10 */
  0x0001, 0x0001, 0x0001, 0x0001, 0x0001, 0x0001, 0x0001, 0x0001,  /* 0xAB18 */
  0x0001, 0x0001, 0x0001, 0x0001, 0x0001, 0x0001, 0x0001, 0x0001,  /* 0xAB20 */
  0x0001, 0x0001, 0x0001, 0x0001, 0x0001, 0x0001, 0x0001, 0x0001,  /* 0xAB28 */
  0x0001, 0x0001, 0x0001, 0x0001, 0x0001, 0x0001, 0x0001, 0x0001,  /* 0xAB30 */
  0x0001, 0x0001, 0x0001, 0x0001, 0x0001, 0x0001, 0x0001, 0x0001,  /* 0xAB38 */
  0x0001, 0x0001, 0x0001, 0x0001, 0x0001, 0x0001, 0x0001, 0x0001,  /* 0xAB40 */
  0x0001, 0x0001, 0x0001, 0x0001, 0x0001, 0x0001, 0x0001, 0x0001,  /* 0xAB48 */
  0x0001, 0x0001, 0x0001, 0x0001, 0x0001, 0x0001, 0x0001, 0x0001,  /* 0xAB50 */
  0x0001, 0x0001, 0x0001, 0x0001, 0x0001, 0x0001, 0x0001, 0x0001,  /* 0xAB58 */
  0x0001, 0x0001, 0x0001, 0x0001, 0x0001, 0x0001, 0x0001, 0x0001,  /* 0xAB60 */
  0x0001, 0x0001, 0x0001, 0x0001, 0x0001, 0x0001, 0x0001, 0x0001,  /* 0xAB68 */
  0x0001, 0x0001, 0x0001, 0x0001, 0x0001, 0x0001, 0x0001, 0x0001,  /* 0xAB70 */
  0x0001, 0x0001, 0x0001, 0x0001, 0x0001, 0x0001, 0x0001, 0x0001,  /* 0xAB78 */
  0x0001, 0x0001, 0x0001, 0x0001, 0x0001, 0x0001, 0x0001, 0x0001,  /* 0xAB80 */
  0x0001, 0x0001, 0x0001, 0x0001, 0x0001, 0x0001, 0x0001, 0x0001,  /* 0xAB88 */
  0x0001, 0x0001, 0x0001, 0x0001, 0x0001, 0x0001, 0x0001, 0x0001,  /* 0xAB90 */
  0x0001, 0x0001, 0x0001, 0x0001, 0x0001, 0x0001, 0x0001, 0x0001,  /* 0xAB98 */
  0x0001, 0x0001, 0x0001, 0x0001, 0x0001, 0x0001, 0x0001, 0x0001,  /* 0xABA0 */
  0x0001, 0x0001, 0x0001, 0x0001, 0x0001, 0x0001, 0x0001, 0x0001,  /* 0xABA8 */
  0x0001, 0x0001, 0x0001, 0x0001, 0x0001, 0x0001, 0x0001, 0x0001,  /* 0xABB0 */
  0x0001, 0x0001, 0x0001, 0x0001, 0x0001, 0x0001, 0x0001, 0x0001,  /* 0xABB8 */
  0x0001, 0x0001, 0x0001, 0x0001, 0x0001, 0x0001, 0x0001, 0x0001,  /* 0xABC0 */
  0x0001, 0x0001, 0x0001, 0x0001, 0x0001, 0x0001, 0x0001, 0x0001,  /* 0xABC8 */
  0x0001, 0x0001, 0x0001, 0x0001, 0x0001, 0x0001, 0x0001, 0x0001,  /* 0xABD0 */
  0x0001, 0x0001, 0x0001, 0x0001, 0x0001, 0x0001, 0x0001, 0x0001,  /* 0xABD8 */
  0x0001, 0x0001, 0x0001, 0x0001, 0x0001, 0x0001, 0x0001, 0x0001,  /* 0xABE0 */
  0x0001, 0x0001, 0x0001, 0x0001, 0x0001, 0x0001, 0x0001, 0x0001,  /* 0xABE8 */
  0x0001, 0x0001, 0x0001, 0x0001, 0x0001, 0x0001, 0x0001, 0x0001,  /* 0xABF0 */
  0x0001, 0x0001, 0x0001, 0x0001, 0x0001, 0x0001, 0x0001, 0x0001,  /* 0xABF8 */
  0x0001, 0x0001, 0x0001, 0x0001, 0x0001, 0x0001, 0x0001, 0x0001,  /* 0xAC00 */
  0x0001, 0x0001, 0x0001, 0x0001, 0x0001, 0x0001, 0x0001, 0x0001,  /* 0xAC08 */
  0x0001, 0x0001, 0x0001, 0x0001, 0x0001, 0x0001, 0x0001, 0x0001,  /* 0xAC10 */
  0x0001, 0x0001, 0x0001, 0x0001, 0x0001, 0x0001, 0x0001, 0x0001,  /* 0xAC18 */
  0x0001, 0x0001, 0x0001, 0x0001, 0x0001, 0x0001, 0x0001, 0x0001,  /* 0xAC20 */
  0x0001, 0x0001, 0x0001, 0x0001, 0x0001, 0x0001, 0x0001, 0x0001,  /* 0xAC28 */
  0x0001, 0x0001, 0x0001, 0x0001, 0x0001, 0x0001, 0x0001, 0x0001,  /* 0xAC30 */
  0x0001, 0x0001, 0x0001, 0x0001, 0x0001, 0x0001, 0x0001, 0x0001,  /* 0xAC38 */
  0x0001, 0x0001, 0x0001, 0x0001, 0x0001, 0x0001, 0x0001, 0x0001,  /* 0xAC40 */
  0x0001, 0x0001, 0x0001, 0x0001, 0x0001, 0x0001, 0x0001, 0x0001,  /* 0xAC48 */
  0x0001, 0x0001, 0x0001, 0x0001, 0x0001, 0x0001, 0x0001, 0x0001,  /* 0xAC50 */
  0x0001, 0x0001, 0x0001, 0x0001, 0x0001, 0x0001, 0x0001, 0x0001,  /* 0xAC58 */
  0x0001, 0x0001, 0x0001, 0x0001, 0x0001, 0x0001, 0x0001, 0x0001,  /* 0xAC60 */
  0x0001, 0x0001, 0x0001, 0x0001, 0x0001, 0x0001, 0x0001, 0x0001,  /* 0xAC68 */
  0x0001, 0x0001, 0x0001, 0x0001, 0x0001, 0x0001, 0x0001, 0x0001,  /* 0xAC70 */
  0x0001, 0x0001, 0x0001, 0x0001, 0x0001, 0x0001, 0x0001, 0x0001,  /* 0xAC78 */
  0x0001, 0x0001, 0x0001, 0x0001, 0x0001, 0x0001, 0x0001, 0x0001,  /* 0xAC80 */
  0x0001, 0x0001, 0x0001, 0x0001, 0x0001, 0x0001, 0x0001, 0x0001,  /* 0xAC88 */
  0x0001, 0x0001, 0x0001, 0x0001, 0x0001, 0x0001, 0x0001, 0x0001,  /* 0xAC90 */
  0x0001, 0x0001, 0x0001, 0x0001, 0x0001, 0x0001, 0x0001, 0x0001,  /* 0xAC98 */
  0x0001, 0x0001, 0x0001, 0x0001, 0x0001, 0x0001, 0x0001, 0x0001,  /* 0xACA0 */
  0x0001, 0x0001, 0x0001, 0x0001, 0x0001, 0x0001, 0x0001, 0x0001,  /* 0xACA8 */
  0x0001, 0x0001, 0x0001, 0x0001, 0x0001, 0x0001, 0x0001, 0x0001,  /* 0xACB0 */
  0x0001, 0x0001, 0x0001, 0x0001, 0x0001, 0x0001, 0x0001, 0x0001,  /* 0xACB8 */
  0x0001, 0x0001, 0x0001, 0x0001, 0x0001, 0x0001, 0x0001, 0x0001,  /* 0xACC0 */
  0x0001, 0x0001, 0x0001, 0x0001, 0x0001, 0x0001, 0x0001, 0x0001,  /* 0xACC8 */
  0x0001, 0x0001, 0x0001, 0x0001, 0x0001, 0x0001, 0x0001, 0x0001,  /* 0xACD0 */
  0x0001, 0x0001, 0x0001, 0x0001, 0x0001, 0x0001, 0x0001, 0x0001,  /* 0xACD8 */
  0x0001, 0x0001, 0x0001, 0x0001, 0x0001, 0x0001, 0x0001, 0x0001,  /* 0xACE0 */
  0x0001, 0x0001, 0x0001, 0x0001, 0x0001, 0x0001, 0x0001, 0x0001,  /* 0xACE8 */
  0x0001, 0x0001, 0x0001, 0x0001, 0x0001, 0x0001, 0x0001, 0x0001,  /* 0xACF0 */
  0x0001, 0x0001, 0x0001, 0x0001, 0x0001, 0x0001, 0x0001, 0x0001,  /* 0xACF8 */
  0x0001, 0x0001, 0x0001, 0x0001, 0x0001, 0x0001, 0x0001, 0x0001,  /* 0xAD00 */
  0x0001, 0x0001, 0x0001, 0x0001, 0x0001, 0x0001, 0x0001, 0x0001,  /* 0xAD08 */
  0x0001, 0x0001, 0x0001, 0x0001, 0x0001, 0x0001, 0x0001, 0x0001,  /* 0xAD10 */
  0x0001, 0x0001, 0x0001, 0x0001, 0x0001, 0x0001, 0x0001, 0x0001,  /* 0xAD18 */
  0x0001, 0x0001, 0x0001, 0x0001, 0x0001, 0x0001, 0x0001, 0x0001,  /* 0xAD20 */
  0x0001, 0x0001, 0x0001, 0x0001, 0x0001, 0x0001, 0x0001, 0x0001,  /* 0xAD28 */
  0x0001, 0x0001, 0x0001, 0x0001, 0x0001, 0x0001, 0x0001, 0x0001,  /* 0xAD30 */
  0x0001, 0x0001, 0x0001, 0x0001, 0x0001, 0x0001, 0x0001, 0x0001,  /* 0xAD38 */
  0x0001, 0x0001, 0x0001, 0x0001, 0x0001, 0x0001, 0x0001, 0x0001,  /* 0xAD40 */
  0x0001, 0x0001, 0x0001, 0x0001, 0x0001, 0x0001, 0x0001, 0x0001,  /* 0xAD48 */
  0x0001, 0x0001, 0x0001, 0x0001, 0x0001, 0x0001, 0x0001, 0x0001,  /* 0xAD50 */
  0x0001, 0x0001, 0x0001, 0x0001, 0x0001, 0x0001, 0x0001, 0x0001,  /* 0xAD58 */
  0x0001, 0x0001, 0x0001, 0x0001, 0x0001, 0x0001, 0x0001, 0x0001,  /* 0xAD60 */
  0x0001, 0x0001, 0x0001, 0x0001, 0x0001, 0x0001, 0x0001, 0x0001,  /* 0xAD68 */
  0x0001, 0x0001, 0x0001, 0x0001, 0x0001, 0x0001, 0x0001, 0x0001,  /* 0xAD70 */
  0x0001, 0x0001, 0x0001, 0x0001, 0x0001, 0x0001, 0x0001, 0x0001,  /* 0xAD78 */
  0x0001, 0x0001, 0x0001, 0x0001, 0x0001, 0x0001, 0x0001, 0x0001,  /* 0xAD80 */
  0x0001, 0x0001, 0x0001, 0x0001, 0x0001, 0x0001, 0x0001, 0x0001,  /* 0xAD88 */
  0x0001, 0x0001, 0x0001, 0x0001, 0x0001, 0x0001, 0x0001, 0x0001,  /* 0xAD90 */
  0x0001, 0x0001, 0x0001, 0x0001, 0x0001, 0x0001, 0x0001, 0x0001,  /* 0xAD98 */
  0x0001, 0x0001, 0x0001, 0x0001, 0x0001, 0x0001, 0x0001, 0x0001,  /* 0xADA0 */
  0x0001, 0x0001, 0x0001, 0x0001, 0x0001, 0x0001, 0x0001, 0x0001,  /* 0xADA8 */
  0x0001, 0x0001, 0x0001, 0x0001, 0x0001, 0x0001, 0x0001, 0x0001,  /* 0xADB0 */
  0x0001, 0x0001, 0x0001, 0x0001, 0x0001, 0x0001, 0x0001, 0x0001,  /* 0xADB8 */
  0x0001, 0x0001, 0x0001, 0x0001, 0x0001, 0x0001, 0x0001, 0x0001,  /* 0xADC0 */
  0x0001, 0x0001, 0x0001, 0x0001, 0x0001, 0x0001, 0x0001, 0x0001,  /* 0xADC8 */
  0x0001, 0x0001, 0x0001, 0x0001, 0x0001, 0x0001, 0x0001, 0x0001,  /* 0xADD0 */
  0x0001, 0x0001, 0x0001, 0x0001, 0x0001, 0x0001, 0x0001, 0x0001,  /* 0xADD8 */
  0x0001, 0x0001, 0x0001, 0x0001, 0x0001, 0x0001, 0x0001, 0x0001,  /* 0xADE0 */
  0x0001, 0x0001, 0x0001, 0x0001, 0x0001, 0x0001, 0x0001, 0x0001,  /* 0xADE8 */
  0x0001, 0x0001, 0x0001, 0x0001, 0x0001, 0x0001, 0x0001, 0x0001,  /* 0xADF0 */
  0x0001, 0x0001, 0x0001, 0x0001, 0x0001, 0x0001, 0x0001, 0x0001,  /* 0xADF8 */
  0x0001, 0x0001, 0x0001, 0x0001, 0x0001, 0x0001, 0x0001, 0x0001,  /* 0xAE00 */
  0x0001, 0x0001, 0x0001, 0x0001, 0x0001, 0x0001, 0x0001, 0x0001,  /* 0xAE08 */
  0x0001, 0x0001, 0x0001, 0x0001, 0x0001, 0x0001, 0x0001, 0x0001,  /* 0xAE10 */
  0x0001, 0x0001, 0x0001, 0x0001, 0x0001, 0x0001, 0x0001, 0x0001,  /* 0xAE18 */
  0x0001, 0x0001, 0x0001, 0x0001, 0x0001, 0x0001, 0x0001, 0x0001,  /* 0xAE20 */
  0x0001, 0x0001, 0x0001, 0x0001, 0x0001, 0x0001, 0x0001, 0x0001,  /* 0xAE28 */
  0x0001, 0x0001, 0x0001, 0x0001, 0x0001, 0x0001, 0x0001, 0x0001,  /* 0xAE30 */
  0x0001, 0x0001, 0x0001, 0x0001, 0x0001, 0x0001, 0x0001, 0x0001,  /* 0xAE38 */
  0x0001, 0x0001, 0x0001, 0x0001, 0x0001, 0x0001, 0x0001, 0x0001,  /* 0xAE40 */
  0x0001, 0x0001, 0x0001, 0x0001, 0x0001, 0x0001, 0x0001, 0x0001,  /* 0xAE48 */
  0x0001, 0x0001, 0x0001, 0x0001, 0x0001, 0x0001, 0x0001, 0x0001,  /* 0xAE50 */
  0x0001, 0x0001, 0x0001, 0x0001, 0x0001, 0x0001, 0x0001, 0x0001,  /* 0xAE58 */
  0x0001, 0x0001, 0x0001, 0x0001, 0x0001, 0x0001, 0x0001, 0x0001,  /* 0xAE60 */
  0x0001, 0x0001, 0x0001, 0x0001, 0x0001, 0x0001, 0x0001, 0x0001,  /* 0xAE68 */
  0x0001, 0x0001, 0x0001, 0x0001, 0x0001, 0x0001, 0x0001, 0x0001,  /* 0xAE70 */
  0x0001, 0x0001, 0x0001, 0x0001, 0x0001, 0x0001, 0x0001, 0x0001,  /* 0xAE78 */
  0x0001, 0x0001, 0x0001, 0x0001, 0x0001, 0x0001, 0x0001, 0x0001,  /* 0xAE80 */
  0x0001, 0x0001, 0x0001, 0x0001, 0x0001, 0x0001, 0x0001, 0x0001,  /* 0xAE88 */
  0x0001, 0x0001, 0x0001, 0x0001, 0x0001, 0x0001, 0x0001, 0x0001,  /* 0xAE90 */
  0x0001, 0x0001, 0x0001, 0x0001, 0x0001, 0x0001, 0x0001, 0x0001,  /* 0xAE98 */
  0x0001, 0x0001, 0x0001, 0x0001, 0x0001, 0x0001, 0x0001, 0x0001,  /* 0xAEA0 */
  0x0001, 0x0001, 0x0001, 0x0001, 0x0001, 0x0001, 0x0001, 0x0001,  /* 0xAEA8 */
  0x0001, 0x0001, 0x0001, 0x0001, 0x0001, 0x0001, 0x0001, 0x0001,  /* 0xAEB0 */
  0x0001, 0x0001, 0x0001, 0x0001, 0x0001, 0x0001, 0x0001, 0x0001,  /* 0xAEB8 */
  0x0001, 0x0001, 0x0001, 0x0001, 0x0001, 0x0001, 0x0001, 0x0001,  /* 0xAEC0 */
  0x0001, 0x0001, 0x0001, 0x0001, 0x0001, 0x0001, 0x0001, 0x0001,  /* 0xAEC8 */
  0x0001, 0x0001, 0x0001, 0x0001, 0x0001, 0x0001, 0x0001, 0x0001,  /* 0xAED0 */
  0x0001, 0x0001, 0x0001, 0x0001, 0x0001, 0x0001, 0x0001, 0x0001,  /* 0xAED8 */
  0x0001, 0x0001, 0x0001, 0x0001, 0x0001, 0x0001, 0x0001, 0x0001,  /* 0xAEE0 */
  0x0001, 0x0001, 0x0001, 0x0001, 0x0001, 0x0001, 0x0001, 0x0001,  /* 0xAEE8 */
  0x0001, 0x0001, 0x0001, 0x0001, 0x0001, 0x0001, 0x0001, 0x0001,  /* 0xAEF0 */
  0x0001, 0x0001, 0x0001, 0x0001, 0x0001, 0x0001, 0x0001, 0x0001,  /* 0xAEF8 */
  0x0001, 0x0001, 0x0001, 0x0001, 0x0001, 0x0001, 0x0001, 0x0001,  /* 0xAF00 */
  0x0001, 0x0001, 0x0001, 0x0001, 0x0001, 0x0001, 0x0001, 0x0001,  /* 0xAF08 */
  0x0001, 0x0001, 0x0001, 0x0001, 0x0001, 0x0001, 0x0001, 0x0001,  /* 0xAF10 */
  0x0001, 0x0001, 0x0001, 0x0001, 0x0001, 0x0001, 0x0001, 0x0001,  /* 0xAF18 */
  0x0001, 0x0001, 0x0001, 0x0001, 0x0001, 0x0001, 0x0001, 0x0001,  /* 0xAF20 */
  0x0001, 0x0001, 0x0001, 0x0001, 0x0001, 0x0001, 0x0001, 0x0001,  /* 0xAF28 */
  0x0001, 0x0001, 0x0001, 0x0001, 0x0001, 0x0001, 0x0001, 0x0001,  /* 0xAF30 */
  0x0001, 0x0001, 0x0001, 0x0001, 0x0001, 0x0001, 0x0001, 0x0001,  /* 0xAF38 */
  0x0001, 0x0001, 0x0001, 0x0001, 0x0001, 0x0001, 0x0001, 0x0001,  /* 0xAF40 */
  0x0001, 0x0001, 0x0001, 0x0001, 0x0001, 0x0001, 0x0001, 0x0001,  /* 0xAF48 */
  0x0001, 0x0001, 0x0001, 0x0001, 0x0001, 0x0001, 0x0001, 0x0001,  /* 0xAF50 */
  0x0001, 0x0001, 0x0001, 0x0001, 0x0001, 0x0001, 0x0001, 0x0001,  /* 0xAF58 */
  0x0001, 0x0001, 0x0001, 0x0001, 0x0001, 0x0001, 0x0001, 0x0001,  /* 0xAF60 */
  0x0001, 0x0001, 0x0001, 0x0001, 0x0001, 0x0001, 0x0001, 0x0001,  /* 0xAF68 */
  0x0001, 0x0001, 0x0001, 0x0001, 0x0001, 0x0001, 0x0001, 0x0001,  /* 0xAF70 */
  0x0001, 0x0001, 0x0001, 0x0001, 0x0001, 0x0001, 0x0001, 0x0001,  /* 0xAF78 */
  0x0001, 0x0001, 0x0001, 0x0001, 0x0001, 0x0001, 0x0001, 0x0001,  /* 0xAF80 */
  0x0001, 0x0001, 0x0001, 0x0001, 0x0001, 0x0001, 0x0001, 0x0001,  /* 0xAF88 */
  0x0001, 0x0001, 0x0001, 0x0001, 0x0001, 0x0001, 0x0001, 0x0001,  /* 0xAF90 */
  0x0001, 0x0001, 0x0001, 0x0001, 0x0001, 0x0001, 0x0001, 0x0001,  /* 0xAF98 */
  0x0001, 0x0001, 0x0001, 0x0001, 0x0001, 0x0001, 0x0001, 0x0001,  /* 0xAFA0 */
  0x0001, 0x0001, 0x0001, 0x0001, 0x0001, 0x0001, 0x0001, 0x0001,  /* 0xAFA8 */
  0x0001, 0x0001, 0x0001, 0x0001, 0x0001, 0x0001, 0x0001, 0x0001,  /* 0xAFB0 */
  0x0001, 0x0001, 0x0001, 0x0001, 0x0001, 0x0001, 0x0001, 0x0001,  /* 0xAFB8 */
  0x0001, 0x0001, 0x0001, 0x0001, 0x0001, 0x0001, 0x0001, 0x0001,  /* 0xAFC0 */
  0x0001, 0x0001, 0x0001, 0x0001, 0x0001, 0x0001, 0x0001, 0x0001,  /* 0xAFC8 */
  0x0001, 0x0001, 0x0001, 0x0001, 0x0001, 0x0001, 0x0001, 0x0001,  /* 0xAFD0 */
  0x0001, 0x0001, 0x0001, 0x0001, 0x0001, 0x0001, 0x0001, 0x0001,  /* 0xAFD8 */
  0x0001, 0x0001, 0x0001, 0x0001, 0x0001, 0x0001, 0x0001, 0x0001,  /* 0xAFE0 */
  0x0001, 0x0001, 0x0001, 0x0001, 0x0001, 0x0001, 0x0001, 0x0001,  /* 0xAFE8 */
  0x0001, 0x0001, 0x0001, 0x0001, 0x0001, 0x0001, 0x0001, 0x0001,  /* 0xAFF0 */
  0x0001, 0x0001, 0x0001, 0x0001, 0x0001, 0x0001, 0x0001, 0x0001,  /* 0xAFF8 */
  0x00BB, 0x00BB, 0x00BB, 0x00BB, 0x00BB, 0x00BB, 0x00BB, 0x00BB,  /* 0xB000 */
  0x0259, 0x0259, 0x0259, 0x0259, 0x0259, 0x0259, 0x0259, 0x0259,  /* 0xB008 */
  0x00C6, 0x00C6, 0x00C6, 0x00C6, 0x00C6, 0x00C6, 0x00C6, 0x00C6,  /* 0xB010 */
  0x00CC, 0x00CC, 0x00CC, 0x00CC, 0x00CC, 0x00CC, 0x00CC, 0x00CC,  /* 0xB018 */
  0x00C9, 0x00C9, 0x00C9, 0x00C9, 0x00C9, 0x00C9, 0x00C9, 0x00C9,  /* 0xB020 */
  0x00CF, 0x00CF, 0x00CF, 0x00CF, 0x00CF, 0x00CF, 0x00CF, 0x00CF,  /* 0xB028 */
  0x0185, 0x0185, 0x0185, 0x0185, 0x0185, 0x0185, 0x0185, 0x0185,  /* 0xB030 */
  0x00C0, 0x00C3, 0x025A, 0x025A, 0x00B8, 0x03E1, 0x03E1, 0x03E1,  /* 0xB038 */
  0x00BC, 0x00BC, 0x00BC, 0x00BC, 0x00BC, 0x00BC, 0x00BC, 0x00BC,  /* 0xB040 */
  0x00BE, 0x00BE, 0x00BE, 0x00BE, 0x00BE, 0x00BE, 0x00BE, 0x00BE,  /* 0xB048 */
  0x00C7, 0x00C7, 0x00C7, 0x00C7, 0x00C7, 0x00C7, 0x00C7, 0x00C7,  /* 0xB050 */
  0x00CD, 0x00CD, 0x00CD, 0x00CD, 0x00CD, 0x00CD, 0x00CD, 0x00CD,  /* 0xB058 */
  0x00CA, 0x00CA, 0x00CA, 0x00CA, 0x00CA, 0x00CA, 0x00CA, 0x00CA,  /* 0xB060 */
  0x00D0, 0x00D0, 0x00D0, 0x00D0, 0x00D0, 0x00D0, 0x00D0, 0x00D0,  /* 0xB068 */
  0x0186, 0x0186, 0x0186, 0x0186, 0x0186, 0x0186, 0x0186, 0x0186,  /* 0xB070 */
  0x00C1, 0x00C4, 0x025B, 0x025B, 0x00B9, 0x03E1, 0x03E1, 0x03E1,  /* 0xB078 */
  0x00BD, 0x00BD, 0x00BD, 0x00BD, 0x00BD, 0x00BD, 0x00BD, 0x00BD,  /* 0xB080 */
  0x00BF, 0x00BF, 0x00BF, 0x00BF, 0x00BF, 0x00BF, 0x00BF, 0x00BF,  /* 0xB088 */
  0x00C8, 0x00C8, 0x00C8, 0x00C8, 0x00C8, 0x00C8, 0x00C8, 0x00C8,  /* 0xB090 */
  0x00CE, 0x00CE, 0x00CE, 0x00CE, 0x00CE, 0x00CE, 0x00CE, 0x00CE,  /* 0xB098 */
  0x00CB, 0x00CB, 0x00CB, 0x00CB, 0x00CB, 0x00CB, 0x00CB, 0x00CB,  /* 0xB0A0 */
  0x00D1, 0x00D1, 0x00D1, 0x00D1, 0x00D1, 0x00D1, 0x00D1, 0x00D1,  /* 0xB0A8 */
  0x0187, 0x0187, 0x0187, 0x0187, 0x0187, 0x0187, 0x0187, 0x0187,  /* 0xB0B0 */
  0x00C2, 0x00C5, 0x025C, 0x025C, 0x00BA, 0x03E1, 0x03E1, 0x03E1,  /* 0xB0B8 */
  0x00D4, 0x00D4, 0x00D4, 0x00D4, 0x00D4, 0x00D4, 0x00D4, 0x00D4,  /* 0xB0C0 */
  0x00D6, 0x00D6, 0x00D6, 0x00D6, 0x00D6, 0x00D6, 0x00D6, 0x00D6,  /* 0xB0C8 */
  0x00DC, 0x00DC, 0x00DC, 0x00DC, 0x00DC, 0x00DC, 0x00DC, 0x00DC,  /* 0xB0D0 */
  0x00E0, 0x00E0, 0x00E0, 0x00E0, 0x00E0, 0x00E0, 0x00E0, 0x00E0,  /* 0xB0D8 */
  0x00DE, 0x00DE, 0x00DE, 0x00DE, 0x00DE, 0x00DE, 0x00DE, 0x00DE,  /* 0xB0E0 */
  0x00E2, 0x00E2, 0x00E2, 0x00E2, 0x00E2, 0x00E2, 0x00E2, 0x00E2,  /* 0xB0E8 */
  0x0260, 0x0260, 0x0260, 0x0260, 0x0260, 0x0260, 0x0260, 0x0260,  /* 0xB0F0 */
  0x00D8, 0x00DA, 0x0260, 0x0260, 0x00D2, 0x03E1, 0x03E1, 0x03E1,  /* 0xB0F8 */
  0x031C, 0x031C, 0x031C, 0x031C, 0x031C, 0x031C, 0x031C, 0x031C,  /* 0xB100 */
  0x049A, 0x049D, 0x049D, 0x049D, 0x049D, 0x049D, 0x049D, 0x0499,  /* 0xB108 */
  0x032E, 0x032E, 0x032E, 0x032E, 0x032E, 0x032E, 0x032E, 0x032E,  /* 0xB110 */
  0x033A, 0x033A, 0x033A, 0x033A, 0x033A, 0x033A, 0x033A, 0x033A,  /* 0xB118 */
  0x0334, 0x0334, 0x0334, 0x0334, 0x0334, 0x0334, 0x0334, 0x0334,  /* 0xB120 */
  0x0340, 0x0340, 0x0340, 0x0340, 0x0340, 0x0340, 0x0340, 0x0340,  /* 0xB128 */
  0x0346, 0x0346, 0x0346, 0x0346, 0x0346, 0x0346, 0x0346, 0x0346,  /* 0xB130 */
  0x0322, 0x0328, 0x03E1, 0x03E1, 0x03E1, 0x03E1, 0x03E1, 0x03E1,  /* 0xB138 */
  0x031E, 0x031E, 0x031E, 0x031E, 0x031E, 0x031E, 0x031E, 0x031E,  /* 0xB140 */
  0x049B, 0x049E, 0x049E, 0x049E, 0x049E, 0x049E, 0x049E, 0x049E,  /* 0xB148 */
  0x0330, 0x0330, 0x0330, 0x0330, 0x0330, 0x0330, 0x0330, 0x0330,  /* 0xB150 */
  0x033C, 0x033C, 0x033C, 0x033C, 0x033C, 0x033C, 0x033C, 0x033C,  /* 0xB158 */
  0x0336, 0x0336, 0x0336, 0x0336, 0x0336, 0x0336, 0x0336, 0x0336,  /* 0xB160 */
  0x0342, 0x0342, 0x0342, 0x0342, 0x0342, 0x0342, 0x0342, 0x0342,  /* 0xB168 */
  0x034C, 0x034C, 0x034C, 0x034C, 0x034C, 0x034C, 0x034C, 0x034C,  /* 0xB170 */
  0x0324, 0x032A, 0x03E1, 0x03E1, 0x03E1, 0x03E1, 0x03E1, 0x03E1,  /* 0xB178 */
  0x0320, 0x0320, 0x0320, 0x0320, 0x0320, 0x0320, 0x0320, 0x0320,  /* 0xB180 */
  0x049C, 0x049F, 0x049F, 0x049F, 0x049F, 0x049F, 0x049F, 0x049F,  /* 0xB188 */
  0x0332, 0x0332, 0x0332, 0x0332, 0x0332, 0x0332, 0x0332, 0x0332,  /* 0xB190 */
  0x033E, 0x033E, 0x033E, 0x033E, 0x033E, 0x033E, 0x033E, 0x033E,  /* 0xB198 */
  0x0338, 0x0338, 0x0338, 0x0338, 0x0338, 0x0338, 0x0338, 0x0338,  /* 0xB1A0 */
  0x0344, 0x0344, 0x0344, 0x0344, 0x0344, 0x0344, 0x0344, 0x0344,  /* 0xB1A8 */
  0x0352, 0x0352, 0x0352, 0x0352, 0x0352, 0x0352, 0x0352, 0x0352,  /* 0xB1B0 */
  0x0326, 0x032C, 0x03E1, 0x03E1, 0x03E1, 0x03E1, 0x03E1, 0x03E1,  /* 0xB1B8 */
  0x00D5, 0x00D5, 0x00D5, 0x00D5, 0x00D5, 0x00D5, 0x00D5, 0x00D5,  /* 0xB1C0 */
  0x00D7, 0x00D7, 0x00D7, 0x00D7, 0x00D7, 0x00D7, 0x00D7, 0x00D7,  /* 0xB1C8 */
  0x00DD, 0x00DD, 0x00DD, 0x00DD, 0x00DD, 0x00DD, 0x00DD, 0x00DD,  /* 0xB1D0 */
  0x00E1, 0x00E1, 0x00E1, 0x00E1, 0x00E1, 0x00E1, 0x00E1, 0x00E1,  /* 0xB1D8 */
  0x00DF, 0x00DF, 0x00DF, 0x00DF, 0x00DF, 0x00DF, 0x00DF, 0x00DF,  /* 0xB1E0 */
  0x00E3, 0x00E3, 0x00E3, 0x00E3, 0x00E3, 0x00E3, 0x00E3, 0x00E3,  /* 0xB1E8 */
  0x0188, 0x0188, 0x0188, 0x0188, 0x0188, 0x0188, 0x0188, 0x0188,  /* 0xB1F0 */
  0x00D9, 0x00DB, 0x0261, 0x0261, 0x00D3, 0x03E1, 0x03E1, 0x03E1,  /* 0xB1F8 */
  0x00BB, 0x00BB, 0x00BB, 0x00BB, 0x00BB, 0x00BB, 0x00BB, 0x00BB,  /* 0xB200 */
  0x0259, 0x0259, 0x0259, 0x0259, 0x0259, 0x0259, 0x0259, 0x0259,  /* 0xB208 */
  0x00C6, 0x00C6, 0x00C6, 0x00C6, 0x00C6, 0x00C6, 0x00C6, 0x00C6,  /* 0xB210 */
  0x00CC, 0x00CC, 0x00CC, 0x00CC, 0x00CC, 0x00CC, 0x00CC, 0x00CC,  /* 0xB218 */
  0x00C9, 0x00C9, 0x00C9, 0x00C9, 0x00C9, 0x00C9, 0x00C9, 0x00C9,  /* 0xB220 */
  0x00CF, 0x00CF, 0x00CF, 0x00CF, 0x00CF, 0x00CF, 0x00CF, 0x00CF,  /* 0xB228 */
  0x0185, 0x0185, 0x0185, 0x0185, 0x0185, 0x0185, 0x0185, 0x0185,  /* 0xB230 */
  0x00C0, 0x00C3, 0x025A, 0x025A, 0x00B8, 0x03E1, 0x03E1, 0x03E1,  /* 0xB238 */
  0x00BC, 0x00BC, 0x00BC, 0x00BC, 0x00BC, 0x00BC, 0x00BC, 0x00BC,  /* 0xB240 */
  0x00BE, 0x00BE, 0x00BE, 0x00BE, 0x00BE, 0x00BE, 0x00BE, 0x00BE,  /* 0xB248 */
  0x00C7, 0x00C7, 0x00C7, 0x00C7, 0x00C7, 0x00C7, 0x00C7, 0x00C7,  /* 0xB250 */
  0x00CD, 0x00CD, 0x00CD, 0x00CD, 0x00CD, 0x00CD, 0x00CD, 0x00CD,  /* 0xB258 */
  0x00CA, 0x00CA, 0x00CA, 0x00CA, 0x00CA, 0x00CA, 0x00CA, 0x00CA,  /* 0xB260 */
  0x00D0, 0x00D0, 0x00D0, 0x00D0, 0x00D0, 0x00D0, 0x00D0, 0x00D0,  /* 0xB268 */
  0x0186, 0x0186, 0x0186, 0x0186, 0x0186, 0x0186, 0x0186, 0x0186,  /* 0xB270 */
  0x00C1, 0x00C4, 0x025B, 0x025B, 0x00B9, 0x03E1, 0x03E1, 0x03E1,  /* 0xB278 */
  0x00BD, 0x00BD, 0x00BD, 0x00BD, 0x00BD, 0x00BD, 0x00BD, 0x00BD,  /* 0xB280 */
  0x00BF, 0x00BF, 0x00BF, 0x00BF, 0x00BF, 0x00BF, 0x00BF, 0x00BF,  /* 0xB288 */
  0x00C8, 0x00C8, 0x00C8, 0x00C8, 0x00C8, 0x00C8, 0x00C8, 0x00C8,  /* 0xB290 */
  0x00CE, 0x00CE, 0x00CE, 0x00CE, 0x00CE, 0x00CE, 0x00CE, 0x00CE,  /* 0xB298 */
  0x00CB, 0x00CB, 0x00CB, 0x00CB, 0x00CB, 0x00CB, 0x00CB, 0x00CB,  /* 0xB2A0 */
  0x00D1, 0x00D1, 0x00D1, 0x00D1, 0x00D1, 0x00D1, 0x00D1, 0x00D1,  /* 0xB2A8 */
  0x0187, 0x0187, 0x0187, 0x0187, 0x0187, 0x0187, 0x0187, 0x0187,  /* 0xB2B0 */
  0x00C2, 0x00C5, 0x025C, 0x025C, 0x00BA, 0x03E1, 0x03E1, 0x03E1,  /* 0xB2B8 */
  0x00D4, 0x00D4, 0x00D4, 0x00D4, 0x00D4, 0x00D4, 0x00D4, 0x00D4,  /* 0xB2C0 */
  0x00D6, 0x00D6, 0x00D6, 0x00D6, 0x00D6, 0x00D6, 0x00D6, 0x00D6,  /* 0xB2C8 */
  0x00DC, 0x00DC, 0x00DC, 0x00DC, 0x00DC, 0x00DC, 0x00DC, 0x00DC,  /* 0xB2D0 */
  0x00E0, 0x00E0, 0x00E0, 0x00E0, 0x00E0, 0x00E0, 0x00E0, 0x00E0,  /* 0xB2D8 */
  0x00DE, 0x00DE, 0x00DE, 0x00DE, 0x00DE, 0x00DE, 0x00DE, 0x00DE,  /* 0xB2E0 */
  0x00E2, 0x00E2, 0x00E2, 0x00E2, 0x00E2, 0x00E2, 0x00E2, 0x00E2,  /* 0xB2E8 */
  0x0260, 0x0260, 0x0260, 0x0260, 0x0260, 0x0260, 0x0260, 0x0260,  /* 0xB2F0 */
  0x00D8, 0x00DA, 0x0260, 0x0260, 0x00D2, 0x03E1, 0x03E1, 0x03E1,  /* 0xB2F8 */
  0x031C, 0x031C, 0x031C, 0x031C, 0x031C, 0x031C, 0x031C, 0x031C,  /* 0xB300 */
  0x049D, 0x049A, 0x049D, 0x049D, 0x049D, 0x049D, 0x049D, 0x0499,  /* 0xB308 */
  0x032E, 0x032E, 0x032E, 0x032E, 0x032E, 0x032E, 0x032E, 0x032E,  /* 0xB310 */
  0x033A, 0x033A, 0x033A, 0x033A, 0x033A, 0x033A, 0x033A, 0x033A,  /* 0xB318 */
  0x0334, 0x0334, 0x0334, 0x0334, 0x0334, 0x0334, 0x0334, 0x0334,  /* 0xB320 */
  0x0340, 0x0340, 0x0340, 0x0340, 0x0340, 0x0340, 0x0340, 0x0340,  /* 0xB328 */
  0x0346, 0x0346, 0x0346, 0x0346, 0x0346, 0x0346, 0x0346, 0x0346,  /* 0xB330 */
  0x0322, 0x0328, 0x03E1, 0x03E1, 0x03E1, 0x03E1, 0x03E1, 0x03E1,  /* 0xB338 */
  0x031E, 0x031E, 0x031E, 0x031E, 0x031E, 0x031E, 0x031E, 0x031E,  /* 0xB340 */
  0x049E, 0x049B, 0x049E, 0x049E, 0x049E, 0x049E, 0x049E, 0x049E,  /* 0xB348 */
  0x0330, 0x0330, 0x0330, 0x0330, 0x0330, 0x0330, 0x0330, 0x0330,  /* 0xB350 */
  0x033C, 0x033C, 0x033C, 0x033C, 0x033C, 0x033C, 0x033C, 0x033C,  /* 0xB358 */
  0x0336, 0x0336, 0x0336, 0x0336, 0x0336, 0x0336, 0x0336, 0x0336,  /* 0xB360 */
  0x0342, 0x0342, 0x0342, 0x0342, 0x0342, 0x0342, 0x0342, 0x0342,  /* 0xB368 */
  0x034C, 0x034C, 0x034C, 0x034C, 0x034C, 0x034C, 0x034C, 0x034C,  /* 0xB370 */
  0x0324, 0x032A, 0x03E1, 0x03E1, 0x03E1, 0x03E1, 0x03E1, 0x03E1,  /* 0xB378 */
  0x0320, 0x0320, 0x0320, 0x0320, 0x0320, 0x0320, 0x0320, 0x0320,  /* 0xB380 */
  0x049F, 0x049C, 0x049F, 0x049F, 0x049F, 0x049F, 0x049F, 0x049F,  /* 0xB388 */
  0x0332, 0x0332, 0x0332, 0x0332, 0x0332, 0x0332, 0x0332, 0x0332,  /* 0xB390 */
  0x033E, 0x033E, 0x033E, 0x033E, 0x033E, 0x033E, 0x033E, 0x033E,  /* 0xB398 */
  0x0338, 0x0338, 0x0338, 0x0338, 0x0338, 0x0338, 0x0338, 0x0338,  /* 0xB3A0 */
  0x0344, 0x0344, 0x0344, 0x0344, 0x0344, 0x0344, 0x0344, 0x0344,  /* 0xB3A8 */
  0x0352, 0x0352, 0x0352, 0x0352, 0x0352, 0x0352, 0x0352, 0x0352,  /* 0xB3B0 */
  0x0326, 0x032C, 0x03E1, 0x03E1, 0x03E1, 0x03E1, 0x03E1, 0x03E1,  /* 0xB3B8 */
  0x00D5, 0x00D5, 0x00D5, 0x00D5, 0x00D5, 0x00D5, 0x00D5, 0x00D5,  /* 0xB3C0 */
  0x00D7, 0x00D7, 0x00D7, 0x00D7, 0x00D7, 0x00D7, 0x00D7, 0x00D7,  /* 0xB3C8 */
  0x00DD, 0x00DD, 0x00DD, 0x00DD, 0x00DD, 0x00DD, 0x00DD, 0x00DD,  /* 0xB3D0 */
  0x00E1, 0x00E1, 0x00E1, 0x00E1, 0x00E1, 0x00E1, 0x00E1, 0x00E1,  /* 0xB3D8 */
  0x00DF, 0x00DF, 0x00DF, 0x00DF, 0x00DF, 0x00DF, 0x00DF, 0x00DF,  /* 0xB3E0 */
  0x00E3, 0x00E3, 0x00E3, 0x00E3, 0x00E3, 0x00E3, 0x00E3, 0x00E3,  /* 0xB3E8 */
  0x0188, 0x0188, 0x0188, 0x0188, 0x0188, 0x0188, 0x0188, 0x0188,  /* 0xB3F0 */
  0x00D9, 0x00DB, 0x0261, 0x0261, 0x00D3, 0x03E1, 0x03E1, 0x03E1,  /* 0xB3F8 */
  0x00BB, 0x00BB, 0x00BB, 0x00BB, 0x00BB, 0x00BB, 0x00BB, 0x00BB,  /* 0xB400 */
  0x0259, 0x0259, 0x0259, 0x0259, 0x0259, 0x0259, 0x0259, 0x0259,  /* 0xB408 */
  0x00C6, 0x00C6, 0x00C6, 0x00C6, 0x00C6, 0x00C6, 0x00C6, 0x00C6,  /* 0xB410 */
  0x00CC, 0x00CC, 0x00CC, 0x00CC, 0x00CC, 0x00CC, 0x00CC, 0x00CC,  /* 0xB418 */
  0x00C9, 0x00C9, 0x00C9, 0x00C9, 0x00C9, 0x00C9, 0x00C9, 0x00C9,  /* 0xB420 */
  0x00CF, 0x00CF, 0x00CF, 0x00CF, 0x00CF, 0x00CF, 0x00CF, 0x00CF,  /* 0xB428 */
  0x0185, 0x0185, 0x0185, 0x0185, 0x0185, 0x0185, 0x0185, 0x0185,  /* 0xB430 */
  0x00C0, 0x00C3, 0x025A, 0x025A, 0x00B8, 0x03E1, 0x03E1, 0x03E1,  /* 0xB438 */
  0x00BC, 0x00BC, 0x00BC, 0x00BC, 0x00BC, 0x00BC, 0x00BC, 0x00BC,  /* 0xB440 */
  0x00BE, 0x00BE, 0x00BE, 0x00BE, 0x00BE, 0x00BE, 0x00BE, 0x00BE,  /* 0xB448 */
  0x00C7, 0x00C7, 0x00C7, 0x00C7, 0x00C7, 0x00C7, 0x00C7, 0x00C7,  /* 0xB450 */
  0x00CD, 0x00CD, 0x00CD, 0x00CD, 0x00CD, 0x00CD, 0x00CD, 0x00CD,  /* 0xB458 */
  0x00CA, 0x00CA, 0x00CA, 0x00CA, 0x00CA, 0x00CA, 0x00CA, 0x00CA,  /* 0xB460 */
  0x00D0, 0x00D0, 0x00D0, 0x00D0, 0x00D0, 0x00D0, 0x00D0, 0x00D0,  /* 0xB468 */
  0x0186, 0x0186, 0x0186, 0x0186, 0x0186, 0x0186, 0x0186, 0x0186,  /* 0xB470 */
  0x00C1, 0x00C4, 0x025B, 0x025B, 0x00B9, 0x03E1, 0x03E1, 0x03E1,  /* 0xB478 */
  0x00BD, 0x00BD, 0x00BD, 0x00BD, 0x00BD, 0x00BD, 0x00BD, 0x00BD,  /* 0xB480 */
  0x00BF, 0x00BF, 0x00BF, 0x00BF, 0x00BF, 0x00BF, 0x00BF, 0x00BF,  /* 0xB488 */
  0x00C8, 0x00C8, 0x00C8, 0x00C8, 0x00C8, 0x00C8, 0x00C8, 0x00C8,  /* 0xB490 */
  0x00CE, 0x00CE, 0x00CE, 0x00CE, 0x00CE, 0x00CE, 0x00CE, 0x00CE,  /* 0xB498 */
  0x00CB, 0x00CB, 0x00CB, 0x00CB, 0x00CB, 0x00CB, 0x00CB, 0x00CB,  /* 0xB4A0 */
  0x00D1, 0x00D1, 0x00D1, 0x00D1, 0x00D1, 0x00D1, 0x00D1, 0x00D1,  /* 0xB4A8 */
  0x0187, 0x0187, 0x0187, 0x0187, 0x0187, 0x0187, 0x0187, 0x0187,  /* 0xB4B0 */
  0x00C2, 0x00C5, 0x025C, 0x025C, 0x00BA, 0x03E1, 0x03E1, 0x03E1,  /* 0xB4B8 */
  0x00D4, 0x00D4, 0x00D4, 0x00D4, 0x00D4, 0x00D4, 0x00D4, 0x00D4,  /* 0xB4C0 */
  0x00D6, 0x00D6, 0x00D6, 0x00D6, 0x00D6, 0x00D6, 0x00D6, 0x00D6,  /* 0xB4C8 */
  0x00DC, 0x00DC, 0x00DC, 0x00DC, 0x00DC, 0x00DC, 0x00DC, 0x00DC,  /* 0xB4D0 */
  0x00E0, 0x00E0, 0x00E0, 0x00E0, 0x00E0, 0x00E0, 0x00E0, 0x00E0,  /* 0xB4D8 */
  0x00DE, 0x00DE, 0x00DE, 0x00DE, 0x00DE, 0x00DE, 0x00DE, 0x00DE,  /* 0xB4E0 */
  0x00E2, 0x00E2, 0x00E2, 0x00E2, 0x00E2, 0x00E2, 0x00E2, 0x00E2,  /* 0xB4E8 */
  0x0260, 0x0260, 0x0260, 0x0260, 0x0260, 0x0260, 0x0260, 0x0260,  /* 0xB4F0 */
  0x00D8, 0x00DA, 0x0260, 0x0260, 0x00D2, 0x03E1, 0x03E1, 0x03E1,  /* 0xB4F8 */
  0x031C, 0x031C, 0x031C, 0x031C, 0x031C, 0x031C, 0x031C, 0x031C,  /* 0xB500 */
  0x049D, 0x049D, 0x049A, 0x049D, 0x049D, 0x049D, 0x049D, 0x0499,  /* 0xB508 */
  0x032E, 0x032E, 0x032E, 0x032E, 0x032E, 0x032E, 0x032E, 0x032E,  /* 0xB510 */
  0x033A, 0x033A, 0x033A, 0x033A, 0x033A, 0x033A, 0x033A, 0x033A,  /* 0xB518 */
  0x0334, 0x0334, 0x0334, 0x0334, 0x0334, 0x0334, 0x0334, 0x0334,  /* 0xB520 */
  0x0340, 0x0340, 0x0340, 0x0340, 0x0340, 0x0340, 0x0340, 0x0340,  /* 0xB528 */
  0x0346, 0x0346, 0x0346, 0x0346, 0x0346, 0x0346, 0x0346, 0x0346,  /* 0xB530 */
  0x0322, 0x0328, 0x03E1, 0x03E1, 0x03E1, 0x03E1, 0x03E1, 0x03E1,  /* 0xB538 */
  0x031E, 0x031E, 0x031E, 0x031E, 0x031E, 0x031E, 0x031E, 0x031E,  /* 0xB540 */
  0x049E, 0x049E, 0x049B, 0x049E, 0x049E, 0x049E, 0x049E, 0x049E,  /* 0xB548 */
  0x0330, 0x0330, 0x0330, 0x0330, 0x0330, 0x0330, 0x0330, 0x0330,  /* 0xB550 */
  0x033C, 0x033C, 0x033C, 0x033C, 0x033C, 0x033C, 0x033C, 0x033C,  /* 0xB558 */
  0x0336, 0x0336, 0x0336, 0x0336, 0x0336, 0x0336, 0x0336, 0x0336,  /* 0xB560 */
  0x0342, 0x0342, 0x0342, 0x0342, 0x0342, 0x0342, 0x0342, 0x0342,  /* 0xB568 */
  0x034C, 0x034C, 0x034C, 0x034C, 0x034C, 0x034C, 0x034C, 0x034C,  /* 0xB570 */
  0x0324, 0x032A, 0x03E1, 0x03E1, 0x03E1, 0x03E1, 0x03E1, 0x03E1,  /* 0xB578 */
  0x0320, 0x0320, 0x0320, 0x0320, 0x0320, 0x0320, 0x0320, 0x0320,  /* 0xB580 */
  0x049F, 0x049F, 0x049C, 0x049F, 0x049F, 0x049F, 0x049F, 0x049F,  /* 0xB588 */
  0x0332, 0x0332, 0x0332, 0x0332, 0x0332, 0x0332, 0x0332, 0x0332,  /* 0xB590 */
  0x033E, 0x033E, 0x033E, 0x033E, 0x033E, 0x033E, 0x033E, 0x033E,  /* 0xB598 */
  0x0338, 0x0338, 0x0338, 0x0338, 0x0338, 0x0338, 0x0338, 0x0338,  /* 0xB5A0 */
  0x0344, 0x0344, 0x0344, 0x0344, 0x0344, 0x0344, 0x0344, 0x0344,  /* 0xB5A8 */
  0x0352, 0x0352, 0x0352, 0x0352, 0x0352, 0x0352, 0x0352, 0x0352,  /* 0xB5B0 */
  0x0326, 0x032C, 0x03E1, 0x03E1, 0x03E1, 0x03E1, 0x03E1, 0x03E1,  /* 0xB5B8 */
  0x00D5, 0x00D5, 0x00D5, 0x00D5, 0x00D5, 0x00D5, 0x00D5, 0x00D5,  /* 0xB5C0 */
  0x00D7, 0x00D7, 0x00D7, 0x00D7, 0x00D7, 0x00D7, 0x00D7, 0x00D7,  /* 0xB5C8 */
  0x00DD, 0x00DD, 0x00DD, 0x00DD, 0x00DD, 0x00DD, 0x00DD, 0x00DD,  /* 0xB5D0 */
  0x00E1, 0x00E1, 0x00E1, 0x00E1, 0x00E1, 0x00E1, 0x00E1, 0x00E1,  /* 0xB5D8 */
  0x00DF, 0x00DF, 0x00DF, 0x00DF, 0x00DF, 0x00DF, 0x00DF, 0x00DF,  /* 0xB5E0 */
  0x00E3, 0x00E3, 0x00E3, 0x00E3, 0x00E3, 0x00E3, 0x00E3, 0x00E3,  /* 0xB5E8 */
  0x0188, 0x0188, 0x0188, 0x0188, 0x0188, 0x0188, 0x0188, 0x0188,  /* 0xB5F0 */
  0x00D9, 0x00DB, 0x0261, 0x0261, 0x00D3, 0x03E1, 0x03E1, 0x03E1,  /* 0xB5F8 */
  0x00BB, 0x00BB, 0x00BB, 0x00BB, 0x00BB, 0x00BB, 0x00BB, 0x00BB,  /* 0xB600 */
  0x0259, 0x0259, 0x0259, 0x0259, 0x0259, 0x0259, 0x0259, 0x0259,  /* 0xB608 */
  0x00C6, 0x00C6, 0x00C6, 0x00C6, 0x00C6, 0x00C6, 0x00C6, 0x00C6,  /* 0xB610 */
  0x00CC, 0x00CC, 0x00CC, 0x00CC, 0x00CC, 0x00CC, 0x00CC, 0x00CC,  /* 0xB618 */
  0x00C9, 0x00C9, 0x00C9, 0x00C9, 0x00C9, 0x00C9, 0x00C9, 0x00C9,  /* 0xB620 */
  0x00CF, 0x00CF, 0x00CF, 0x00CF, 0x00CF, 0x00CF, 0x00CF, 0x00CF,  /* 0xB628 */
  0x0185, 0x0185, 0x0185, 0x0185, 0x0185, 0x0185, 0x0185, 0x0185,  /* 0xB630 */
  0x00C0, 0x00C3, 0x025A, 0x025A, 0x00B8, 0x03E1, 0x03E1, 0x03E1,  /* 0xB638 */
  0x00BC, 0x00BC, 0x00BC, 0x00BC, 0x00BC, 0x00BC, 0x00BC, 0x00BC,  /* 0xB640 */
  0x00BE, 0x00BE, 0x00BE, 0x00BE, 0x00BE, 0x00BE, 0x00BE, 0x00BE,  /* 0xB648 */
  0x00C7, 0x00C7, 0x00C7, 0x00C7, 0x00C7, 0x00C7, 0x00C7, 0x00C7,  /* 0xB650 */
  0x00CD, 0x00CD, 0x00CD, 0x00CD, 0x00CD, 0x00CD, 0x00CD, 0x00CD,  /* 0xB658 */
  0x00CA, 0x00CA, 0x00CA, 0x00CA, 0x00CA, 0x00CA, 0x00CA, 0x00CA,  /* 0xB660 */
  0x00D0, 0x00D0, 0x00D0, 0x00D0, 0x00D0, 0x00D0, 0x00D0, 0x00D0,  /* 0xB668 */
  0x0186, 0x0186, 0x0186, 0x0186, 0x0186, 0x0186, 0x0186, 0x0186,  /* 0xB670 */
  0x00C1, 0x00C4, 0x025B, 0x025B, 0x00B9, 0x03E1, 0x03E1, 0x03E1,  /* 0xB678 */
  0x00BD, 0x00BD, 0x00BD, 0x00BD, 0x00BD, 0x00BD, 0x00BD, 0x00BD,  /* 0xB680 */
  0x00BF, 0x00BF, 0x00BF, 0x00BF, 0x00BF, 0x00BF, 0x00BF, 0x00BF,  /* 0xB688 */
  0x00C8, 0x00C8, 0x00C8, 0x00C8, 0x00C8, 0x00C8, 0x00C8, 0x00C8,  /* 0xB690 */
  0x00CE, 0x00CE, 0x00CE, 0x00CE, 0x00CE, 0x00CE, 0x00CE, 0x00CE,  /* 0xB698 */
  0x00CB, 0x00CB, 0x00CB, 0x00CB, 0x00CB, 0x00CB, 0x00CB, 0x00CB,  /* 0xB6A0 */
  0x00D1, 0x00D1, 0x00D1, 0x00D1, 0x00D1, 0x00D1, 0x00D1, 0x00D1,  /* 0xB6A8 */
  0x0187, 0x0187, 0x0187, 0x0187, 0x0187, 0x0187, 0x0187, 0x0187,  /* 0xB6B0 */
  0x00C2, 0x00C5, 0x025C, 0x025C, 0x00BA, 0x03E1, 0x03E1, 0x03E1,  /* 0xB6B8 */
  0x00D4, 0x00D4, 0x00D4, 0x00D4, 0x00D4, 0x00D4, 0x00D4, 0x00D4,  /* 0xB6C0 */
  0x00D6, 0x00D6, 0x00D6, 0x00D6, 0x00D6, 0x00D6, 0x00D6, 0x00D6,  /* 0xB6C8 */
  0x00DC, 0x00DC, 0x00DC, 0x00DC, 0x00DC, 0x00DC, 0x00DC, 0x00DC,  /* 0xB6D0 */
  0x00E0, 0x00E0, 0x00E0, 0x00E0, 0x00E0, 0x00E0, 0x00E0, 0x00E0,  /* 0xB6D8 */
  0x00DE, 0x00DE, 0x00DE, 0x00DE, 0x00DE, 0x00DE, 0x00DE, 0x00DE,  /* 0xB6E0 */
  0x00E2, 0x00E2, 0x00E2, 0x00E2, 0x00E2, 0x00E2, 0x00E2, 0x00E2,  /* 0xB6E8 */
  0x0260, 0x0260, 0x0260, 0x0260, 0x0260, 0x0260, 0x0260, 0x0260,  /* 0xB6F0 */
  0x00D8, 0x00DA, 0x0260, 0x0260, 0x00D2, 0x03E1, 0x03E1, 0x03E1,  /* 0xB6F8 */
  0x031C, 0x031C, 0x031C, 0x031C, 0x031C, 0x031C, 0x031C, 0x031C,  /* 0xB700 */
  0x049D, 0x049D, 0x049D, 0x049A, 0x049D, 0x049D, 0x049D, 0x0499,  /* 0xB708 */
  0x032E, 0x032E, 0x032E, 0x032E, 0x032E, 0x032E, 0x032E, 0x032E,  /* 0xB710 */
  0x033A, 0x033A, 0x033A, 0x033A, 0x033A, 0x033A, 0x033A, 0x033A,  /* 0xB718 */
  0x0334, 0x0334, 0x0334, 0x0334, 0x0334, 0x0334, 0x0334, 0x0334,  /* 0xB720 */
  0x0340, 0x0340, 0x0340, 0x0340, 0x0340, 0x0340, 0x0340, 0x0340,  /* 0xB728 */
  0x0346, 0x0346, 0x0346, 0x0346, 0x0346, 0x0346, 0x0346, 0x0346,  /* 0xB730 */
  0x0322, 0x0328, 0x03E1, 0x03E1, 0x03E1, 0x03E1, 0x03E1, 0x03E1,  /* 0xB738 */
  0x031E, 0x031E, 0x031E, 0x031E, 0x031E, 0x031E, 0x031E, 0x031E,  /* 0xB740 */
  0x049E, 0x049E, 0x049E, 0x049B, 0x049E, 0x049E, 0x049E, 0x049E,  /* 0xB748 */
  0x0330, 0x0330, 0x0330, 0x0330, 0x0330, 0x0330, 0x0330, 0x0330,  /* 0xB750 */
  0x033C, 0x033C, 0x033C, 0x033C, 0x033C, 0x033C, 0x033C, 0x033C,  /* 0xB758 */
  0x0336, 0x0336, 0x0336, 0x0336, 0x0336, 0x0336, 0x0336, 0x0336,  /* 0xB760 */
  0x0342, 0x0342, 0x0342, 0x0342, 0x0342, 0x0342, 0x0342, 0x0342,  /* 0xB768 */
  0x034C, 0x034C, 0x034C, 0x034C, 0x034C, 0x034C, 0x034C, 0x034C,  /* 0xB770 */
  0x0324, 0x032A, 0x03E1, 0x03E1, 0x03E1, 0x03E1, 0x03E1, 0x03E1,  /* 0xB778 */
  0x0320, 0x0320, 0x0320, 0x0320, 0x0320, 0x0320, 0x0320, 0x0320,  /* 0xB780 */
  0x049F, 0x049F, 0x049F, 0x049C, 0x049F, 0x049F, 0x049F, 0x049F,  /* 0xB788 */
  0x0332, 0x0332, 0x0332, 0x0332, 0x0332, 0x0332, 0x0332, 0x0332,  /* 0xB790 */
  0x033E, 0x033E, 0x033E, 0x033E, 0x033E, 0x033E, 0x033E, 0x033E,  /* 0xB798 */
  0x0338, 0x0338, 0x0338, 0x0338, 0x0338, 0x0338, 0x0338, 0x0338,  /* 0xB7A0 */
  0x0344, 0x0344, 0x0344, 0x0344, 0x0344, 0x0344, 0x0344, 0x0344,  /* 0xB7A8 */
  0x0352, 0x0352, 0x0352, 0x0352, 0x0352, 0x0352, 0x0352, 0x0352,  /* 0xB7B0 */
  0x0326, 0x032C, 0x03E1, 0x03E1, 0x03E1, 0x03E1, 0x03E1, 0x03E1,  /* 0xB7B8 */
  0x00D5, 0x00D5, 0x00D5, 0x00D5, 0x00D5, 0x00D5, 0x00D5, 0x00D5,  /* 0xB7C0 */
  0x00D7, 0x00D7, 0x00D7, 0x00D7, 0x00D7, 0x00D7, 0x00D7, 0x00D7,  /* 0xB7C8 */
  0x00DD, 0x00DD, 0x00DD, 0x00DD, 0x00DD, 0x00DD, 0x00DD, 0x00DD,  /* 0xB7D0 */
  0x00E1, 0x00E1, 0x00E1, 0x00E1, 0x00E1, 0x00E1, 0x00E1, 0x00E1,  /* 0xB7D8 */
  0x00DF, 0x00DF, 0x00DF, 0x00DF, 0x00DF, 0x00DF, 0x00DF, 0x00DF,  /* 0xB7E0 */
  0x00E3, 0x00E3, 0x00E3, 0x00E3, 0x00E3, 0x00E3, 0x00E3, 0x00E3,  /* 0xB7E8 */
  0x0188, 0x0188, 0x0188, 0x0188, 0x0188, 0x0188, 0x0188, 0x0188,  /* 0xB7F0 */
  0x00D9, 0x00DB, 0x0261, 0x0261, 0x00D3, 0x03E1, 0x03E1, 0x03E1,  /* 0xB7F8 */
  0x00BB, 0x00BB, 0x00BB, 0x00BB, 0x00BB, 0x00BB, 0x00BB, 0x00BB,  /* 0xB800 */
  0x0259, 0x0259, 0x0259, 0x0259, 0x0259, 0x0259, 0x0259, 0x0259,  /* 0xB808 */
  0x00C6, 0x00C6, 0x00C6, 0x00C6, 0x00C6, 0x00C6, 0x00C6, 0x00C6,  /* 0xB810 */
  0x00CC, 0x00CC, 0x00CC, 0x00CC, 0x00CC, 0x00CC, 0x00CC, 0x00CC,  /* 0xB818 */
  0x00C9, 0x00C9, 0x00C9, 0x00C9, 0x00C9, 0x00C9, 0x00C9, 0x00C9,  /* 0xB820 */
  0x00CF, 0x00CF, 0x00CF, 0x00CF, 0x00CF, 0x00CF, 0x00CF, 0x00CF,  /* 0xB828 */
  0x0185, 0x0185, 0x0185, 0x0185, 0x0185, 0x0185, 0x0185, 0x0185,  /* 0xB830 */
  0x00C0, 0x00C3, 0x025A, 0x025A, 0x00B8, 0x03E1, 0x03E1, 0x03E1,  /* 0xB838 */
  0x00BC, 0x00BC, 0x00BC, 0x00BC, 0x00BC, 0x00BC, 0x00BC, 0x00BC,  /* 0xB840 */
  0x00BE, 0x00BE, 0x00BE, 0x00BE, 0x00BE, 0x00BE, 0x00BE, 0x00BE,  /* 0xB848 */
  0x00C7, 0x00C7, 0x00C7, 0x00C7, 0x00C7, 0x00C7, 0x00C7, 0x00C7,  /* 0xB850 */
  0x00CD, 0x00CD, 0x00CD, 0x00CD, 0x00CD, 0x00CD, 0x00CD, 0x00CD,  /* 0xB858 */
  0x00CA, 0x00CA, 0x00CA, 0x00CA, 0x00CA, 0x00CA, 0x00CA, 0x00CA,  /* 0xB860 */
  0x00D0, 0x00D0, 0x00D0, 0x00D0, 0x00D0, 0x00D0, 0x00D0, 0x00D0,  /* 0xB868 */
  0x0186, 0x0186, 0x0186, 0x0186, 0x0186, 0x0186, 0x0186, 0x0186,  /* 0xB870 */
  0x00C1, 0x00C4, 0x025B, 0x025B, 0x00B9, 0x03E1, 0x03E1, 0x03E1,  /* 0xB878 */
  0x00BD, 0x00BD, 0x00BD, 0x00BD, 0x00BD, 0x00BD, 0x00BD, 0x00BD,  /* 0xB880 */
  0x00BF, 0x00BF, 0x00BF, 0x00BF, 0x00BF, 0x00BF, 0x00BF, 0x00BF,  /* 0xB888 */
  0x00C8, 0x00C8, 0x00C8, 0x00C8, 0x00C8, 0x00C8, 0x00C8, 0x00C8,  /* 0xB890 */
  0x00CE, 0x00CE, 0x00CE, 0x00CE, 0x00CE, 0x00CE, 0x00CE, 0x00CE,  /* 0xB898 */
  0x00CB, 0x00CB, 0x00CB, 0x00CB, 0x00CB, 0x00CB, 0x00CB, 0x00CB,  /* 0xB8A0 */
  0x00D1, 0x00D1, 0x00D1, 0x00D1, 0x00D1, 0x00D1, 0x00D1, 0x00D1,  /* 0xB8A8 */
  0x0187, 0x0187, 0x0187, 0x0187, 0x0187, 0x0187, 0x0187, 0x0187,  /* 0xB8B0 */
  0x00C2, 0x00C5, 0x025C, 0x025C, 0x00BA, 0x03E1, 0x03E1, 0x03E1,  /* 0xB8B8 */
  0x00D4, 0x00D4, 0x00D4, 0x00D4, 0x00D4, 0x00D4, 0x00D4, 0x00D4,  /* 0xB8C0 */
  0x00D6, 0x00D6, 0x00D6, 0x00D6, 0x00D6, 0x00D6, 0x00D6, 0x00D6,  /* 0xB8C8 */
  0x00DC, 0x00DC, 0x00DC, 0x00DC, 0x00DC, 0x00DC, 0x00DC, 0x00DC,  /* 0xB8D0 */
  0x00E0, 0x00E0, 0x00E0, 0x00E0, 0x00E0, 0x00E0, 0x00E0, 0x00E0,  /* 0xB8D8 */
  0x00DE, 0x00DE, 0x00DE, 0x00DE, 0x00DE, 0x00DE, 0x00DE, 0x00DE,  /* 0xB8E0 */
  0x00E2, 0x00E2, 0x00E2, 0x00E2, 0x00E2, 0x00E2, 0x00E2, 0x00E2,  /* 0xB8E8 */
  0x0260, 0x0260, 0x0260, 0x0260, 0x0260, 0x0260, 0x0260, 0x0260,  /* 0xB8F0 */
  0x00D8, 0x00DA, 0x0260, 0x0260, 0x00D2, 0x03E1, 0x03E1, 0x03E1,  /* 0xB8F8 */
  0x031C, 0x031C, 0x031C, 0x031C, 0x031C, 0x031C, 0x031C, 0x031C,  /* 0xB900 */
  0x049D, 0x049D, 0x049D, 0x049D, 0x049A, 0x049D, 0x049D, 0x0499,  /* 0xB908 */
  0x032E, 0x032E, 0x032E, 0x032E, 0x032E, 0x032E, 0x032E, 0x032E,  /* 0xB910 */
  0x033A, 0x033A, 0x033A, 0x033A, 0x033A, 0x033A, 0x033A, 0x033A,  /* 0xB918 */
  0x0334, 0x0334, 0x0334, 0x0334, 0x0334, 0x0334, 0x0334, 0x0334,  /* 0xB920 */
  0x0340, 0x0340, 0x0340, 0x0340, 0x0340, 0x0340, 0x0340, 0x0340,  /* 0xB928 */
  0x0346, 0x0346, 0x0346, 0x0346, 0x0346, 0x0346, 0x0346, 0x0346,  /* 0xB930 */
  0x0322, 0x0328, 0x03E1, 0x03E1, 0x03E1, 0x03E1, 0x03E1, 0x03E1,  /* 0xB938 */
  0x031E, 0x031E, 0x031E, 0x031E, 0x031E, 0x031E, 0x031E, 0x031E,  /* 0xB940 */
  0x049E, 0x049E, 0x049E, 0x049E, 0x049B, 0x049E, 0x049E, 0x049E,  /* 0xB948 */
  0x0330, 0x0330, 0x0330, 0x0330, 0x0330, 0x0330, 0x0330, 0x0330,  /* 0xB950 */
  0x033C, 0x033C, 0x033C, 0x033C, 0x033C, 0x033C, 0x033C, 0x033C,  /* 0xB958 */
  0x0336, 0x0336, 0x0336, 0x0336, 0x0336, 0x0336, 0x0336, 0x0336,  /* 0xB960 */
  0x0342, 0x0342, 0x0342, 0x0342, 0x0342, 0x0342, 0x0342, 0x0342,  /* 0xB968 */
  0x034C, 0x034C, 0x034C, 0x034C, 0x034C, 0x034C, 0x034C, 0x034C,  /* 0xB970 */
  0x0324, 0x032A, 0x03E1, 0x03E1, 0x03E1, 0x03E1, 0x03E1, 0x03E1,  /* 0xB978 */
  0x0320, 0x0320, 0x0320, 0x0320, 0x0320, 0x0320, 0x0320, 0x0320,  /* 0xB980 */
  0x049F, 0x049F, 0x049F, 0x049F, 0x049C, 0x049F, 0x049F, 0x049F,  /* 0xB988 */
  0x0332, 0x0332, 0x0332, 0x0332, 0x0332, 0x0332, 0x0332, 0x0332,  /* 0xB990 */
  0x033E, 0x033E, 0x033E, 0x033E, 0x033E, 0x033E, 0x033E, 0x033E,  /* 0xB998 */
  0x0338, 0x0338, 0x0338, 0x0338, 0x0338, 0x0338, 0x0338, 0x0338,  /* 0xB9A0 */
  0x0344, 0x0344, 0x0344, 0x0344, 0x0344, 0x0344, 0x0344, 0x0344,  /* 0xB9A8 */
  0x0352, 0x0352, 0x0352, 0x0352, 0x0352, 0x0352, 0x0352, 0x0352,  /* 0xB9B0 */
  0x0326, 0x032C, 0x03E1, 0x03E1, 0x03E1, 0x03E1, 0x03E1, 0x03E1,  /* 0xB9B8 */
  0x00D5, 0x00D5, 0x00D5, 0x00D5, 0x00D5, 0x00D5, 0x00D5, 0x00D5,  /* 0xB9C0 */
  0x00D7, 0x00D7, 0x00D7, 0x00D7, 0x00D7, 0x00D7, 0x00D7, 0x00D7,  /* 0xB9C8 */
  0x00DD, 0x00DD, 0x00DD, 0x00DD, 0x00DD, 0x00DD, 0x00DD, 0x00DD,  /* 0xB9D0 */
  0x00E1, 0x00E1, 0x00E1, 0x00E1, 0x00E1, 0x00E1, 0x00E1, 0x00E1,  /* 0xB9D8 */
  0x00DF, 0x00DF, 0x00DF, 0x00DF, 0x00DF, 0x00DF, 0x00DF, 0x00DF,  /* 0xB9E0 */
  0x00E3, 0x00E3, 0x00E3, 0x00E3, 0x00E3, 0x00E3, 0x00E3, 0x00E3,  /* 0xB9E8 */
  0x0188, 0x0188, 0x0188, 0x0188, 0x0188, 0x0188, 0x0188, 0x0188,  /* 0xB9F0 */
  0x00D9, 0x00DB, 0x0261, 0x0261, 0x00D3, 0x03E1, 0x03E1, 0x03E1,  /* 0xB9F8 */
  0x00BB, 0x00BB, 0x00BB, 0x00BB, 0x00BB, 0x00BB, 0x00BB, 0x00BB,  /* 0xBA00 */
  0x0259, 0x0259, 0x0259, 0x0259, 0x0259, 0x0259, 0x0259, 0x0259,  /* 0xBA08 */
  0x00C6, 0x00C6, 0x00C6, 0x00C6, 0x00C6, 0x00C6, 0x00C6, 0x00C6,  /* 0xBA10 */
  0x00CC, 0x00CC, 0x00CC, 0x00CC, 0x00CC, 0x00CC, 0x00CC, 0x00CC,  /* 0xBA18 */
  0x00C9, 0x00C9, 0x00C9, 0x00C9, 0x00C9, 0x00C9, 0x00C9, 0x00C9,  /* 0xBA20 */
  0x00CF, 0x00CF, 0x00CF, 0x00CF, 0x00CF, 0x00CF, 0x00CF, 0x00CF,  /* 0xBA28 */
  0x0185, 0x0185, 0x0185, 0x0185, 0x0185, 0x0185, 0x0185, 0x0185,  /* 0xBA30 */
  0x00C0, 0x00C3, 0x025A, 0x025A, 0x00B8, 0x03E1, 0x03E1, 0x03E1,  /* 0xBA38 */
  0x00BC, 0x00BC, 0x00BC, 0x00BC, 0x00BC, 0x00BC, 0x00BC, 0x00BC,  /* 0xBA40 */
  0x00BE, 0x00BE, 0x00BE, 0x00BE, 0x00BE, 0x00BE, 0x00BE, 0x00BE,  /* 0xBA48 */
  0x00C7, 0x00C7, 0x00C7, 0x00C7, 0x00C7, 0x00C7, 0x00C7, 0x00C7,  /* 0xBA50 */
  0x00CD, 0x00CD, 0x00CD, 0x00CD, 0x00CD, 0x00CD, 0x00CD, 0x00CD,  /* 0xBA58 */
  0x00CA, 0x00CA, 0x00CA, 0x00CA, 0x00CA, 0x00CA, 0x00CA, 0x00CA,  /* 0xBA60 */
  0x00D0, 0x00D0, 0x00D0, 0x00D0, 0x00D0, 0x00D0, 0x00D0, 0x00D0,  /* 0xBA68 */
  0x0186, 0x0186, 0x0186, 0x0186, 0x0186, 0x0186, 0x0186, 0x0186,  /* 0xBA70 */
  0x00C1, 0x00C4, 0x025B, 0x025B, 0x00B9, 0x03E1, 0x03E1, 0x03E1,  /* 0xBA78 */
  0x00BD, 0x00BD, 0x00BD, 0x00BD, 0x00BD, 0x00BD, 0x00BD, 0x00BD,  /* 0xBA80 */
  0x00BF, 0x00BF, 0x00BF, 0x00BF, 0x00BF, 0x00BF, 0x00BF, 0x00BF,  /* 0xBA88 */
  0x00C8, 0x00C8, 0x00C8, 0x00C8, 0x00C8, 0x00C8, 0x00C8, 0x00C8,  /* 0xBA90 */
  0x00CE, 0x00CE, 0x00CE, 0x00CE, 0x00CE, 0x00CE, 0x00CE, 0x00CE,  /* 0xBA98 */
  0x00CB, 0x00CB, 0x00CB, 0x00CB, 0x00CB, 0x00CB, 0x00CB, 0x00CB,  /* 0xBAA0 */
  0x00D1, 0x00D1, 0x00D1, 0x00D1, 0x00D1, 0x00D1, 0x00D1, 0x00D1,  /* 0xBAA8 */
  0x0187, 0x0187, 0x0187, 0x0187, 0x0187, 0x0187, 0x0187, 0x0187,  /* 0xBAB0 */
  0x00C2, 0x00C5, 0x025C, 0x025C, 0x00BA, 0x03E1, 0x03E1, 0x03E1,  /* 0xBAB8 */
  0x00D4, 0x00D4, 0x00D4, 0x00D4, 0x00D4, 0x00D4, 0x00D4, 0x00D4,  /* 0xBAC0 */
  0x00D6, 0x00D6, 0x00D6, 0x00D6, 0x00D6, 0x00D6, 0x00D6, 0x00D6,  /* 0xBAC8 */
  0x00DC, 0x00DC, 0x00DC, 0x00DC, 0x00DC, 0x00DC, 0x00DC, 0x00DC,  /* 0xBAD0 */
  0x00E0, 0x00E0, 0x00E0, 0x00E0, 0x00E0, 0x00E0, 0x00E0, 0x00E0,  /* 0xBAD8 */
  0x00DE, 0x00DE, 0x00DE, 0x00DE, 0x00DE, 0x00DE, 0x00DE, 0x00DE,  /* 0xBAE0 */
  0x00E2, 0x00E2, 0x00E2, 0x00E2, 0x00E2, 0x00E2, 0x00E2, 0x00E2,  /* 0xBAE8 */
  0x0260, 0x0260, 0x0260, 0x0260, 0x0260, 0x0260, 0x0260, 0x0260,  /* 0xBAF0 */
  0x00D8, 0x00DA, 0x0260, 0x0260, 0x00D2, 0x03E1, 0x03E1, 0x03E1,  /* 0xBAF8 */
  0x031C, 0x031C, 0x031C, 0x031C, 0x031C, 0x031C, 0x031C, 0x031C,  /* 0xBB00 */
  0x049D, 0x049D, 0x049D, 0x049D, 0x049D, 0x049A, 0x049D, 0x0499,  /* 0xBB08 */
  0x032E, 0x032E, 0x032E, 0x032E, 0x032E, 0x032E, 0x032E, 0x032E,  /* 0xBB10 */
  0x033A, 0x033A, 0x033A, 0x033A, 0x033A, 0x033A, 0x033A, 0x033A,  /* 0xBB18 */
  0x0334, 0x0334, 0x0334, 0x0334, 0x0334, 0x0334, 0x0334, 0x0334,  /* 0xBB20 */
  0x0340, 0x0340, 0x0340, 0x0340, 0x0340, 0x0340, 0x0340, 0x0340,  /* 0xBB28 */
  0x0346, 0x0346, 0x0346, 0x0346, 0x0346, 0x0346, 0x0346, 0x0346,  /* 0xBB30 */
  0x0322, 0x0328, 0x03E1, 0x03E1, 0x03E1, 0x03E1, 0x03E1, 0x03E1,  /* 0xBB38 */
  0x031E, 0x031E, 0x031E, 0x031E, 0x031E, 0x031E, 0x031E, 0x031E,  /* 0xBB40 */
  0x049E, 0x049E, 0x049E, 0x049E, 0x049E, 0x049B, 0x049E, 0x049E,  /* 0xBB48 */
  0x0330, 0x0330, 0x0330, 0x0330, 0x0330, 0x0330, 0x0330, 0x0330,  /* 0xBB50 */
  0x033C, 0x033C, 0x033C, 0x033C, 0x033C, 0x033C, 0x033C, 0x033C,  /* 0xBB58 */
  0x0336, 0x0336, 0x0336, 0x0336, 0x0336, 0x0336, 0x0336, 0x0336,  /* 0xBB60 */
  0x0342, 0x0342, 0x0342, 0x0342, 0x0342, 0x0342, 0x0342, 0x0342,  /* 0xBB68 */
  0x034C, 0x034C, 0x034C, 0x034C, 0x034C, 0x034C, 0x034C, 0x034C,  /* 0xBB70 */
  0x0324, 0x032A, 0x03E1, 0x03E1, 0x03E1, 0x03E1, 0x03E1, 0x03E1,  /* 0xBB78 */
  0x0320, 0x0320, 0x0320, 0x0320, 0x0320, 0x0320, 0x0320, 0x0320,  /* 0xBB80 */
  0x049F, 0x049F, 0x049F, 0x049F, 0x049F, 0x049C, 0x049F, 0x049F,  /* 0xBB88 */
  0x0332, 0x0332, 0x0332, 0x0332, 0x0332, 0x0332, 0x0332, 0x0332,  /* 0xBB90 */
  0x033E, 0x033E, 0x033E, 0x033E, 0x033E, 0x033E, 0x033E, 0x033E,  /* 0xBB98 */
  0x0338, 0x0338, 0x0338, 0x0338, 0x0338, 0x0338, 0x0338, 0x0338,  /* 0xBBA0 */
  0x0344, 0x0344, 0x0344, 0x0344, 0x0344, 0x0344, 0x0344, 0x0344,  /* 0xBBA8 */
  0x0352, 0x0352, 0x0352, 0x0352, 0x0352, 0x0352, 0x0352, 0x0352,  /* 0xBBB0 */
  0x0326, 0x032C, 0x03E1, 0x03E1, 0x03E1, 0x03E1, 0x03E1, 0x03E1,  /* 0xBBB8 */
  0x00D5, 0x00D5, 0x00D5, 0x00D5, 0x00D5, 0x00D5, 0x00D5, 0x00D5,  /* 0xBBC0 */
  0x00D7, 0x00D7, 0x00D7, 0x00D7, 0x00D7, 0x00D7, 0x00D7, 0x00D7,  /* 0xBBC8 */
  0x00DD, 0x00DD, 0x00DD, 0x00DD, 0x00DD, 0x00DD, 0x00DD, 0x00DD,  /* 0xBBD0 */
  0x00E1, 0x00E1, 0x00E1, 0x00E1, 0x00E1, 0x00E1, 0x00E1, 0x00E1,  /* 0xBBD8 */
  0x00DF, 0x00DF, 0x00DF, 0x00DF, 0x00DF, 0x00DF, 0x00DF, 0x00DF,  /* 0xBBE0 */
  0x00E3, 0x00E3, 0x00E3, 0x00E3, 0x00E3, 0x00E3, 0x00E3, 0x00E3,  /* 0xBBE8 */
  0x0188, 0x0188, 0x0188, 0x0188, 0x0188, 0x0188, 0x0188, 0x0188,  /* 0xBBF0 */
  0x00D9, 0x00DB, 0x0261, 0x0261, 0x00D3, 0x03E1, 0x03E1, 0x03E1,  /* 0xBBF8 */
  0x00BB, 0x00BB, 0x00BB, 0x00BB, 0x00BB, 0x00BB, 0x00BB, 0x00BB,  /* 0xBC00 */
  0x0259, 0x0259, 0x0259, 0x0259, 0x0259, 0x0259, 0x0259, 0x0259,  /* 0xBC08 */
  0x00C6, 0x00C6, 0x00C6, 0x00C6, 0x00C6, 0x00C6, 0x00C6, 0x00C6,  /* 0xBC10 */
  0x00CC, 0x00CC, 0x00CC, 0x00CC, 0x00CC, 0x00CC, 0x00CC, 0x00CC,  /* 0xBC18 */
  0x00C9, 0x00C9, 0x00C9, 0x00C9, 0x00C9, 0x00C9, 0x00C9, 0x00C9,  /* 0xBC20 */
  0x00CF, 0x00CF, 0x00CF, 0x00CF, 0x00CF, 0x00CF, 0x00CF, 0x00CF,  /* 0xBC28 */
  0x0185, 0x0185, 0x0185, 0x0185, 0x0185, 0x0185, 0x0185, 0x0185,  /* 0xBC30 */
  0x00C0, 0x00C3, 0x025A, 0x025A, 0x00B8, 0x03E1, 0x03E1, 0x03E1,  /* 0xBC38 */
  0x00BC, 0x00BC, 0x00BC, 0x00BC, 0x00BC, 0x00BC, 0x00BC, 0x00BC,  /* 0xBC40 */
  0x00BE, 0x00BE, 0x00BE, 0x00BE, 0x00BE, 0x00BE, 0x00BE, 0x00BE,  /* 0xBC48 */
  0x00C7, 0x00C7, 0x00C7, 0x00C7, 0x00C7, 0x00C7, 0x00C7, 0x00C7,  /* 0xBC50 */
  0x00CD, 0x00CD, 0x00CD, 0x00CD, 0x00CD, 0x00CD, 0x00CD, 0x00CD,  /* 0xBC58 */
  0x00CA, 0x00CA, 0x00CA, 0x00CA, 0x00CA, 0x00CA, 0x00CA, 0x00CA,  /* 0xBC60 */
  0x00D0, 0x00D0, 0x00D0, 0x00D0, 0x00D0, 0x00D0, 0x00D0, 0x00D0,  /* 0xBC68 */
  0x0186, 0x0186, 0x0186, 0x0186, 0x0186, 0x0186, 0x0186, 0x0186,  /* 0xBC70 */
  0x00C1, 0x00C4, 0x025B, 0x025B, 0x00B9, 0x03E1, 0x03E1, 0x03E1,  /* 0xBC78 */
  0x00BD, 0x00BD, 0x00BD, 0x00BD, 0x00BD, 0x00BD, 0x00BD, 0x00BD,  /* 0xBC80 */
  0x00BF, 0x00BF, 0x00BF, 0x00BF, 0x00BF, 0x00BF, 0x00BF, 0x00BF,  /* 0xBC88 */
  0x00C8, 0x00C8, 0x00C8, 0x00C8, 0x00C8, 0x00C8, 0x00C8, 0x00C8,  /* 0xBC90 */
  0x00CE, 0x00CE, 0x00CE, 0x00CE, 0x00CE, 0x00CE, 0x00CE, 0x00CE,  /* 0xBC98 */
  0x00CB, 0x00CB, 0x00CB, 0x00CB, 0x00CB, 0x00CB, 0x00CB, 0x00CB,  /* 0xBCA0 */
  0x00D1, 0x00D1, 0x00D1, 0x00D1, 0x00D1, 0x00D1, 0x00D1, 0x00D1,  /* 0xBCA8 */
  0x0187, 0x0187, 0x0187, 0x0187, 0x0187, 0x0187, 0x0187, 0x0187,  /* 0xBCB0 */
  0x00C2, 0x00C5, 0x025C, 0x025C, 0x00BA, 0x03E1, 0x03E1, 0x03E1,  /* 0xBCB8 */
  0x00D4, 0x00D4, 0x00D4, 0x00D4, 0x00D4, 0x00D4, 0x00D4, 0x00D4,  /* 0xBCC0 */
  0x00D6, 0x00D6, 0x00D6, 0x00D6, 0x00D6, 0x00D6, 0x00D6, 0x00D6,  /* 0xBCC8 */
  0x00DC, 0x00DC, 0x00DC, 0x00DC, 0x00DC, 0x00DC, 0x00DC, 0x00DC,  /* 0xBCD0 */
  0x00E0, 0x00E0, 0x00E0, 0x00E0, 0x00E0, 0x00E0, 0x00E0, 0x00E0,  /* 0xBCD8 */
  0x00DE, 0x00DE, 0x00DE, 0x00DE, 0x00DE, 0x00DE, 0x00DE, 0x00DE,  /* 0xBCE0 */
  0x00E2, 0x00E2, 0x00E2, 0x00E2, 0x00E2, 0x00E2, 0x00E2, 0x00E2,  /* 0xBCE8 */
  0x0260, 0x0260, 0x0260, 0x0260, 0x0260, 0x0260, 0x0260, 0x0260,  /* 0xBCF0 */
  0x00D8, 0x00DA, 0x0260, 0x0260, 0x00D2, 0x03E1, 0x03E1, 0x03E1,  /* 0xBCF8 */
  0x031C, 0x031C, 0x031C, 0x031C, 0x031C, 0x031C, 0x031C, 0x031C,  /* 0xBD00 */
  0x049D, 0x049D, 0x049D, 0x049D, 0x049D, 0x049D, 0x049A, 0x0499,  /* 0xBD08 */
  0x032E, 0x032E, 0x032E, 0x032E, 0x032E, 0x032E, 0x032E, 0x032E,  /* 0xBD10 */
  0x033A, 0x033A, 0x033A, 0x033A, 0x033A, 0x033A, 0x033A, 0x033A,  /* 0xBD18 */
  0x0334, 0x0334, 0x0334, 0x0334, 0x0334, 0x0334, 0x0334, 0x0334,  /* 0xBD20 */
  0x0340, 0x0340, 0x0340, 0x0340, 0x0340, 0x0340, 0x0340, 0x0340,  /* 0xBD28 */
  0x0346, 0x0346, 0x0346, 0x0346, 0x0346, 0x0346, 0x0346, 0x0346,  /* 0xBD30 */
  0x0322, 0x0328, 0x03E1, 0x03E1, 0x03E1, 0x03E1, 0x03E1, 0x03E1,  /* 0xBD38 */
  0x031E, 0x031E, 0x031E, 0x031E, 0x031E, 0x031E, 0x031E, 0x031E,  /* 0xBD40 */
  0x049E, 0x049E, 0x049E, 0x049E, 0x049E, 0x049E, 0x049B, 0x049E,  /* 0xBD48 */
  0x0330, 0x0330, 0x0330, 0x0330, 0x0330, 0x0330, 0x0330, 0x0330,  /* 0xBD50 */
  0x033C, 0x033C, 0x033C, 0x033C, 0x033C, 0x033C, 0x033C, 0x033C,  /* 0xBD58 */
  0x0336, 0x0336, 0x0336, 0x0336, 0x0336, 0x0336, 0x0336, 0x0336,  /* 0xBD60 */
  0x0342, 0x0342, 0x0342, 0x0342, 0x0342, 0x0342, 0x0342, 0x0342,  /* 0xBD68 */
  0x034C, 0x034C, 0x034C, 0x034C, 0x034C, 0x034C, 0x034C, 0x034C,  /* 0xBD70 */
  0x0324, 0x032A, 0x03E1, 0x03E1, 0x03E1, 0x03E1, 0x03E1, 0x03E1,  /* 0xBD78 */
  0x0320, 0x0320, 0x0320, 0x0320, 0x0320, 0x0320, 0x0320, 0x0320,  /* 0xBD80 */
  0x049F, 0x049F, 0x049F, 0x049F, 0x049F, 0x049F, 0x049C, 0x049F,  /* 0xBD88 */
  0x0332, 0x0332, 0x0332, 0x0332, 0x0332, 0x0332, 0x0332, 0x0332,  /* 0xBD90 */
  0x033E, 0x033E, 0x033E, 0x033E, 0x033E, 0x033E, 0x033E, 0x033E,  /* 0xBD98 */
  0x0338, 0x0338, 0x0338, 0x0338, 0x0338, 0x0338, 0x0338, 0x0338,  /* 0xBDA0 */
  0x0344, 0x0344, 0x0344, 0x0344, 0x0344, 0x0344, 0x0344, 0x0344,  /* 0xBDA8 */
  0x0352, 0x0352, 0x0352, 0x0352, 0x0352, 0x0352, 0x0352, 0x0352,  /* 0xBDB0 */
  0x0326, 0x032C, 0x03E1, 0x03E1, 0x03E1, 0x03E1, 0x03E1, 0x03E1,  /* 0xBDB8 */
  0x00D5, 0x00D5, 0x00D5, 0x00D5, 0x00D5, 0x00D5, 0x00D5, 0x00D5,  /* 0xBDC0 */
  0x00D7, 0x00D7, 0x00D7, 0x00D7, 0x00D7, 0x00D7, 0x00D7, 0x00D7,  /* 0xBDC8 */
  0x00DD, 0x00DD, 0x00DD, 0x00DD, 0x00DD, 0x00DD, 0x00DD, 0x00DD,  /* 0xBDD0 */
  0x00E1, 0x00E1, 0x00E1, 0x00E1, 0x00E1, 0x00E1, 0x00E1, 0x00E1,  /* 0xBDD8 */
  0x00DF, 0x00DF, 0x00DF, 0x00DF, 0x00DF, 0x00DF, 0x00DF, 0x00DF,  /* 0xBDE0 */
  0x00E3, 0x00E3, 0x00E3, 0x00E3, 0x00E3, 0x00E3, 0x00E3, 0x00E3,  /* 0xBDE8 */
  0x0188, 0x0188, 0x0188, 0x0188, 0x0188, 0x0188, 0x0188, 0x0188,  /* 0xBDF0 */
  0x00D9, 0x00DB, 0x0261, 0x0261, 0x00D3, 0x03E1, 0x03E1, 0x03E1,  /* 0xBDF8 */
  0x00BB, 0x00BB, 0x00BB, 0x00BB, 0x00BB, 0x00BB, 0x00BB, 0x00BB,  /* 0xBE00 */
  0x0259, 0x0259, 0x0259, 0x0259, 0x0259, 0x0259, 0x0259, 0x0259,  /* 0xBE08 */
  0x00C6, 0x00C6, 0x00C6, 0x00C6, 0x00C6, 0x00C6, 0x00C6, 0x00C6,  /* 0xBE10 */
  0x00CC, 0x00CC, 0x00CC, 0x00CC, 0x00CC, 0x00CC, 0x00CC, 0x00CC,  /* 0xBE18 */
  0x00C9, 0x00C9, 0x00C9, 0x00C9, 0x00C9, 0x00C9, 0x00C9, 0x00C9,  /* 0xBE20 */
  0x00CF, 0x00CF, 0x00CF, 0x00CF, 0x00CF, 0x00CF, 0x00CF, 0x00CF,  /* 0xBE28 */
  0x0185, 0x0185, 0x0185, 0x0185, 0x0185, 0x0185, 0x0185, 0x0185,  /* 0xBE30 */
  0x00C0, 0x00C3, 0x025A, 0x025A, 0x00B8, 0x03E1, 0x03E1, 0x03E1,  /* 0xBE38 */
  0x00BC, 0x00BC, 0x00BC, 0x00BC, 0x00BC, 0x00BC, 0x00BC, 0x00BC,  /* 0xBE40 */
  0x00BE, 0x00BE, 0x00BE, 0x00BE, 0x00BE, 0x00BE, 0x00BE, 0x00BE,  /* 0xBE48 */
  0x00C7, 0x00C7, 0x00C7, 0x00C7, 0x00C7, 0x00C7, 0x00C7, 0x00C7,  /* 0xBE50 */
  0x00CD, 0x00CD, 0x00CD, 0x00CD, 0x00CD, 0x00CD, 0x00CD, 0x00CD,  /* 0xBE58 */
  0x00CA, 0x00CA, 0x00CA, 0x00CA, 0x00CA, 0x00CA, 0x00CA, 0x00CA,  /* 0xBE60 */
  0x00D0, 0x00D0, 0x00D0, 0x00D0, 0x00D0, 0x00D0, 0x00D0, 0x00D0,  /* 0xBE68 */
  0x0186, 0x0186, 0x0186, 0x0186, 0x0186, 0x0186, 0x0186, 0x0186,  /* 0xBE70 */
  0x00C1, 0x00C4, 0x025B, 0x025B, 0x00B9, 0x03E1, 0x03E1, 0x03E1,  /* 0xBE78 */
  0x00BD, 0x00BD, 0x00BD, 0x00BD, 0x00BD, 0x00BD, 0x00BD, 0x00BD,  /* 0xBE80 */
  0x00BF, 0x00BF, 0x00BF, 0x00BF, 0x00BF, 0x00BF, 0x00BF, 0x00BF,  /* 0xBE88 */
  0x00C8, 0x00C8, 0x00C8, 0x00C8, 0x00C8, 0x00C8, 0x00C8, 0x00C8,  /* 0xBE90 */
  0x00CE, 0x00CE, 0x00CE, 0x00CE, 0x00CE, 0x00CE, 0x00CE, 0x00CE,  /* 0xBE98 */
  0x00CB, 0x00CB, 0x00CB, 0x00CB, 0x00CB, 0x00CB, 0x00CB, 0x00CB,  /* 0xBEA0 */
  0x00D1, 0x00D1, 0x00D1, 0x00D1, 0x00D1, 0x00D1, 0x00D1, 0x00D1,  /* 0xBEA8 */
  0x0187, 0x0187, 0x0187, 0x0187, 0x0187, 0x0187, 0x0187, 0x0187,  /* 0xBEB0 */
  0x00C2, 0x00C5, 0x025C, 0x025C, 0x00BA, 0x03E1, 0x03E1, 0x03E1,  /* 0xBEB8 */
  0x00D4, 0x00D4, 0x00D4, 0x00D4, 0x00D4, 0x00D4, 0x00D4, 0x00D4,  /* 0xBEC0 */
  0x00D6, 0x00D6, 0x00D6, 0x00D6, 0x00D6, 0x00D6, 0x00D6, 0x00D6,  /* 0xBEC8 */
  0x00DC, 0x00DC, 0x00DC, 0x00DC, 0x00DC, 0x00DC, 0x00DC, 0x00DC,  /* 0xBED0 */
  0x00E0, 0x00E0, 0x00E0, 0x00E0, 0x00E0, 0x00E0, 0x00E0, 0x00E0,  /* 0xBED8 */
  0x00DE, 0x00DE, 0x00DE, 0x00DE, 0x00DE, 0x00DE, 0x00DE, 0x00DE,  /* 0xBEE0 */
  0x00E2, 0x00E2, 0x00E2, 0x00E2, 0x00E2, 0x00E2, 0x00E2, 0x00E2,  /* 0xBEE8 */
  0x0260, 0x0260, 0x0260, 0x0260, 0x0260, 0x0260, 0x0260, 0x0260,  /* 0xBEF0 */
  0x00D8, 0x00DA, 0x0260, 0x0260, 0x00D2, 0x03E1, 0x03E1, 0x03E1,  /* 0xBEF8 */
  0x031C, 0x031C, 0x031C, 0x031C, 0x031C, 0x031C, 0x031C, 0x031C,  /* 0xBF00 */
  0x0498, 0x0498, 0x0498, 0x0498, 0x0498, 0x0498, 0x0498, 0x0497,  /* 0xBF08 */
  0x032E, 0x032E, 0x032E, 0x032E, 0x032E, 0x032E, 0x032E, 0x032E,  /* 0xBF10 */
  0x033A, 0x033A, 0x033A, 0x033A, 0x033A, 0x033A, 0x033A, 0x033A,  /* 0xBF18 */
  0x0334, 0x0334, 0x0334, 0x0334, 0x0334, 0x0334, 0x0334, 0x0334,  /* 0xBF20 */
  0x0340, 0x0340, 0x0340, 0x0340, 0x0340, 0x0340, 0x0340, 0x0340,  /* 0xBF28 */
  0x0346, 0x0346, 0x0346, 0x0346, 0x0346, 0x0346, 0x0346, 0x0346,  /* 0xBF30 */
  0x0322, 0x0328, 0x03E1, 0x03E1, 0x03E1, 0x03E1, 0x03E1, 0x03E1,  /* 0xBF38 */
  0x031E, 0x031E, 0x031E, 0x031E, 0x031E, 0x031E, 0x031E, 0x031E,  /* 0xBF40 */
  0x049E, 0x049E, 0x049E, 0x049E, 0x049E, 0x049E, 0x049E, 0x049B,  /* 0xBF48 */
  0x0330, 0x0330, 0x0330, 0x0330, 0x0330, 0x0330, 0x0330, 0x0330,  /* 0xBF50 */
  0x033C, 0x033C, 0x033C, 0x033C, 0x033C, 0x033C, 0x033C, 0x033C,  /* 0xBF58 */
  0x0336, 0x0336, 0x0336, 0x0336, 0x0336, 0x0336, 0x0336, 0x0336,  /* 0xBF60 */
  0x0342, 0x0342, 0x0342, 0x0342, 0x0342, 0x0342, 0x0342, 0x0342,  /* 0xBF68 */
  0x034C, 0x034C, 0x034C, 0x034C, 0x034C, 0x034C, 0x034C, 0x034C,  /* 0xBF70 */
  0x0324, 0x032A, 0x03E1, 0x03E1, 0x03E1, 0x03E1, 0x03E1, 0x03E1,  /* 0xBF78 */
  0x0320, 0x0320, 0x0320, 0x0320, 0x0320, 0x0320, 0x0320, 0x0320,  /* 0xBF80 */
  0x049F, 0x049F, 0x049F, 0x049F, 0x049F, 0x049F, 0x049F, 0x049C,  /* 0xBF88 */
  0x0332, 0x0332, 0x0332, 0x0332, 0x0332, 0x0332, 0x0332, 0x0332,  /* 0xBF90 */
  0x033E, 0x033E, 0x033E, 0x033E, 0x033E, 0x033E, 0x033E, 0x033E,  /* 0xBF98 */
  0x0338, 0x0338, 0x0338, 0x0338, 0x0338, 0x0338, 0x0338, 0x0338,  /* 0xBFA0 */
  0x0344, 0x0344, 0x0344, 0x0344, 0x0344, 0x0344, 0x0344, 0x0344,  /* 0xBFA8 */
  0x0352, 0x0352, 0x0352, 0x0352, 0x0352, 0x0352, 0x0352, 0x0352,  /* 0xBFB0 */
  0x0326, 0x032C, 0x03E1, 0x03E1, 0x03E1, 0x03E1, 0x03E1, 0x03E1,  /* 0xBFB8 */
  0x00D5, 0x00D5, 0x00D5, 0x00D5, 0x00D5, 0x00D5, 0x00D5, 0x00D5,  /* 0xBFC0 */
  0x00D7, 0x00D7, 0x00D7, 0x00D7, 0x00D7, 0x00D7, 0x00D7, 0x00D7,  /* 0xBFC8 */
  0x00DD, 0x00DD, 0x00DD, 0x00DD, 0x00DD, 0x00DD, 0x00DD, 0x00DD,  /* 0xBFD0 */
  0x00E1, 0x00E1, 0x00E1, 0x00E1, 0x00E1, 0x00E1, 0x00E1, 0x00E1,  /* 0xBFD8 */
  0x00DF, 0x00DF, 0x00DF, 0x00DF, 0x00DF, 0x00DF, 0x00DF, 0x00DF,  /* 0xBFE0 */
  0x00E3, 0x00E3, 0x00E3, 0x00E3, 0x00E3, 0x00E3, 0x00E3, 0x00E3,  /* 0xBFE8 */
  0x0188, 0x0188, 0x0188, 0x0188, 0x0188, 0x0188, 0x0188, 0x0188,  /* 0xBFF0 */
  0x00D9, 0x00DB, 0x0261, 0x0261, 0x00D3, 0x03E1, 0x03E1, 0x03E1,  /* 0xBFF8 */
  0x027A, 0x027A, 0x027A, 0x027A, 0x027A, 0x027A, 0x027A, 0x027A,  /* 0xC000 */
  0x03E1, 0x03E1, 0x03E1, 0x03E1, 0x03E1, 0x03E1, 0x03E1, 0x03E1,  /* 0xC008 */
  0x028C, 0x028C, 0x028C, 0x028C, 0x028C, 0x028C, 0x028C, 0x028C,  /* 0xC010 */
  0x0298, 0x0298, 0x0298, 0x0298, 0x0298, 0x0298, 0x0298, 0x0298,  /* 0xC018 */
  0x0292, 0x0292, 0x0292, 0x0292, 0x0292, 0x0292, 0x0292, 0x0292,  /* 0xC020 */
  0x029E, 0x029E, 0x029E, 0x029E, 0x029E, 0x029E, 0x029E, 0x029E,  /* 0xC028 */
  0x0358, 0x0358, 0x0358, 0x0358, 0x0358, 0x0358, 0x0358, 0x0358,  /* 0xC030 */
  0x0280, 0x0286, 0x0358, 0x0358, 0x0274, 0x03E1, 0x03E1, 0x03E1,  /* 0xC038 */
  0x027C, 0x027C, 0x027C, 0x027C, 0x027C, 0x027C, 0x027C, 0x027C,  /* 0xC040 */
  0x03E1, 0x03E1, 0x03E1, 0x03E1, 0x03E1, 0x03E1, 0x03E1, 0x03E1,  /* 0xC048 */
  0x028E, 0x028E, 0x028E, 0x028E, 0x028E, 0x028E, 0x028E, 0x028E,  /* 0xC050 */
  0x029A, 0x029A, 0x029A, 0x029A, 0x029A, 0x029A, 0x029A, 0x029A,  /* 0xC058 */
  0x0294, 0x0294, 0x0294, 0x0294, 0x0294, 0x0294, 0x0294, 0x0294,  /* 0xC060 */
  0x02A0, 0x02A0, 0x02A0, 0x02A0, 0x02A0, 0x02A0, 0x02A0, 0x02A0,  /* 0xC068 */
  0x035C, 0x035C, 0x035C, 0x035C, 0x035C, 0x035C, 0x035C, 0x035C,  /* 0xC070 */
  0x0282, 0x0288, 0x035C, 0x035C, 0x0276, 0x03E1, 0x03E1, 0x03E1,  /* 0xC078 */
  0x027E, 0x027E, 0x027E, 0x027E, 0x027E, 0x027E, 0x027E, 0x027E,  /* 0xC080 */
  0x03E1, 0x03E1, 0x03E1, 0x03E1, 0x03E1, 0x03E1, 0x03E1, 0x03E1,  /* 0xC088 */
  0x0290, 0x0290, 0x0290, 0x0290, 0x0290, 0x0290, 0x0290, 0x0290,  /* 0xC090 */
  0x029C, 0x029C, 0x029C, 0x029C, 0x029C, 0x029C, 0x029C, 0x029C,  /* 0xC098 */
  0x0296, 0x0296, 0x0296, 0x0296, 0x0296, 0x0296, 0x0296, 0x0296,  /* 0xC0A0 */
  0x02A2, 0x02A2, 0x02A2, 0x02A2, 0x02A2, 0x02A2, 0x02A2, 0x02A2,  /* 0xC0A8 */
  0x0360, 0x0360, 0x0360, 0x0360, 0x0360, 0x0360, 0x0360, 0x0360,  /* 0xC0B0 */
  0x0284, 0x028A, 0x0360, 0x0360, 0x0278, 0x03E1, 0x03E1, 0x03E1,  /* 0xC0B8 */
  0x05DD, 0x05DD, 0x05DD, 0x05DD, 0x05DD, 0x05DD, 0x05DD, 0x05DD,  /* 0xC0C0 */
  0x03E1, 0x03E1, 0x03E1, 0x03E1, 0x03E1, 0x03E1, 0x03E1, 0x03E1,  /* 0xC0C8 */
  0x05E3, 0x05E3, 0x05E3, 0x05E3, 0x05E3, 0x05E3, 0x05E3, 0x05E3,  /* 0xC0D0 */
  0x05E7, 0x05E7, 0x05E7, 0x05E7, 0x05E7, 0x05E7, 0x05E7, 0x05E7,  /* 0xC0D8 */
  0x05E5, 0x05E5, 0x05E5, 0x05E5, 0x05E5, 0x05E5, 0x05E5, 0x05E5,  /* 0xC0E0 */
  0x05E9, 0x05E9, 0x05E9, 0x05E9, 0x05E9, 0x05E9, 0x05E9, 0x05E9,  /* 0xC0E8 */
  0x05EB, 0x05EB, 0x05EB, 0x05EB, 0x05EB, 0x05EB, 0x05EB, 0x05EB,  /* 0xC0F0 */
  0x05DF, 0x05E1, 0x05EB, 0x05EB, 0x05DB, 0x03E1, 0x03E1, 0x03E1,  /* 0xC0F8 */
  0x0002, 0x0002, 0x0002, 0x0002, 0x0002, 0x0002, 0x0002, 0x0002,  /* 0xC100 */
  0x0004, 0x0007, 0x0007, 0x0007, 0x0007, 0x0007, 0x0007, 0x0006,  /* 0xC108 */
  0x02B0, 0x02B0, 0x02B0, 0x02B0, 0x02B0, 0x02B0, 0x02B0, 0x02B0,  /* 0xC110 */
  0x02BC, 0x02BC, 0x02BC, 0x02BC, 0x02BC, 0x02BC, 0x02BC, 0x02BC,  /* 0xC118 */
  0x02B6, 0x02B6, 0x02B6, 0x02B6, 0x02B6, 0x02B6, 0x02B6, 0x02B6,  /* 0xC120 */
  0x02C2, 0x02C2, 0x02C2, 0x02C2, 0x02C2, 0x02C2, 0x02C2, 0x02C2,  /* 0xC128 */
  0x0348, 0x0348, 0x0348, 0x0348, 0x0348, 0x0348, 0x0348, 0x0348,  /* 0xC130 */
  0x02A4, 0x02AA, 0x03E1, 0x03E1, 0x03E1, 0x03E1, 0x03E1, 0x03E1,  /* 0xC138 */
  0x04BD, 0x04BD, 0x04BD, 0x04BD, 0x04BD, 0x04BD, 0x04BD, 0x04BD,  /* 0xC140 */
  0x04BE, 0x04BE, 0x04BE, 0x04BE, 0x04BE, 0x04BE, 0x04BE, 0x04BE,  /* 0xC148 */
  0x02B2, 0x02B2, 0x02B2, 0x02B2, 0x02B2, 0x02B2, 0x02B2, 0x02B2,  /* 0xC150 */
  0x02BE, 0x02BE, 0x02BE, 0x02BE, 0x02BE, 0x02BE, 0x02BE, 0x02BE,  /* 0xC158 */
  0x02B8, 0x02B8, 0x02B8, 0x02B8, 0x02B8, 0x02B8, 0x02B8, 0x02B8,  /* 0xC160 */
  0x02C4, 0x02C4, 0x02C4, 0x02C4, 0x02C4, 0x02C4, 0x02C4, 0x02C4,  /* 0xC168 */
  0x034E, 0x034E, 0x034E, 0x034E, 0x034E, 0x034E, 0x034E, 0x034E,  /* 0xC170 */
  0x02A6, 0x02AC, 0x03E1, 0x03E1, 0x03E1, 0x03E1, 0x03E1, 0x03E1,  /* 0xC178 */
  0x03E1, 0x03E1, 0x03E1, 0x03E1, 0x03E1, 0x03E1, 0x03E1, 0x03E1,  /* 0xC180 */
  0x04BF, 0x04BF, 0x04BF, 0x04BF, 0x04BF, 0x04BF, 0x04BF, 0x04BF,  /* 0xC188 */
  0x02B4, 0x02B4, 0x02B4, 0x02B4, 0x02B4, 0x02B4, 0x02B4, 0x02B4,  /* 0xC190 */
  0x02C0, 0x02C0, 0x02C0, 0x02C0, 0x02C0, 0x02C0, 0x02C0, 0x02C0,  /* 0xC198 */
  0x02BA, 0x02BA, 0x02BA, 0x02BA, 0x02BA, 0x02BA, 0x02BA, 0x02BA,  /* 0xC1A0 */
  0x02C6, 0x02C6, 0x02C6, 0x02C6, 0x02C6, 0x02C6, 0x02C6, 0x02C6,  /* 0xC1A8 */
  0x0354, 0x0354, 0x0354, 0x0354, 0x0354, 0x0354, 0x0354, 0x0354,  /* 0xC1B0 */
  0x02A8, 0x02AE, 0x03E1, 0x03E1, 0x03E1, 0x03E1, 0x03E1, 0x03E1,  /* 0xC1B8 */
  0x05CB, 0x05CB, 0x05CB, 0x05CB, 0x05CB, 0x05CB, 0x05CB, 0x05CB,  /* 0xC1C0 */
  0x03E1, 0x03E1, 0x03E1, 0x03E1, 0x03E1, 0x03E1, 0x03E1, 0x03E1,  /* 0xC1C8 */
  0x05D1, 0x05D1, 0x05D1, 0x05D1, 0x05D1, 0x05D1, 0x05D1, 0x05D1,  /* 0xC1D0 */
  0x05D5, 0x05D5, 0x05D5, 0x05D5, 0x05D5, 0x05D5, 0x05D5, 0x05D5,  /* 0xC1D8 */
  0x05D3, 0x05D3, 0x05D3, 0x05D3, 0x05D3, 0x05D3, 0x05D3, 0x05D3,  /* 0xC1E0 */
  0x05D7, 0x05D7, 0x05D7, 0x05D7, 0x05D7, 0x05D7, 0x05D7, 0x05D7,  /* 0xC1E8 */
  0x05D9, 0x05D9, 0x05D9, 0x05D9, 0x05D9, 0x05D9, 0x05D9, 0x05D9,  /* 0xC1F0 */
  0x05CD, 0x05CF, 0x05D9, 0x05D9, 0x05C9, 0x03E1, 0x03E1, 0x03E1,  /* 0xC1F8 */
  0x027A, 0x027A, 0x027A, 0x027A, 0x027A, 0x027A, 0x027A, 0x027A,  /* 0xC200 */
  0x03E1, 0x03E1, 0x03E1, 0x03E1, 0x03E1, 0x03E1, 0x03E1, 0x03E1,  /* 0xC208 */
  0x028C, 0x028C, 0x028C, 0x028C, 0x028C, 0x028C, 0x028C, 0x028C,  /* 0xC210 */
  0x0298, 0x0298, 0x0298, 0x0298, 0x0298, 0x0298, 0x0298, 0x0298,  /* 0xC218 */
  0x0292, 0x0292, 0x0292, 0x0292, 0x0292, 0x0292, 0x0292, 0x0292,  /* 0xC220 */
  0x029E, 0x029E, 0x029E, 0x029E, 0x029E, 0x029E, 0x029E, 0x029E,  /* 0xC228 */
  0x0358, 0x0358, 0x0358, 0x0358, 0x0358, 0x0358, 0x0358, 0x0358,  /* 0xC230 */
  0x0280, 0x0286, 0x0358, 0x0358, 0x0274, 0x03E1, 0x03E1, 0x03E1,  /* 0xC238 */
  0x027C, 0x027C, 0x027C, 0x027C, 0x027C, 0x027C, 0x027C, 0x027C,  /* 0xC240 */
  0x03E1, 0x03E1, 0x03E1, 0x03E1, 0x03E1, 0x03E1, 0x03E1, 0x03E1,  /* 0xC248 */
  0x028E, 0x028E, 0x028E, 0x028E, 0x028E, 0x028E, 0x028E, 0x028E,  /* 0xC250 */
  0x029A, 0x029A, 0x029A, 0x029A, 0x029A, 0x029A, 0x029A, 0x029A,  /* 0xC258 */
  0x0294, 0x0294, 0x0294, 0x0294, 0x0294, 0x0294, 0x0294, 0x0294,  /* 0xC260 */
  0x02A0, 0x02A0, 0x02A0, 0x02A0, 0x02A0, 0x02A0, 0x02A0, 0x02A0,  /* 0xC268 */
  0x035C, 0x035C, 0x035C, 0x035C, 0x035C, 0x035C, 0x035C, 0x035C,  /* 0xC270 */
  0x0282, 0x0288, 0x035C, 0x035C, 0x0276, 0x03E1, 0x03E1, 0x03E1,  /* 0xC278 */
  0x027E, 0x027E, 0x027E, 0x027E, 0x027E, 0x027E, 0x027E, 0x027E,  /* 0xC280 */
  0x03E1, 0x03E1, 0x03E1, 0x03E1, 0x03E1, 0x03E1, 0x03E1, 0x03E1,  /* 0xC288 */
  0x0290, 0x0290, 0x0290, 0x0290, 0x0290, 0x0290, 0x0290, 0x0290,  /* 0xC290 */
  0x029C, 0x029C, 0x029C, 0x029C, 0x029C, 0x029C, 0x029C, 0x029C,  /* 0xC298 */
  0x0296, 0x0296, 0x0296, 0x0296, 0x0296, 0x0296, 0x0296, 0x0296,  /* 0xC2A0 */
  0x02A2, 0x02A2, 0x02A2, 0x02A2, 0x02A2, 0x02A2, 0x02A2, 0x02A2,  /* 0xC2A8 */
  0x0360, 0x0360, 0x0360, 0x0360, 0x0360, 0x0360, 0x0360, 0x0360,  /* 0xC2B0 */
  0x0284, 0x028A, 0x0360, 0x0360, 0x0278, 0x03E1, 0x03E1, 0x03E1,  /* 0xC2B8 */
  0x05DD, 0x05DD, 0x05DD, 0x05DD, 0x05DD, 0x05DD, 0x05DD, 0x05DD,  /* 0xC2C0 */
  0x03E1, 0x03E1, 0x03E1, 0x03E1, 0x03E1, 0x03E1, 0x03E1, 0x03E1,  /* 0xC2C8 */
  0x05E3, 0x05E3, 0x05E3, 0x05E3, 0x05E3, 0x05E3, 0x05E3, 0x05E3,  /* 0xC2D0 */
  0x05E7, 0x05E7, 0x05E7, 0x05E7, 0x05E7, 0x05E7, 0x05E7, 0x05E7,  /* 0xC2D8 */
  0x05E5, 0x05E5, 0x05E5, 0x05E5, 0x05E5, 0x05E5, 0x05E5, 0x05E5,  /* 0xC2E0 */
  0x05E9, 0x05E9, 0x05E9, 0x05E9, 0x05E9, 0x05E9, 0x05E9, 0x05E9,  /* 0xC2E8 */
  0x05EB, 0x05EB, 0x05EB, 0x05EB, 0x05EB, 0x05EB, 0x05EB, 0x05EB,  /* 0xC2F0 */
  0x05DF, 0x05E1, 0x05EB, 0x05EB, 0x05DB, 0x03E1, 0x03E1, 0x03E1,  /* 0xC2F8 */
  0x0002, 0x0002, 0x0002, 0x0002, 0x0002, 0x0002, 0x0002, 0x0002,  /* 0xC300 */
  0x0007, 0x0004, 0x0007, 0x0007, 0x0007, 0x0007, 0x0007, 0x0006,  /* 0xC308 */
  0x02B0, 0x02B0, 0x02B0, 0x02B0, 0x02B0, 0x02B0, 0x02B0, 0x02B0,  /* 0xC310 */
  0x02BC, 0x02BC, 0x02BC, 0x02BC, 0x02BC, 0x02BC, 0x02BC, 0x02BC,  /* 0xC318 */
  0x02B6, 0x02B6, 0x02B6, 0x02B6, 0x02B6, 0x02B6, 0x02B6, 0x02B6,  /* 0xC320 */
  0x02C2, 0x02C2, 0x02C2, 0x02C2, 0x02C2, 0x02C2, 0x02C2, 0x02C2,  /* 0xC328 */
  0x0348, 0x0348, 0x0348, 0x0348, 0x0348, 0x0348, 0x0348, 0x0348,  /* 0xC330 */
  0x02A4, 0x02AA, 0x03E1, 0x03E1, 0x03E1, 0x03E1, 0x03E1, 0x03E1,  /* 0xC338 */
  0x04BD, 0x04BD, 0x04BD, 0x04BD, 0x04BD, 0x04BD, 0x04BD, 0x04BD,  /* 0xC340 */
  0x04BE, 0x04BE, 0x04BE, 0x04BE, 0x04BE, 0x04BE, 0x04BE, 0x04BE,  /* 0xC348 */
  0x02B2, 0x02B2, 0x02B2, 0x02B2, 0x02B2, 0x02B2, 0x02B2, 0x02B2,  /* 0xC350 */
  0x02BE, 0x02BE, 0x02BE, 0x02BE, 0x02BE, 0x02BE, 0x02BE, 0x02BE,  /* 0xC358 */
  0x02B8, 0x02B8, 0x02B8, 0x02B8, 0x02B8, 0x02B8, 0x02B8, 0x02B8,  /* 0xC360 */
  0x02C4, 0x02C4, 0x02C4, 0x02C4, 0x02C4, 0x02C4, 0x02C4, 0x02C4,  /* 0xC368 */
  0x034E, 0x034E, 0x034E, 0x034E, 0x034E, 0x034E, 0x034E, 0x034E,  /* 0xC370 */
  0x02A6, 0x02AC, 0x03E1, 0x03E1, 0x03E1, 0x03E1, 0x03E1, 0x03E1,  /* 0xC378 */
  0x03E1, 0x03E1, 0x03E1, 0x03E1, 0x03E1, 0x03E1, 0x03E1, 0x03E1,  /* 0xC380 */
  0x04BF, 0x04BF, 0x04BF, 0x04BF, 0x04BF, 0x04BF, 0x04BF, 0x04BF,  /* 0xC388 */
  0x02B4, 0x02B4, 0x02B4, 0x02B4, 0x02B4, 0x02B4, 0x02B4, 0x02B4,  /* 0xC390 */
  0x02C0, 0x02C0, 0x02C0, 0x02C0, 0x02C0, 0x02C0, 0x02C0, 0x02C0,  /* 0xC398 */
  0x02BA, 0x02BA, 0x02BA, 0x02BA, 0x02BA, 0x02BA, 0x02BA, 0x02BA,  /* 0xC3A0 */
  0x02C6, 0x02C6, 0x02C6, 0x02C6, 0x02C6, 0x02C6, 0x02C6, 0x02C6,  /* 0xC3A8 */
  0x0354, 0x0354, 0x0354, 0x0354, 0x0354, 0x0354, 0x0354, 0x0354,  /* 0xC3B0 */
  0x02A8, 0x02AE, 0x03E1, 0x03E1, 0x03E1, 0x03E1, 0x03E1, 0x03E1,  /* 0xC3B8 */
  0x05CB, 0x05CB, 0x05CB, 0x05CB, 0x05CB, 0x05CB, 0x05CB, 0x05CB,  /* 0xC3C0 */
  0x03E1, 0x03E1, 0x03E1, 0x03E1, 0x03E1, 0x03E1, 0x03E1, 0x03E1,  /* 0xC3C8 */
  0x05D1, 0x05D1, 0x05D1, 0x05D1, 0x05D1, 0x05D1, 0x05D1, 0x05D1,  /* 0xC3D0 */
  0x05D5, 0x05D5, 0x05D5, 0x05D5, 0x05D5, 0x05D5, 0x05D5, 0x05D5,  /* 0xC3D8 */
  0x05D3, 0x05D3, 0x05D3, 0x05D3, 0x05D3, 0x05D3, 0x05D3, 0x05D3,  /* 0xC3E0 */
  0x05D7, 0x05D7, 0x05D7, 0x05D7, 0x05D7, 0x05D7, 0x05D7, 0x05D7,  /* 0xC3E8 */
  0x05D9, 0x05D9, 0x05D9, 0x05D9, 0x05D9, 0x05D9, 0x05D9, 0x05D9,  /* 0xC3F0 */
  0x05CD, 0x05CF, 0x05D9, 0x05D9, 0x05C9, 0x03E1, 0x03E1, 0x03E1,  /* 0xC3F8 */
  0x027A, 0x027A, 0x027A, 0x027A, 0x027A, 0x027A, 0x027A, 0x027A,  /* 0xC400 */
  0x03E1, 0x03E1, 0x03E1, 0x03E1, 0x03E1, 0x03E1, 0x03E1, 0x03E1,  /* 0xC408 */
  0x028C, 0x028C, 0x028C, 0x028C, 0x028C, 0x028C, 0x028C, 0x028C,  /* 0xC410 */
  0x0298, 0x0298, 0x0298, 0x0298, 0x0298, 0x0298, 0x0298, 0x0298,  /* 0xC418 */
  0x0292, 0x0292, 0x0292, 0x0292, 0x0292, 0x0292, 0x0292, 0x0292,  /* 0xC420 */
  0x029E, 0x029E, 0x029E, 0x029E, 0x029E, 0x029E, 0x029E, 0x029E,  /* 0xC428 */
  0x0358, 0x0358, 0x0358, 0x0358, 0x0358, 0x0358, 0x0358, 0x0358,  /* 0xC430 */
  0x0280, 0x0286, 0x0358, 0x0358, 0x0274, 0x03E1, 0x03E1, 0x03E1,  /* 0xC438 */
  0x027C, 0x027C, 0x027C, 0x027C, 0x027C, 0x027C, 0x027C, 0x027C,  /* 0xC440 */
  0x03E1, 0x03E1, 0x03E1, 0x03E1, 0x03E1, 0x03E1, 0x03E1, 0x03E1,  /* 0xC448 */
  0x028E, 0x028E, 0x028E, 0x028E, 0x028E, 0x028E, 0x028E, 0x028E,  /* 0xC450 */
  0x029A, 0x029A, 0x029A, 0x029A, 0x029A, 0x029A, 0x029A, 0x029A,  /* 0xC458 */
  0x0294, 0x0294, 0x0294, 0x0294, 0x0294, 0x0294, 0x0294, 0x0294,  /* 0xC460 */
  0x02A0, 0x02A0, 0x02A0, 0x02A0, 0x02A0, 0x02A0, 0x02A0, 0x02A0,  /* 0xC468 */
  0x035C, 0x035C, 0x035C, 0x035C, 0x035C, 0x035C, 0x035C, 0x035C,  /* 0xC470 */
  0x0282, 0x0288, 0x035C, 0x035C, 0x0276, 0x03E1, 0x03E1, 0x03E1,  /* 0xC478 */
  0x027E, 0x027E, 0x027E, 0x027E, 0x027E, 0x027E, 0x027E, 0x027E,  /* 0xC480 */
  0x03E1, 0x03E1, 0x03E1, 0x03E1, 0x03E1, 0x03E1, 0x03E1, 0x03E1,  /* 0xC488 */
  0x0290, 0x0290, 0x0290, 0x0290, 0x0290, 0x0290, 0x0290, 0x0290,  /* 0xC490 */
  0x029C, 0x029C, 0x029C, 0x029C, 0x029C, 0x029C, 0x029C, 0x029C,  /* 0xC498 */
  0x0296, 0x0296, 0x0296, 0x0296, 0x0296, 0x0296, 0x0296, 0x0296,  /* 0xC4A0 */
  0x02A2, 0x02A2, 0x02A2, 0x02A2, 0x02A2, 0x02A2, 0x02A2, 0x02A2,  /* 0xC4A8 */
  0x0360, 0x0360, 0x0360, 0x0360, 0x0360, 0x0360, 0x0360, 0x0360,  /* 0xC4B0 */
  0x0284, 0x028A, 0x0360, 0x0360, 0x0278, 0x03E1, 0x03E1, 0x03E1,  /* 0xC4B8 */
  0x05DD, 0x05DD, 0x05DD, 0x05DD, 0x05DD, 0x05DD, 0x05DD, 0x05DD,  /* 0xC4C0 */
  0x03E1, 0x03E1, 0x03E1, 0x03E1, 0x03E1, 0x03E1, 0x03E1, 0x03E1,  /* 0xC4C8 */
  0x05E3, 0x05E3, 0x05E3, 0x05E3, 0x05E3, 0x05E3, 0x05E3, 0x05E3,  /* 0xC4D0 */
  0x05E7, 0x05E7, 0x05E7, 0x05E7, 0x05E7, 0x05E7, 0x05E7, 0x05E7,  /* 0xC4D8 */
  0x05E5, 0x05E5, 0x05E5, 0x05E5, 0x05E5, 0x05E5, 0x05E5, 0x05E5,  /* 0xC4E0 */
  0x05E9, 0x05E9, 0x05E9, 0x05E9, 0x05E9, 0x05E9, 0x05E9, 0x05E9,  /* 0xC4E8 */
  0x05EB, 0x05EB, 0x05EB, 0x05EB, 0x05EB, 0x05EB, 0x05EB, 0x05EB,  /* 0xC4F0 */
  0x05DF, 0x05E1, 0x05EB, 0x05EB, 0x05DB, 0x03E1, 0x03E1, 0x03E1,  /* 0xC4F8 */
  0x0002, 0x0002, 0x0002, 0x0002, 0x0002, 0x0002, 0x0002, 0x0002,  /* 0xC500 */
  0x0007, 0x0007, 0x0004, 0x0007, 0x0007, 0x0007, 0x0007, 0x0006,  /* 0xC508 */
  0x02B0, 0x02B0, 0x02B0, 0x02B0, 0x02B0, 0x02B0, 0x02B0, 0x02B0,  /* 0xC510 */
  0x02BC, 0x02BC, 0x02BC, 0x02BC, 0x02BC, 0x02BC, 0x02BC, 0x02BC,  /* 0xC518 */
  0x02B6, 0x02B6, 0x02B6, 0x02B6, 0x02B6, 0x02B6, 0x02B6, 0x02B6,  /* 0xC520 */
  0x02C2, 0x02C2, 0x02C2, 0x02C2, 0x02C2, 0x02C2, 0x02C2, 0x02C2,  /* 0xC528 */
  0x0348, 0x0348, 0x0348, 0x0348, 0x0348, 0x0348, 0x0348, 0x0348,  /* 0xC530 */
  0x02A4, 0x02AA, 0x03E1, 0x03E1, 0x03E1, 0x03E1, 0x03E1, 0x03E1,  /* 0xC538 */
  0x04BD, 0x04BD, 0x04BD, 0x04BD, 0x04BD, 0x04BD, 0x04BD, 0x04BD,  /* 0xC540 */
  0x04BE, 0x04BE, 0x04BE, 0x04BE, 0x04BE, 0x04BE, 0x04BE, 0x04BE,  /* 0xC548 */
  0x02B2, 0x02B2, 0x02B2, 0x02B2, 0x02B2, 0x02B2, 0x02B2, 0x02B2,  /* 0xC550 */
  0x02BE, 0x02BE, 0x02BE, 0x02BE, 0x02BE, 0x02BE, 0x02BE, 0x02BE,  /* 0xC558 */
  0x02B8, 0x02B8, 0x02B8, 0x02B8, 0x02B8, 0x02B8, 0x02B8, 0x02B8,  /* 0xC560 */
  0x02C4, 0x02C4, 0x02C4, 0x02C4, 0x02C4, 0x02C4, 0x02C4, 0x02C4,  /* 0xC568 */
  0x034E, 0x034E, 0x034E, 0x034E, 0x034E, 0x034E, 0x034E, 0x034E,  /* 0xC570 */
  0x02A6, 0x02AC, 0x03E1, 0x03E1, 0x03E1, 0x03E1, 0x03E1, 0x03E1,  /* 0xC578 */
  0x03E1, 0x03E1, 0x03E1, 0x03E1, 0x03E1, 0x03E1, 0x03E1, 0x03E1,  /* 0xC580 */
  0x04BF, 0x04BF, 0x04BF, 0x04BF, 0x04BF, 0x04BF, 0x04BF, 0x04BF,  /* 0xC588 */
  0x02B4, 0x02B4, 0x02B4, 0x02B4, 0x02B4, 0x02B4, 0x02B4, 0x02B4,  /* 0xC590 */
  0x02C0, 0x02C0, 0x02C0, 0x02C0, 0x02C0, 0x02C0, 0x02C0, 0x02C0,  /* 0xC598 */
  0x02BA, 0x02BA, 0x02BA, 0x02BA, 0x02BA, 0x02BA, 0x02BA, 0x02BA,  /* 0xC5A0 */
  0x02C6, 0x02C6, 0x02C6, 0x02C6, 0x02C6, 0x02C6, 0x02C6, 0x02C6,  /* 0xC5A8 */
  0x0354, 0x0354, 0x0354, 0x0354, 0x0354, 0x0354, 0x0354, 0x0354,  /* 0xC5B0 */
  0x02A8, 0x02AE, 0x03E1, 0x03E1, 0x03E1, 0x03E1, 0x03E1, 0x03E1,  /* 0xC5B8 */
  0x05CB, 0x05CB, 0x05CB, 0x05CB, 0x05CB, 0x05CB, 0x05CB, 0x05CB,  /* 0xC5C0 */
  0x03E1, 0x03E1, 0x03E1, 0x03E1, 0x03E1, 0x03E1, 0x03E1, 0x03E1,  /* 0xC5C8 */
  0x05D1, 0x05D1, 0x05D1, 0x05D1, 0x05D1, 0x05D1, 0x05D1, 0x05D1,  /* 0xC5D0 */
  0x05D5, 0x05D5, 0x05D5, 0x05D5, 0x05D5, 0x05D5, 0x05D5, 0x05D5,  /* 0xC5D8 */
  0x05D3, 0x05D3, 0x05D3, 0x05D3, 0x05D3, 0x05D3, 0x05D3, 0x05D3,  /* 0xC5E0 */
  0x05D7, 0x05D7, 0x05D7, 0x05D7, 0x05D7, 0x05D7, 0x05D7, 0x05D7,  /* 0xC5E8 */
  0x05D9, 0x05D9, 0x05D9, 0x05D9, 0x05D9, 0x05D9, 0x05D9, 0x05D9,  /* 0xC5F0 */
  0x05CD, 0x05CF, 0x05D9, 0x05D9, 0x05C9, 0x03E1, 0x03E1, 0x03E1,  /* 0xC5F8 */
  0x027A, 0x027A, 0x027A, 0x027A, 0x027A, 0x027A, 0x027A, 0x027A,  /* 0xC600 */
  0x03E1, 0x03E1, 0x03E1, 0x03E1, 0x03E1, 0x03E1, 0x03E1, 0x03E1,  /* 0xC608 */
  0x028C, 0x028C, 0x028C, 0x028C, 0x028C, 0x028C, 0x028C, 0x028C,  /* 0xC610 */
  0x0298, 0x0298, 0x0298, 0x0298, 0x0298, 0x0298, 0x0298, 0x0298,  /* 0xC618 */
  0x0292, 0x0292, 0x0292, 0x0292, 0x0292, 0x0292, 0x0292, 0x0292,  /* 0xC620 */
  0x029E, 0x029E, 0x029E, 0x029E, 0x029E, 0x029E, 0x029E, 0x029E,  /* 0xC628 */
  0x0358, 0x0358, 0x0358, 0x0358, 0x0358, 0x0358, 0x0358, 0x0358,  /* 0xC630 */
  0x0280, 0x0286, 0x0358, 0x0358, 0x0274, 0x03E1, 0x03E1, 0x03E1,  /* 0xC638 */
  0x027C, 0x027C, 0x027C, 0x027C, 0x027C, 0x027C, 0x027C, 0x027C,  /* 0xC640 */
  0x03E1, 0x03E1, 0x03E1, 0x03E1, 0x03E1, 0x03E1, 0x03E1, 0x03E1,  /* 0xC648 */
  0x028E, 0x028E, 0x028E, 0x028E, 0x028E, 0x028E, 0x028E, 0x028E,  /* 0xC650 */
  0x029A, 0x029A, 0x029A, 0x029A, 0x029A, 0x029A, 0x029A, 0x029A,  /* 0xC658 */
  0x0294, 0x0294, 0x0294, 0x0294, 0x0294, 0x0294, 0x0294, 0x0294,  /* 0xC660 */
  0x02A0, 0x02A0, 0x02A0, 0x02A0, 0x02A0, 0x02A0, 0x02A0, 0x02A0,  /* 0xC668 */
  0x035C, 0x035C, 0x035C, 0x035C, 0x035C, 0x035C, 0x035C, 0x035C,  /* 0xC670 */
  0x0282, 0x0288, 0x035C, 0x035C, 0x0276, 0x03E1, 0x03E1, 0x03E1,  /* 0xC678 */
  0x027E, 0x027E, 0x027E, 0x027E, 0x027E, 0x027E, 0x027E, 0x027E,  /* 0xC680 */
  0x03E1, 0x03E1, 0x03E1, 0x03E1, 0x03E1, 0x03E1, 0x03E1, 0x03E1,  /* 0xC688 */
  0x0290, 0x0290, 0x0290, 0x0290, 0x0290, 0x0290, 0x0290, 0x0290,  /* 0xC690 */
  0x029C, 0x029C, 0x029C, 0x029C, 0x029C, 0x029C, 0x029C, 0x029C,  /* 0xC698 */
  0x0296, 0x0296, 0x0296, 0x0296, 0x0296, 0x0296, 0x0296, 0x0296,  /* 0xC6A0 */
  0x02A2, 0x02A2, 0x02A2, 0x02A2, 0x02A2, 0x02A2, 0x02A2, 0x02A2,  /* 0xC6A8 */
  0x0360, 0x0360, 0x0360, 0x0360, 0x0360, 0x0360, 0x0360, 0x0360,  /* 0xC6B0 */
  0x0284, 0x028A, 0x0360, 0x0360, 0x0278, 0x03E1, 0x03E1, 0x03E1,  /* 0xC6B8 */
  0x05DD, 0x05DD, 0x05DD, 0x05DD, 0x05DD, 0x05DD, 0x05DD, 0x05DD,  /* 0xC6C0 */
  0x03E1, 0x03E1, 0x03E1, 0x03E1, 0x03E1, 0x03E1, 0x03E1, 0x03E1,  /* 0xC6C8 */
  0x05E3, 0x05E3, 0x05E3, 0x05E3, 0x05E3, 0x05E3, 0x05E3, 0x05E3,  /* 0xC6D0 */
  0x05E7, 0x05E7, 0x05E7, 0x05E7, 0x05E7, 0x05E7, 0x05E7, 0x05E7,  /* 0xC6D8 */
  0x05E5, 0x05E5, 0x05E5, 0x05E5, 0x05E5, 0x05E5, 0x05E5, 0x05E5,  /* 0xC6E0 */
  0x05E9, 0x05E9, 0x05E9, 0x05E9, 0x05E9, 0x05E9, 0x05E9, 0x05E9,  /* 0xC6E8 */
  0x05EB, 0x05EB, 0x05EB, 0x05EB, 0x05EB, 0x05EB, 0x05EB, 0x05EB,  /* 0xC6F0 */
  0x05DF, 0x05E1, 0x05EB, 0x05EB, 0x05DB, 0x03E1, 0x03E1, 0x03E1,  /* 0xC6F8 */
  0x0002, 0x0002, 0x0002, 0x0002, 0x0002, 0x0002, 0x0002, 0x0002,  /* 0xC700 */
  0x0007, 0x0007, 0x0007, 0x0004, 0x0007, 0x0007, 0x0007, 0x0006,  /* 0xC708 */
  0x02B0, 0x02B0, 0x02B0, 0x02B0, 0x02B0, 0x02B0, 0x02B0, 0x02B0,  /* 0xC710 */
  0x02BC, 0x02BC, 0x02BC, 0x02BC, 0x02BC, 0x02BC, 0x02BC, 0x02BC,  /* 0xC718 */
  0x02B6, 0x02B6, 0x02B6, 0x02B6, 0x02B6, 0x02B6, 0x02B6, 0x02B6,  /* 0xC720 */
  0x02C2, 0x02C2, 0x02C2, 0x02C2, 0x02C2, 0x02C2, 0x02C2, 0x02C2,  /* 0xC728 */
  0x0348, 0x0348, 0x0348, 0x0348, 0x0348, 0x0348, 0x0348, 0x0348,  /* 0xC730 */
  0x02A4, 0x02AA, 0x03E1, 0x03E1, 0x03E1, 0x03E1, 0x03E1, 0x03E1,  /* 0xC738 */
  0x04BD, 0x04BD, 0x04BD, 0x04BD, 0x04BD, 0x04BD, 0x04BD, 0x04BD,  /* 0xC740 */
  0x04BE, 0x04BE, 0x04BE, 0x04BE, 0x04BE, 0x04BE, 0x04BE, 0x04BE,  /* 0xC748 */
  0x02B2, 0x02B2, 0x02B2, 0x02B2, 0x02B2, 0x02B2, 0x02B2, 0x02B2,  /* 0xC750 */
  0x02BE, 0x02BE, 0x02BE, 0x02BE, 0x02BE, 0x02BE, 0x02BE, 0x02BE,  /* 0xC758 */
  0x02B8, 0x02B8, 0x02B8, 0x02B8, 0x02B8, 0x02B8, 0x02B8, 0x02B8,  /* 0xC760 */
  0x02C4, 0x02C4, 0x02C4, 0x02C4, 0x02C4, 0x02C4, 0x02C4, 0x02C4,  /* 0xC768 */
  0x034E, 0x034E, 0x034E, 0x034E, 0x034E, 0x034E, 0x034E, 0x034E,  /* 0xC770 */
  0x02A6, 0x02AC, 0x03E1, 0x03E1, 0x03E1, 0x03E1, 0x03E1, 0x03E1,  /* 0xC778 */
  0x03E1, 0x03E1, 0x03E1, 0x03E1, 0x03E1, 0x03E1, 0x03E1, 0x03E1,  /* 0xC780 */
  0x04BF, 0x04BF, 0x04BF, 0x04BF, 0x04BF, 0x04BF, 0x04BF, 0x04BF,  /* 0xC788 */
  0x02B4, 0x02B4, 0x02B4, 0x02B4, 0x02B4, 0x02B4, 0x02B4, 0x02B4,  /* 0xC790 */
  0x02C0, 0x02C0, 0x02C0, 0x02C0, 0x02C0, 0x02C0, 0x02C0, 0x02C0,  /* 0xC798 */
  0x02BA, 0x02BA, 0x02BA, 0x02BA, 0x02BA, 0x02BA, 0x02BA, 0x02BA,  /* 0xC7A0 */
  0x02C6, 0x02C6, 0x02C6, 0x02C6, 0x02C6, 0x02C6, 0x02C6, 0x02C6,  /* 0xC7A8 */
  0x0354, 0x0354, 0x0354, 0x0354, 0x0354, 0x0354, 0x0354, 0x0354,  /* 0xC7B0 */
  0x02A8, 0x02AE, 0x03E1, 0x03E1, 0x03E1, 0x03E1, 0x03E1, 0x03E1,  /* 0xC7B8 */
  0x05CB, 0x05CB, 0x05CB, 0x05CB, 0x05CB, 0x05CB, 0x05CB, 0x05CB,  /* 0xC7C0 */
  0x03E1, 0x03E1, 0x03E1, 0x03E1, 0x03E1, 0x03E1, 0x03E1, 0x03E1,  /* 0xC7C8 */
  0x05D1, 0x05D1, 0x05D1, 0x05D1, 0x05D1, 0x05D1, 0x05D1, 0x05D1,  /* 0xC7D0 */
  0x05D5, 0x05D5, 0x05D5, 0x05D5, 0x05D5, 0x05D5, 0x05D5, 0x05D5,  /* 0xC7D8 */
  0x05D3, 0x05D3, 0x05D3, 0x05D3, 0x05D3, 0x05D3, 0x05D3, 0x05D3,  /* 0xC7E0 */
  0x05D7, 0x05D7, 0x05D7, 0x05D7, 0x05D7, 0x05D7, 0x05D7, 0x05D7,  /* 0xC7E8 */
  0x05D9, 0x05D9, 0x05D9, 0x05D9, 0x05D9, 0x05D9, 0x05D9, 0x05D9,  /* 0xC7F0 */
  0x05CD, 0x05CF, 0x05D9, 0x05D9, 0x05C9, 0x03E1, 0x03E1, 0x03E1,  /* 0xC7F8 */
  0x027A, 0x027A, 0x027A, 0x027A, 0x027A, 0x027A, 0x027A, 0x027A,  /* 0xC800 */
  0x03E1, 0x03E1, 0x03E1, 0x03E1, 0x03E1, 0x03E1, 0x03E1, 0x03E1,  /* 0xC808 */
  0x028C, 0x028C, 0x028C, 0x028C, 0x028C, 0x028C, 0x028C, 0x028C,  /* 0xC810 */
  0x0298, 0x0298, 0x0298, 0x0298, 0x0298, 0x0298, 0x0298, 0x0298,  /* 0xC818 */
  0x0292, 0x0292, 0x0292, 0x0292, 0x0292, 0x0292, 0x0292, 0x0292,  /* 0xC820 */
  0x029E, 0x029E, 0x029E, 0x029E, 0x029E, 0x029E, 0x029E, 0x029E,  /* 0xC828 */
  0x0358, 0x0358, 0x0358, 0x0358, 0x0358, 0x0358, 0x0358, 0x0358,  /* 0xC830 */
  0x0280, 0x0286, 0x0358, 0x0358, 0x0274, 0x03E1, 0x03E1, 0x03E1,  /* 0xC838 */
  0x027C, 0x027C, 0x027C, 0x027C, 0x027C, 0x027C, 0x027C, 0x027C,  /* 0xC840 */
  0x03E1, 0x03E1, 0x03E1, 0x03E1, 0x03E1, 0x03E1, 0x03E1, 0x03E1,  /* 0xC848 */
  0x028E, 0x028E, 0x028E, 0x028E, 0x028E, 0x028E, 0x028E, 0x028E,  /* 0xC850 */
  0x029A, 0x029A, 0x029A, 0x029A, 0x029A, 0x029A, 0x029A, 0x029A,  /* 0xC858 */
  0x0294, 0x0294, 0x0294, 0x0294, 0x0294, 0x0294, 0x0294, 0x0294,  /* 0xC860 */
  0x02A0, 0x02A0, 0x02A0, 0x02A0, 0x02A0, 0x02A0, 0x02A0, 0x02A0,  /* 0xC868 */
  0x035C, 0x035C, 0x035C, 0x035C, 0x035C, 0x035C, 0x035C, 0x035C,  /* 0xC870 */
  0x0282, 0x0288, 0x035C, 0x035C, 0x0276, 0x03E1, 0x03E1, 0x03E1,  /* 0xC878 */
  0x027E, 0x027E, 0x027E, 0x027E, 0x027E, 0x027E, 0x027E, 0x027E,  /* 0xC880 */
  0x03E1, 0x03E1, 0x03E1, 0x03E1, 0x03E1, 0x03E1, 0x03E1, 0x03E1,  /* 0xC888 */
  0x0290, 0x0290, 0x0290, 0x0290, 0x0290, 0x0290, 0x0290, 0x0290,  /* 0xC890 */
  0x029C, 0x029C, 0x029C, 0x029C, 0x029C, 0x029C, 0x029C, 0x029C,  /* 0xC898 */
  0x0296, 0x0296, 0x0296, 0x0296, 0x0296, 0x0296, 0x0296, 0x0296,  /* 0xC8A0 */
  0x02A2, 0x02A2, 0x02A2, 0x02A2, 0x02A2, 0x02A2, 0x02A2, 0x02A2,  /* 0xC8A8 */
  0x0360, 0x0360, 0x0360, 0x0360, 0x0360, 0x0360, 0x0360, 0x0360,  /* 0xC8B0 */
  0x0284, 0x028A, 0x0360, 0x0360, 0x0278, 0x03E1, 0x03E1, 0x03E1,  /* 0xC8B8 */
  0x05DD, 0x05DD, 0x05DD, 0x05DD, 0x05DD, 0x05DD, 0x05DD, 0x05DD,  /* 0xC8C0 */
  0x03E1, 0x03E1, 0x03E1, 0x03E1, 0x03E1, 0x03E1, 0x03E1, 0x03E1,  /* 0xC8C8 */
  0x05E3, 0x05E3, 0x05E3, 0x05E3, 0x05E3, 0x05E3, 0x05E3, 0x05E3,  /* 0xC8D0 */
  0x05E7, 0x05E7, 0x05E7, 0x05E7, 0x05E7, 0x05E7, 0x05E7, 0x05E7,  /* 0xC8D8 */
  0x05E5, 0x05E5, 0x05E5, 0x05E5, 0x05E5, 0x05E5, 0x05E5, 0x05E5,  /* 0xC8E0 */
  0x05E9, 0x05E9, 0x05E9, 0x05E9, 0x05E9, 0x05E9, 0x05E9, 0x05E9,  /* 0xC8E8 */
  0x05EB, 0x05EB, 0x05EB, 0x05EB, 0x05EB, 0x05EB, 0x05EB, 0x05EB,  /* 0xC8F0 */
  0x05DF, 0x05E1, 0x05EB, 0x05EB, 0x05DB, 0x03E1, 0x03E1, 0x03E1,  /* 0xC8F8 */
  0x0002, 0x0002, 0x0002, 0x0002, 0x0002, 0x0002, 0x0002, 0x0002,  /* 0xC900 */
  0x0007, 0x0007, 0x0007, 0x0007, 0x0004, 0x0007, 0x0007, 0x0006,  /* 0xC908 */
  0x02B0, 0x02B0, 0x02B0, 0x02B0, 0x02B0, 0x02B0, 0x02B0, 0x02B0,  /* 0xC910 */
  0x02BC, 0x02BC, 0x02BC, 0x02BC, 0x02BC, 0x02BC, 0x02BC, 0x02BC,  /* 0xC918 */
  0x02B6, 0x02B6, 0x02B6, 0x02B6, 0x02B6, 0x02B6, 0x02B6, 0x02B6,  /* 0xC920 */
  0x02C2, 0x02C2, 0x02C2, 0x02C2, 0x02C2, 0x02C2, 0x02C2, 0x02C2,  /* 0xC928 */
  0x0348, 0x0348, 0x0348, 0x0348, 0x0348, 0x0348, 0x0348, 0x0348,  /* 0xC930 */
  0x02A4, 0x02AA, 0x03E1, 0x03E1, 0x03E1, 0x03E1, 0x03E1, 0x03E1,  /* 0xC938 */
  0x04BD, 0x04BD, 0x04BD, 0x04BD, 0x04BD, 0x04BD, 0x04BD, 0x04BD,  /* 0xC940 */
  0x04BE, 0x04BE, 0x04BE, 0x04BE, 0x04BE, 0x04BE, 0x04BE, 0x04BE,  /* 0xC948 */
  0x02B2, 0x02B2, 0x02B2, 0x02B2, 0x02B2, 0x02B2, 0x02B2, 0x02B2,  /* 0xC950 */
  0x02BE, 0x02BE, 0x02BE, 0x02BE, 0x02BE, 0x02BE, 0x02BE, 0x02BE,  /* 0xC958 */
  0x02B8, 0x02B8, 0x02B8, 0x02B8, 0x02B8, 0x02B8, 0x02B8, 0x02B8,  /* 0xC960 */
  0x02C4, 0x02C4, 0x02C4, 0x02C4, 0x02C4, 0x02C4, 0x02C4, 0x02C4,  /* 0xC968 */
  0x034E, 0x034E, 0x034E, 0x034E, 0x034E, 0x034E, 0x034E, 0x034E,  /* 0xC970 */
  0x02A6, 0x02AC, 0x03E1, 0x03E1, 0x03E1, 0x03E1, 0x03E1, 0x03E1,  /* 0xC978 */
  0x03E1, 0x03E1, 0x03E1, 0x03E1, 0x03E1, 0x03E1, 0x03E1, 0x03E1,  /* 0xC980 */
  0x04BF, 0x04BF, 0x04BF, 0x04BF, 0x04BF, 0x04BF, 0x04BF, 0x04BF,  /* 0xC988 */
  0x02B4, 0x02B4, 0x02B4, 0x02B4, 0x02B4, 0x02B4, 0x02B4, 0x02B4,  /* 0xC990 */
  0x02C0, 0x02C0, 0x02C0, 0x02C0, 0x02C0, 0x02C0, 0x02C0, 0x02C0,  /* 0xC998 */
  0x02BA, 0x02BA, 0x02BA, 0x02BA, 0x02BA, 0x02BA, 0x02BA, 0x02BA,  /* 0xC9A0 */
  0x02C6, 0x02C6, 0x02C6, 0x02C6, 0x02C6, 0x02C6, 0x02C6, 0x02C6,  /* 0xC9A8 */
  0x0354, 0x0354, 0x0354, 0x0354, 0x0354, 0x0354, 0x0354, 0x0354,  /* 0xC9B0 */
  0x02A8, 0x02AE, 0x03E1, 0x03E1, 0x03E1, 0x03E1, 0x03E1, 0x03E1,  /* 0xC9B8 */
  0x05CB, 0x05CB, 0x05CB, 0x05CB, 0x05CB, 0x05CB, 0x05CB, 0x05CB,  /* 0xC9C0 */
  0x03E1, 0x03E1, 0x03E1, 0x03E1, 0x03E1, 0x03E1, 0x03E1, 0x03E1,  /* 0xC9C8 */
  0x05D1, 0x05D1, 0x05D1, 0x05D1, 0x05D1, 0x05D1, 0x05D1, 0x05D1,  /* 0xC9D0 */
  0x05D5, 0x05D5, 0x05D5, 0x05D5, 0x05D5, 0x05D5, 0x05D5, 0x05D5,  /* 0xC9D8 */
  0x05D3, 0x05D3, 0x05D3, 0x05D3, 0x05D3, 0x05D3, 0x05D3, 0x05D3,  /* 0xC9E0 */
  0x05D7, 0x05D7, 0x05D7, 0x05D7, 0x05D7, 0x05D7, 0x05D7, 0x05D7,  /* 0xC9E8 */
  0x05D9, 0x05D9, 0x05D9, 0x05D9, 0x05D9, 0x05D9, 0x05D9, 0x05D9,  /* 0xC9F0 */
  0x05CD, 0x05CF, 0x05D9, 0x05D9, 0x05C9, 0x03E1, 0x03E1, 0x03E1,  /* 0xC9F8 */
  0x027A, 0x027A, 0x027A, 0x027A, 0x027A, 0x027A, 0x027A, 0x027A,  /* 0xCA00 */
  0x03E1, 0x03E1, 0x03E1, 0x03E1, 0x03E1, 0x03E1, 0x03E1, 0x03E1,  /* 0xCA08 */
  0x028C, 0x028C, 0x028C, 0x028C, 0x028C, 0x028C, 0x028C, 0x028C,  /* 0xCA10 */
  0x0298, 0x0298, 0x0298, 0x0298, 0x0298, 0x0298, 0x0298, 0x0298,  /* 0xCA18 */
  0x0292, 0x0292, 0x0292, 0x0292, 0x0292, 0x0292, 0x0292, 0x0292,  /* 0xCA20 */
  0x029E, 0x029E, 0x029E, 0x029E, 0x029E, 0x029E, 0x029E, 0x029E,  /* 0xCA28 */
  0x0358, 0x0358, 0x0358, 0x0358, 0x0358, 0x0358, 0x0358, 0x0358,  /* 0xCA30 */
  0x0280, 0x0286, 0x0358, 0x0358, 0x0274, 0x03E1, 0x03E1, 0x03E1,  /* 0xCA38 */
  0x027C, 0x027C, 0x027C, 0x027C, 0x027C, 0x027C, 0x027C, 0x027C,  /* 0xCA40 */
  0x03E1, 0x03E1, 0x03E1, 0x03E1, 0x03E1, 0x03E1, 0x03E1, 0x03E1,  /* 0xCA48 */
  0x028E, 0x028E, 0x028E, 0x028E, 0x028E, 0x028E, 0x028E, 0x028E,  /* 0xCA50 */
  0x029A, 0x029A, 0x029A, 0x029A, 0x029A, 0x029A, 0x029A, 0x029A,  /* 0xCA58 */
  0x0294, 0x0294, 0x0294, 0x0294, 0x0294, 0x0294, 0x0294, 0x0294,  /* 0xCA60 */
  0x02A0, 0x02A0, 0x02A0, 0x02A0, 0x02A0, 0x02A0, 0x02A0, 0x02A0,  /* 0xCA68 */
  0x035C, 0x035C, 0x035C, 0x035C, 0x035C, 0x035C, 0x035C, 0x035C,  /* 0xCA70 */
  0x0282, 0x0288, 0x035C, 0x035C, 0x0276, 0x03E1, 0x03E1, 0x03E1,  /* 0xCA78 */
  0x027E, 0x027E, 0x027E, 0x027E, 0x027E, 0x027E, 0x027E, 0x027E,  /* 0xCA80 */
  0x03E1, 0x03E1, 0x03E1, 0x03E1, 0x03E1, 0x03E1, 0x03E1, 0x03E1,  /* 0xCA88 */
  0x0290, 0x0290, 0x0290, 0x0290, 0x0290, 0x0290, 0x0290, 0x0290,  /* 0xCA90 */
  0x029C, 0x029C, 0x029C, 0x029C, 0x029C, 0x029C, 0x029C, 0x029C,  /* 0xCA98 */
  0x0296, 0x0296, 0x0296, 0x0296, 0x0296, 0x0296, 0x0296, 0x0296,  /* 0xCAA0 */
  0x02A2, 0x02A2, 0x02A2, 0x02A2, 0x02A2, 0x02A2, 0x02A2, 0x02A2,  /* 0xCAA8 */
  0x0360, 0x0360, 0x0360, 0x0360, 0x0360, 0x0360, 0x0360, 0x0360,  /* 0xCAB0 */
  0x0284, 0x028A, 0x0360, 0x0360, 0x0278, 0x03E1, 0x03E1, 0x03E1,  /* 0xCAB8 */
  0x05DD, 0x05DD, 0x05DD, 0x05DD, 0x05DD, 0x05DD, 0x05DD, 0x05DD,  /* 0xCAC0 */
  0x03E1, 0x03E1, 0x03E1, 0x03E1, 0x03E1, 0x03E1, 0x03E1, 0x03E1,  /* 0xCAC8 */
  0x05E3, 0x05E3, 0x05E3, 0x05E3, 0x05E3, 0x05E3, 0x05E3, 0x05E3,  /* 0xCAD0 */
  0x05E7, 0x05E7, 0x05E7, 0x05E7, 0x05E7, 0x05E7, 0x05E7, 0x05E7,  /* 0xCAD8 */
  0x05E5, 0x05E5, 0x05E5, 0x05E5, 0x05E5, 0x05E5, 0x05E5, 0x05E5,  /* 0xCAE0 */
  0x05E9, 0x05E9, 0x05E9, 0x05E9, 0x05E9, 0x05E9, 0x05E9, 0x05E9,  /* 0xCAE8 */
  0x05EB, 0x05EB, 0x05EB, 0x05EB, 0x05EB, 0x05EB, 0x05EB, 0x05EB,  /* 0xCAF0 */
  0x05DF, 0x05E1, 0x05EB, 0x05EB, 0x05DB, 0x03E1, 0x03E1, 0x03E1,  /* 0xCAF8 */
  0x0002, 0x0002, 0x0002, 0x0002, 0x0002, 0x0002, 0x0002, 0x0002,  /* 0xCB00 */
  0x0007, 0x0007, 0x0007, 0x0007, 0x0007, 0x0004, 0x0007, 0x0006,  /* 0xCB08 */
  0x02B0, 0x02B0, 0x02B0, 0x02B0, 0x02B0, 0x02B0, 0x02B0, 0x02B0,  /* 0xCB10 */
  0x02BC, 0x02BC, 0x02BC, 0x02BC, 0x02BC, 0x02BC, 0x02BC, 0x02BC,  /* 0xCB18 */
  0x02B6, 0x02B6, 0x02B6, 0x02B6, 0x02B6, 0x02B6, 0x02B6, 0x02B6,  /* 0xCB20 */
  0x02C2, 0x02C2, 0x02C2, 0x02C2, 0x02C2, 0x02C2, 0x02C2, 0x02C2,  /* 0xCB28 */
  0x0348, 0x0348, 0x0348, 0x0348, 0x0348, 0x0348, 0x0348, 0x0348,  /* 0xCB30 */
  0x02A4, 0x02AA, 0x03E1, 0x03E1, 0x03E1, 0x03E1, 0x03E1, 0x03E1,  /* 0xCB38 */
  0x04BD, 0x04BD, 0x04BD, 0x04BD, 0x04BD, 0x04BD, 0x04BD, 0x04BD,  /* 0xCB40 */
  0x04BE, 0x04BE, 0x04BE, 0x04BE, 0x04BE, 0x04BE, 0x04BE, 0x04BE,  /* 0xCB48 */
  0x02B2, 0x02B2, 0x02B2, 0x02B2, 0x02B2, 0x02B2, 0x02B2, 0x02B2,  /* 0xCB50 */
  0x02BE, 0x02BE, 0x02BE, 0x02BE, 0x02BE, 0x02BE, 0x02BE, 0x02BE,  /* 0xCB58 */
  0x02B8, 0x02B8, 0x02B8, 0x02B8, 0x02B8, 0x02B8, 0x02B8, 0x02B8,  /* 0xCB60 */
  0x02C4, 0x02C4, 0x02C4, 0x02C4, 0x02C4, 0x02C4, 0x02C4, 0x02C4,  /* 0xCB68 */
  0x034E, 0x034E, 0x034E, 0x034E, 0x034E, 0x034E, 0x034E, 0x034E,  /* 0xCB70 */
  0x02A6, 0x02AC, 0x03E1, 0x03E1, 0x03E1, 0x03E1, 0x03E1, 0x03E1,  /* 0xCB78 */
  0x03E1, 0x03E1, 0x03E1, 0x03E1, 0x03E1, 0x03E1, 0x03E1, 0x03E1,  /* 0xCB80 */
  0x04BF, 0x04BF, 0x04BF, 0x04BF, 0x04BF, 0x04BF, 0x04BF, 0x04BF,  /* 0xCB88 */
  0x02B4, 0x02B4, 0x02B4, 0x02B4, 0x02B4, 0x02B4, 0x02B4, 0x02B4,  /* 0xCB90 */
  0x02C0, 0x02C0, 0x02C0, 0x02C0, 0x02C0, 0x02C0, 0x02C0, 0x02C0,  /* 0xCB98 */
  0x02BA, 0x02BA, 0x02BA, 0x02BA, 0x02BA, 0x02BA, 0x02BA, 0x02BA,  /* 0xCBA0 */
  0x02C6, 0x02C6, 0x02C6, 0x02C6, 0x02C6, 0x02C6, 0x02C6, 0x02C6,  /* 0xCBA8 */
  0x0354, 0x0354, 0x0354, 0x0354, 0x0354, 0x0354, 0x0354, 0x0354,  /* 0xCBB0 */
  0x02A8, 0x02AE, 0x03E1, 0x03E1, 0x03E1, 0x03E1, 0x03E1, 0x03E1,  /* 0xCBB8 */
  0x05CB, 0x05CB, 0x05CB, 0x05CB, 0x05CB, 0x05CB, 0x05CB, 0x05CB,  /* 0xCBC0 */
  0x03E1, 0x03E1, 0x03E1, 0x03E1, 0x03E1, 0x03E1, 0x03E1, 0x03E1,  /* 0xCBC8 */
  0x05D1, 0x05D1, 0x05D1, 0x05D1, 0x05D1, 0x05D1, 0x05D1, 0x05D1,  /* 0xCBD0 */
  0x05D5, 0x05D5, 0x05D5, 0x05D5, 0x05D5, 0x05D5, 0x05D5, 0x05D5,  /* 0xCBD8 */
  0x05D3, 0x05D3, 0x05D3, 0x05D3, 0x05D3, 0x05D3, 0x05D3, 0x05D3,  /* 0xCBE0 */
  0x05D7, 0x05D7, 0x05D7, 0x05D7, 0x05D7, 0x05D7, 0x05D7, 0x05D7,  /* 0xCBE8 */
  0x05D9, 0x05D9, 0x05D9, 0x05D9, 0x05D9, 0x05D9, 0x05D9, 0x05D9,  /* 0xCBF0 */
  0x05CD, 0x05CF, 0x05D9, 0x05D9, 0x05C9, 0x03E1, 0x03E1, 0x03E1,  /* 0xCBF8 */
  0x027A, 0x027A, 0x027A, 0x027A, 0x027A, 0x027A, 0x027A, 0x027A,  /* 0xCC00 */
  0x03E1, 0x03E1, 0x03E1, 0x03E1, 0x03E1, 0x03E1, 0x03E1, 0x03E1,  /* 0xCC08 */
  0x028C, 0x028C, 0x028C, 0x028C, 0x028C, 0x028C, 0x028C, 0x028C,  /* 0xCC10 */
  0x0298, 0x0298, 0x0298, 0x0298, 0x0298, 0x0298, 0x0298, 0x0298,  /* 0xCC18 */
  0x0292, 0x0292, 0x0292, 0x0292, 0x0292, 0x0292, 0x0292, 0x0292,  /* 0xCC20 */
  0x029E, 0x029E, 0x029E, 0x029E, 0x029E, 0x029E, 0x029E, 0x029E,  /* 0xCC28 */
  0x0358, 0x0358, 0x0358, 0x0358, 0x0358, 0x0358, 0x0358, 0x0358,  /* 0xCC30 */
  0x0280, 0x0286, 0x0358, 0x0358, 0x0274, 0x03E1, 0x03E1, 0x03E1,  /* 0xCC38 */
  0x027C, 0x027C, 0x027C, 0x027C, 0x027C, 0x027C, 0x027C, 0x027C,  /* 0xCC40 */
  0x03E1, 0x03E1, 0x03E1, 0x03E1, 0x03E1, 0x03E1, 0x03E1, 0x03E1,  /* 0xCC48 */
  0x028E, 0x028E, 0x028E, 0x028E, 0x028E, 0x028E, 0x028E, 0x028E,  /* 0xCC50 */
  0x029A, 0x029A, 0x029A, 0x029A, 0x029A, 0x029A, 0x029A, 0x029A,  /* 0xCC58 */
  0x0294, 0x0294, 0x0294, 0x0294, 0x0294, 0x0294, 0x0294, 0x0294,  /* 0xCC60 */
  0x02A0, 0x02A0, 0x02A0, 0x02A0, 0x02A0, 0x02A0, 0x02A0, 0x02A0,  /* 0xCC68 */
  0x035C, 0x035C, 0x035C, 0x035C, 0x035C, 0x035C, 0x035C, 0x035C,  /* 0xCC70 */
  0x0282, 0x0288, 0x035C, 0x035C, 0x0276, 0x03E1, 0x03E1, 0x03E1,  /* 0xCC78 */
  0x027E, 0x027E, 0x027E, 0x027E, 0x027E, 0x027E, 0x027E, 0x027E,  /* 0xCC80 */
  0x03E1, 0x03E1, 0x03E1, 0x03E1, 0x03E1, 0x03E1, 0x03E1, 0x03E1,  /* 0xCC88 */
  0x0290, 0x0290, 0x0290, 0x0290, 0x0290, 0x0290, 0x0290, 0x0290,  /* 0xCC90 */
  0x029C, 0x029C, 0x029C, 0x029C, 0x029C, 0x029C, 0x029C, 0x029C,  /* 0xCC98 */
  0x0296, 0x0296, 0x0296, 0x0296, 0x0296, 0x0296, 0x0296, 0x0296,  /* 0xCCA0 */
  0x02A2, 0x02A2, 0x02A2, 0x02A2, 0x02A2, 0x02A2, 0x02A2, 0x02A2,  /* 0xCCA8 */
  0x0360, 0x0360, 0x0360, 0x0360, 0x0360, 0x0360, 0x0360, 0x0360,  /* 0xCCB0 */
  0x0284, 0x028A, 0x0360, 0x0360, 0x0278, 0x03E1, 0x03E1, 0x03E1,  /* 0xCCB8 */
  0x05DD, 0x05DD, 0x05DD, 0x05DD, 0x05DD, 0x05DD, 0x05DD, 0x05DD,  /* 0xCCC0 */
  0x03E1, 0x03E1, 0x03E1, 0x03E1, 0x03E1, 0x03E1, 0x03E1, 0x03E1,  /* 0xCCC8 */
  0x05E3, 0x05E3, 0x05E3, 0x05E3, 0x05E3, 0x05E3, 0x05E3, 0x05E3,  /* 0xCCD0 */
  0x05E7, 0x05E7, 0x05E7, 0x05E7, 0x05E7, 0x05E7, 0x05E7, 0x05E7,  /* 0xCCD8 */
  0x05E5, 0x05E5, 0x05E5, 0x05E5, 0x05E5, 0x05E5, 0x05E5, 0x05E5,  /* 0xCCE0 */
  0x05E9, 0x05E9, 0x05E9, 0x05E9, 0x05E9, 0x05E9, 0x05E9, 0x05E9,  /* 0xCCE8 */
  0x05EB, 0x05EB, 0x05EB, 0x05EB, 0x05EB, 0x05EB, 0x05EB, 0x05EB,  /* 0xCCF0 */
  0x05DF, 0x05E1, 0x05EB, 0x05EB, 0x05DB, 0x03E1, 0x03E1, 0x03E1,  /* 0xCCF8 */
  0x0002, 0x0002, 0x0002, 0x0002, 0x0002, 0x0002, 0x0002, 0x0002,  /* 0xCD00 */
  0x0007, 0x0007, 0x0007, 0x0007, 0x0007, 0x0007, 0x0004, 0x0006,  /* 0xCD08 */
  0x02B0, 0x02B0, 0x02B0, 0x02B0, 0x02B0, 0x02B0, 0x02B0, 0x02B0,  /* 0xCD10 */
  0x02BC, 0x02BC, 0x02BC, 0x02BC, 0x02BC, 0x02BC, 0x02BC, 0x02BC,  /* 0xCD18 */
  0x02B6, 0x02B6, 0x02B6, 0x02B6, 0x02B6, 0x02B6, 0x02B6, 0x02B6,  /* 0xCD20 */
  0x02C2, 0x02C2, 0x02C2, 0x02C2, 0x02C2, 0x02C2, 0x02C2, 0x02C2,  /* 0xCD28 */
  0x0348, 0x0348, 0x0348, 0x0348, 0x0348, 0x0348, 0x0348, 0x0348,  /* 0xCD30 */
  0x02A4, 0x02AA, 0x03E1, 0x03E1, 0x03E1, 0x03E1, 0x03E1, 0x03E1,  /* 0xCD38 */
  0x04BD, 0x04BD, 0x04BD, 0x04BD, 0x04BD, 0x04BD, 0x04BD, 0x04BD,  /* 0xCD40 */
  0x04BE, 0x04BE, 0x04BE, 0x04BE, 0x04BE, 0x04BE, 0x04BE, 0x04BE,  /* 0xCD48 */
  0x02B2, 0x02B2, 0x02B2, 0x02B2, 0x02B2, 0x02B2, 0x02B2, 0x02B2,  /* 0xCD50 */
  0x02BE, 0x02BE, 0x02BE, 0x02BE, 0x02BE, 0x02BE, 0x02BE, 0x02BE,  /* 0xCD58 */
  0x02B8, 0x02B8, 0x02B8, 0x02B8, 0x02B8, 0x02B8, 0x02B8, 0x02B8,  /* 0xCD60 */
  0x02C4, 0x02C4, 0x02C4, 0x02C4, 0x02C4, 0x02C4, 0x02C4, 0x02C4,  /* 0xCD68 */
  0x034E, 0x034E, 0x034E, 0x034E, 0x034E, 0x034E, 0x034E, 0x034E,  /* 0xCD70 */
  0x02A6, 0x02AC, 0x03E1, 0x03E1, 0x03E1, 0x03E1, 0x03E1, 0x03E1,  /* 0xCD78 */
  0x03E1, 0x03E1, 0x03E1, 0x03E1, 0x03E1, 0x03E1, 0x03E1, 0x03E1,  /* 0xCD80 */
  0x04BF, 0x04BF, 0x04BF, 0x04BF, 0x04BF, 0x04BF, 0x04BF, 0x04BF,  /* 0xCD88 */
  0x02B4, 0x02B4, 0x02B4, 0x02B4, 0x02B4, 0x02B4, 0x02B4, 0x02B4,  /* 0xCD90 */
  0x02C0, 0x02C0, 0x02C0, 0x02C0, 0x02C0, 0x02C0, 0x02C0, 0x02C0,  /* 0xCD98 */
  0x02BA, 0x02BA, 0x02BA, 0x02BA, 0x02BA, 0x02BA, 0x02BA, 0x02BA,  /* 0xCDA0 */
  0x02C6, 0x02C6, 0x02C6, 0x02C6, 0x02C6, 0x02C6, 0x02C6, 0x02C6,  /* 0xCDA8 */
  0x0354, 0x0354, 0x0354, 0x0354, 0x0354, 0x0354, 0x0354, 0x0354,  /* 0xCDB0 */
  0x02A8, 0x02AE, 0x03E1, 0x03E1, 0x03E1, 0x03E1, 0x03E1, 0x03E1,  /* 0xCDB8 */
  0x05CB, 0x05CB, 0x05CB, 0x05CB, 0x05CB, 0x05CB, 0x05CB, 0x05CB,  /* 0xCDC0 */
  0x03E1, 0x03E1, 0x03E1, 0x03E1, 0x03E1, 0x03E1, 0x03E1, 0x03E1,  /* 0xCDC8 */
  0x05D1, 0x05D1, 0x05D1, 0x05D1, 0x05D1, 0x05D1, 0x05D1, 0x05D1,  /* 0xCDD0 */
  0x05D5, 0x05D5, 0x05D5, 0x05D5, 0x05D5, 0x05D5, 0x05D5, 0x05D5,  /* 0xCDD8 */
  0x05D3, 0x05D3, 0x05D3, 0x05D3, 0x05D3, 0x05D3, 0x05D3, 0x05D3,  /* 0xCDE0 */
  0x05D7, 0x05D7, 0x05D7, 0x05D7, 0x05D7, 0x05D7, 0x05D7, 0x05D7,  /* 0xCDE8 */
  0x05D9, 0x05D9, 0x05D9, 0x05D9, 0x05D9, 0x05D9, 0x05D9, 0x05D9,  /* 0xCDF0 */
  0x05CD, 0x05CF, 0x05D9, 0x05D9, 0x05C9, 0x03E1, 0x03E1, 0x03E1,  /* 0xCDF8 */
  0x027A, 0x027A, 0x027A, 0x027A, 0x027A, 0x027A, 0x027A, 0x027A,  /* 0xCE00 */
  0x03E1, 0x03E1, 0x03E1, 0x03E1, 0x03E1, 0x03E1, 0x03E1, 0x03E1,  /* 0xCE08 */
  0x028C, 0x028C, 0x028C, 0x028C, 0x028C, 0x028C, 0x028C, 0x028C,  /* 0xCE10 */
  0x0298, 0x0298, 0x0298, 0x0298, 0x0298, 0x0298, 0x0298, 0x0298,  /* 0xCE18 */
  0x0292, 0x0292, 0x0292, 0x0292, 0x0292, 0x0292, 0x0292, 0x0292,  /* 0xCE20 */
  0x029E, 0x029E, 0x029E, 0x029E, 0x029E, 0x029E, 0x029E, 0x029E,  /* 0xCE28 */
  0x0358, 0x0358, 0x0358, 0x0358, 0x0358, 0x0358, 0x0358, 0x0358,  /* 0xCE30 */
  0x0280, 0x0286, 0x0358, 0x0358, 0x0274, 0x03E1, 0x03E1, 0x03E1,  /* 0xCE38 */
  0x027C, 0x027C, 0x027C, 0x027C, 0x027C, 0x027C, 0x027C, 0x027C,  /* 0xCE40 */
  0x03E1, 0x03E1, 0x03E1, 0x03E1, 0x03E1, 0x03E1, 0x03E1, 0x03E1,  /* 0xCE48 */
  0x028E, 0x028E, 0x028E, 0x028E, 0x028E, 0x028E, 0x028E, 0x028E,  /* 0xCE50 */
  0x029A, 0x029A, 0x029A, 0x029A, 0x029A, 0x029A, 0x029A, 0x029A,  /* 0xCE58 */
  0x0294, 0x0294, 0x0294, 0x0294, 0x0294, 0x0294, 0x0294, 0x0294,  /* 0xCE60 */
  0x02A0, 0x02A0, 0x02A0, 0x02A0, 0x02A0, 0x02A0, 0x02A0, 0x02A0,  /* 0xCE68 */
  0x035C, 0x035C, 0x035C, 0x035C, 0x035C, 0x035C, 0x035C, 0x035C,  /* 0xCE70 */
  0x0282, 0x0288, 0x035C, 0x035C, 0x0276, 0x03E1, 0x03E1, 0x03E1,  /* 0xCE78 */
  0x027E, 0x027E, 0x027E, 0x027E, 0x027E, 0x027E, 0x027E, 0x027E,  /* 0xCE80 */
  0x03E1, 0x03E1, 0x03E1, 0x03E1, 0x03E1, 0x03E1, 0x03E1, 0x03E1,  /* 0xCE88 */
  0x0290, 0x0290, 0x0290, 0x0290, 0x0290, 0x0290, 0x0290, 0x0290,  /* 0xCE90 */
  0x029C, 0x029C, 0x029C, 0x029C, 0x029C, 0x029C, 0x029C, 0x029C,  /* 0xCE98 */
  0x0296, 0x0296, 0x0296, 0x0296, 0x0296, 0x0296, 0x0296, 0x0296,  /* 0xCEA0 */
  0x02A2, 0x02A2, 0x02A2, 0x02A2, 0x02A2, 0x02A2, 0x02A2, 0x02A2,  /* 0xCEA8 */
  0x0360, 0x0360, 0x0360, 0x0360, 0x0360, 0x0360, 0x0360, 0x0360,  /* 0xCEB0 */
  0x0284, 0x028A, 0x0360, 0x0360, 0x0278, 0x03E1, 0x03E1, 0x03E1,  /* 0xCEB8 */
  0x05DD, 0x05DD, 0x05DD, 0x05DD, 0x05DD, 0x05DD, 0x05DD, 0x05DD,  /* 0xCEC0 */
  0x03E1, 0x03E1, 0x03E1, 0x03E1, 0x03E1, 0x03E1, 0x03E1, 0x03E1,  /* 0xCEC8 */
  0x05E3, 0x05E3, 0x05E3, 0x05E3, 0x05E3, 0x05E3, 0x05E3, 0x05E3,  /* 0xCED0 */
  0x05E7, 0x05E7, 0x05E7, 0x05E7, 0x05E7, 0x05E7, 0x05E7, 0x05E7,  /* 0xCED8 */
  0x05E5, 0x05E5, 0x05E5, 0x05E5, 0x05E5, 0x05E5, 0x05E5, 0x05E5,  /* 0xCEE0 */
  0x05E9, 0x05E9, 0x05E9, 0x05E9, 0x05E9, 0x05E9, 0x05E9, 0x05E9,  /* 0xCEE8 */
  0x05EB, 0x05EB, 0x05EB, 0x05EB, 0x05EB, 0x05EB, 0x05EB, 0x05EB,  /* 0xCEF0 */
  0x05DF, 0x05E1, 0x05EB, 0x05EB, 0x05DB, 0x03E1, 0x03E1, 0x03E1,  /* 0xCEF8 */
  0x0002, 0x0002, 0x0002, 0x0002, 0x0002, 0x0002, 0x0002, 0x0002,  /* 0xCF00 */
  0x0005, 0x0005, 0x0005, 0x0005, 0x0005, 0x0005, 0x0005, 0x0003,  /* 0xCF08 */
  0x02B0, 0x02B0, 0x02B0, 0x02B0, 0x02B0, 0x02B0, 0x02B0, 0x02B0,  /* 0xCF10 */
  0x02BC, 0x02BC, 0x02BC, 0x02BC, 0x02BC, 0x02BC, 0x02BC, 0x02BC,  /* 0xCF18 */
  0x02B6, 0x02B6, 0x02B6, 0x02B6, 0x02B6, 0x02B6, 0x02B6, 0x02B6,  /* 0xCF20 */
  0x02C2, 0x02C2, 0x02C2, 0x02C2, 0x02C2, 0x02C2, 0x02C2, 0x02C2,  /* 0xCF28 */
  0x0348, 0x0348, 0x0348, 0x0348, 0x0348, 0x0348, 0x0348, 0x0348,  /* 0xCF30 */
  0x02A4, 0x02AA, 0x03E1, 0x03E1, 0x03E1, 0x03E1, 0x03E1, 0x03E1,  /* 0xCF38 */
  0x04BD, 0x04BD, 0x04BD, 0x04BD, 0x04BD, 0x04BD, 0x04BD, 0x04BD,  /* 0xCF40 */
  0x04BE, 0x04BE, 0x04BE, 0x04BE, 0x04BE, 0x04BE, 0x04BE, 0x04BE,  /* 0xCF48 */
  0x02B2, 0x02B2, 0x02B2, 0x02B2, 0x02B2, 0x02B2, 0x02B2, 0x02B2,  /* 0xCF50 */
  0x02BE, 0x02BE, 0x02BE, 0x02BE, 0x02BE, 0x02BE, 0x02BE, 0x02BE,  /* 0xCF58 */
  0x02B8, 0x02B8, 0x02B8, 0x02B8, 0x02B8, 0x02B8, 0x02B8, 0x02B8,  /* 0xCF60 */
  0x02C4, 0x02C4, 0x02C4, 0x02C4, 0x02C4, 0x02C4, 0x02C4, 0x02C4,  /* 0xCF68 */
  0x034E, 0x034E, 0x034E, 0x034E, 0x034E, 0x034E, 0x034E, 0x034E,  /* 0xCF70 */
  0x02A6, 0x02AC, 0x03E1, 0x03E1, 0x03E1, 0x03E1, 0x03E1, 0x03E1,  /* 0xCF78 */
  0x03E1, 0x03E1, 0x03E1, 0x03E1, 0x03E1, 0x03E1, 0x03E1, 0x03E1,  /* 0xCF80 */
  0x04BF, 0x04BF, 0x04BF, 0x04BF, 0x04BF, 0x04BF, 0x04BF, 0x04BF,  /* 0xCF88 */
  0x02B4, 0x02B4, 0x02B4, 0x02B4, 0x02B4, 0x02B4, 0x02B4, 0x02B4,  /* 0xCF90 */
  0x02C0, 0x02C0, 0x02C0, 0x02C0, 0x02C0, 0x02C0, 0x02C0, 0x02C0,  /* 0xCF98 */
  0x02BA, 0x02BA, 0x02BA, 0x02BA, 0x02BA, 0x02BA, 0x02BA, 0x02BA,  /* 0xCFA0 */
  0x02C6, 0x02C6, 0x02C6, 0x02C6, 0x02C6, 0x02C6, 0x02C6, 0x02C6,  /* 0xCFA8 */
  0x0354, 0x0354, 0x0354, 0x0354, 0x0354, 0x0354, 0x0354, 0x0354,  /* 0xCFB0 */
  0x02A8, 0x02AE, 0x03E1, 0x03E1, 0x03E1, 0x03E1, 0x03E1, 0x03E1,  /* 0xCFB8 */
  0x05CB, 0x05CB, 0x05CB, 0x05CB, 0x05CB, 0x05CB, 0x05CB, 0x05CB,  /* 0xCFC0 */
  0x03E1, 0x03E1, 0x03E1, 0x03E1, 0x03E1, 0x03E1, 0x03E1, 0x03E1,  /* 0xCFC8 */
  0x05D1, 0x05D1, 0x05D1, 0x05D1, 0x05D1, 0x05D1, 0x05D1, 0x05D1,  /* 0xCFD0 */
  0x05D5, 0x05D5, 0x05D5, 0x05D5, 0x05D5, 0x05D5, 0x05D5, 0x05D5,  /* 0xCFD8 */
  0x05D3, 0x05D3, 0x05D3, 0x05D3, 0x05D3, 0x05D3, 0x05D3, 0x05D3,  /* 0xCFE0 */
  0x05D7, 0x05D7, 0x05D7, 0x05D7, 0x05D7, 0x05D7, 0x05D7, 0x05D7,  /* 0xCFE8 */
  0x05D9, 0x05D9, 0x05D9, 0x05D9, 0x05D9, 0x05D9, 0x05D9, 0x05D9,  /* 0xCFF0 */
  0x05CD, 0x05CF, 0x05D9, 0x05D9, 0x05C9, 0x03E1, 0x03E1, 0x03E1,  /* 0xCFF8 */
  0x000E, 0x000E, 0x000E, 0x000E, 0x000E, 0x000E, 0x000E, 0x000E,  /* 0xD000 */
  0x03E1, 0x03E1, 0x03E1, 0x03E1, 0x03E1, 0x03E1, 0x03E1, 0x03E1,  /* 0xD008 */
  0x0024, 0x0024, 0x0024, 0x0024, 0x0024, 0x0024, 0x0024, 0x0024,  /* 0xD010 */
  0x0030, 0x0030, 0x0030, 0x0030, 0x0030, 0x0030, 0x0030, 0x0030,  /* 0xD018 */
  0x002A, 0x002A, 0x002A, 0x002A, 0x002A, 0x002A, 0x002A, 0x002A,  /* 0xD020 */
  0x0036, 0x0036, 0x0036, 0x0036, 0x0036, 0x0036, 0x0036, 0x0036,  /* 0xD028 */
  0x00E4, 0x00E4, 0x00E4, 0x00E4, 0x00E4, 0x00E4, 0x00E4, 0x00E4,  /* 0xD030 */
  0x0018, 0x001E, 0x00E4, 0x00E4, 0x0008, 0x03E1, 0x03E1, 0x03E1,  /* 0xD038 */
  0x0010, 0x0010, 0x0010, 0x0010, 0x0010, 0x0010, 0x0010, 0x0010,  /* 0xD040 */
  0x0014, 0x0014, 0x0014, 0x0014, 0x0014, 0x0014, 0x0014, 0x0014,  /* 0xD048 */
  0x0026, 0x0026, 0x0026, 0x0026, 0x0026, 0x0026, 0x0026, 0x0026,  /* 0xD050 */
  0x0032, 0x0032, 0x0032, 0x0032, 0x0032, 0x0032, 0x0032, 0x0032,  /* 0xD058 */
  0x002C, 0x002C, 0x002C, 0x002C, 0x002C, 0x002C, 0x002C, 0x002C,  /* 0xD060 */
  0x0038, 0x0038, 0x0038, 0x0038, 0x0038, 0x0038, 0x0038, 0x0038,  /* 0xD068 */
  0x00EC, 0x00EC, 0x00EC, 0x00EC, 0x00EC, 0x00EC, 0x00EC, 0x00EC,  /* 0xD070 */
  0x001A, 0x0020, 0x00EC, 0x00EC, 0x000A, 0x03E1, 0x03E1, 0x03E1,  /* 0xD078 */
  0x0012, 0x0012, 0x0012, 0x0012, 0x0012, 0x0012, 0x0012, 0x0012,  /* 0xD080 */
  0x0016, 0x0016, 0x0016, 0x0016, 0x0016, 0x0016, 0x0016, 0x0016,  /* 0xD088 */
  0x0028, 0x0028, 0x0028, 0x0028, 0x0028, 0x0028, 0x0028, 0x0028,  /* 0xD090 */
  0x0034, 0x0034, 0x0034, 0x0034, 0x0034, 0x0034, 0x0034, 0x0034,  /* 0xD098 */
  0x002E, 0x002E, 0x002E, 0x002E, 0x002E, 0x002E, 0x002E, 0x002E,  /* 0xD0A0 */
  0x003A, 0x003A, 0x003A, 0x003A, 0x003A, 0x003A, 0x003A, 0x003A,  /* 0xD0A8 */
  0x00F4, 0x00F4, 0x00F4, 0x00F4, 0x00F4, 0x00F4, 0x00F4, 0x00F4,  /* 0xD0B0 */
  0x001C, 0x0022, 0x00F4, 0x00F4, 0x000C, 0x03E1, 0x03E1, 0x03E1,  /* 0xD0B8 */
  0x00FC, 0x00FC, 0x00FC, 0x00FC, 0x00FC, 0x00FC, 0x00FC, 0x00FC,  /* 0xD0C0 */
  0x00FE, 0x00FE, 0x00FE, 0x00FE, 0x00FE, 0x00FE, 0x00FE, 0x00FE,  /* 0xD0C8 */
  0x0100, 0x0100, 0x0100, 0x0100, 0x0100, 0x0100, 0x0100, 0x0100,  /* 0xD0D0 */
  0x0104, 0x0104, 0x0104, 0x0104, 0x0104, 0x0104, 0x0104, 0x0104,  /* 0xD0D8 */
  0x0106, 0x0106, 0x0106, 0x0106, 0x0106, 0x0106, 0x0106, 0x0106,  /* 0xD0E0 */
  0x0102, 0x0102, 0x0102, 0x0102, 0x0102, 0x0102, 0x0102, 0x0102,  /* 0xD0E8 */
  0x0115, 0x0115, 0x0115, 0x0115, 0x0115, 0x0115, 0x0115, 0x0115,  /* 0xD0F0 */
  0x0115, 0x0115, 0x0115, 0x0115, 0x0114, 0x03E1, 0x03E1, 0x03E1,  /* 0xD0F8 */
  0x0262, 0x0262, 0x0262, 0x0262, 0x0262, 0x0262, 0x0262, 0x0262,  /* 0xD100 */
  0x0266, 0x0266, 0x0266, 0x0266, 0x0266, 0x0266, 0x0266, 0x0264,  /* 0xD108 */
  0x0048, 0x0048, 0x0048, 0x0048, 0x0048, 0x0048, 0x0048, 0x0048,  /* 0xD110 */
  0x0054, 0x0054, 0x0054, 0x0054, 0x0054, 0x0054, 0x0054, 0x0054,  /* 0xD118 */
  0x004E, 0x004E, 0x004E, 0x004E, 0x004E, 0x004E, 0x004E, 0x004E,  /* 0xD120 */
  0x005A, 0x005A, 0x005A, 0x005A, 0x005A, 0x005A, 0x005A, 0x005A,  /* 0xD128 */
  0x00E6, 0x00E6, 0x00E6, 0x00E6, 0x00E6, 0x00E6, 0x00E6, 0x00E6,  /* 0xD130 */
  0x003C, 0x0042, 0x03E1, 0x03E1, 0x03E1, 0x03E1, 0x03E1, 0x03E1,  /* 0xD138 */
  0x0267, 0x0267, 0x0267, 0x0267, 0x0267, 0x0267, 0x0267, 0x0267,  /* 0xD140 */
  0x0268, 0x0268, 0x0268, 0x0268, 0x0268, 0x0268, 0x0268, 0x0268,  /* 0xD148 */
  0x004A, 0x004A, 0x004A, 0x004A, 0x004A, 0x004A, 0x004A, 0x004A,  /* 0xD150 */
  0x0056, 0x0056, 0x0056, 0x0056, 0x0056, 0x0056, 0x0056, 0x0056,  /* 0xD158 */
  0x0050, 0x0050, 0x0050, 0x0050, 0x0050, 0x0050, 0x0050, 0x0050,  /* 0xD160 */
  0x005C, 0x005C, 0x005C, 0x005C, 0x005C, 0x005C, 0x005C, 0x005C,  /* 0xD168 */
  0x00EE, 0x00EE, 0x00EE, 0x00EE, 0x00EE, 0x00EE, 0x00EE, 0x00EE,  /* 0xD170 */
  0x003E, 0x0044, 0x03E1, 0x03E1, 0x03E1, 0x03E1, 0x03E1, 0x03E1,  /* 0xD178 */
  0x0269, 0x0269, 0x0269, 0x0269, 0x0269, 0x0269, 0x0269, 0x0269,  /* 0xD180 */
  0x026A, 0x026A, 0x026A, 0x026A, 0x026A, 0x026A, 0x026A, 0x026A,  /* 0xD188 */
  0x004C, 0x004C, 0x004C, 0x004C, 0x004C, 0x004C, 0x004C, 0x004C,  /* 0xD190 */
  0x0058, 0x0058, 0x0058, 0x0058, 0x0058, 0x0058, 0x0058, 0x0058,  /* 0xD198 */
  0x0052, 0x0052, 0x0052, 0x0052, 0x0052, 0x0052, 0x0052, 0x0052,  /* 0xD1A0 */
  0x005E, 0x005E, 0x005E, 0x005E, 0x005E, 0x005E, 0x005E, 0x005E,  /* 0xD1A8 */
  0x00F6, 0x00F6, 0x00F6, 0x00F6, 0x00F6, 0x00F6, 0x00F6, 0x00F6,  /* 0xD1B0 */
  0x0040, 0x0046, 0x03E1, 0x03E1, 0x03E1, 0x03E1, 0x03E1, 0x03E1,  /* 0xD1B8 */
  0x00FD, 0x00FD, 0x00FD, 0x00FD, 0x00FD, 0x00FD, 0x00FD, 0x00FD,  /* 0xD1C0 */
  0x00FF, 0x00FF, 0x00FF, 0x00FF, 0x00FF, 0x00FF, 0x00FF, 0x00FF,  /* 0xD1C8 */
  0x0101, 0x0101, 0x0101, 0x0101, 0x0101, 0x0101, 0x0101, 0x0101,  /* 0xD1D0 */
  0x0105, 0x0105, 0x0105, 0x0105, 0x0105, 0x0105, 0x0105, 0x0105,  /* 0xD1D8 */
  0x0107, 0x0107, 0x0107, 0x0107, 0x0107, 0x0107, 0x0107, 0x0107,  /* 0xD1E0 */
  0x0103, 0x0103, 0x0103, 0x0103, 0x0103, 0x0103, 0x0103, 0x0103,  /* 0xD1E8 */
  0x0117, 0x0117, 0x0117, 0x0117, 0x0117, 0x0117, 0x0117, 0x0117,  /* 0xD1F0 */
  0x0117, 0x0117, 0x0117, 0x0117, 0x0116, 0x03E1, 0x03E1, 0x03E1,  /* 0xD1F8 */
  0x000E, 0x000E, 0x000E, 0x000E, 0x000E, 0x000E, 0x000E, 0x000E,  /* 0xD200 */
  0x03E1, 0x03E1, 0x03E1, 0x03E1, 0x03E1, 0x03E1, 0x03E1, 0x03E1,  /* 0xD208 */
  0x0024, 0x0024, 0x0024, 0x0024, 0x0024, 0x0024, 0x0024, 0x0024,  /* 0xD210 */
  0x0030, 0x0030, 0x0030, 0x0030, 0x0030, 0x0030, 0x0030, 0x0030,  /* 0xD218 */
  0x002A, 0x002A, 0x002A, 0x002A, 0x002A, 0x002A, 0x002A, 0x002A,  /* 0xD220 */
  0x0036, 0x0036, 0x0036, 0x0036, 0x0036, 0x0036, 0x0036, 0x0036,  /* 0xD228 */
  0x00E4, 0x00E4, 0x00E4, 0x00E4, 0x00E4, 0x00E4, 0x00E4, 0x00E4,  /* 0xD230 */
  0x0018, 0x001E, 0x00E4, 0x00E4, 0x0008, 0x03E1, 0x03E1, 0x03E1,  /* 0xD238 */
  0x0010, 0x0010, 0x0010, 0x0010, 0x0010, 0x0010, 0x0010, 0x0010,  /* 0xD240 */
  0x0014, 0x0014, 0x0014, 0x0014, 0x0014, 0x0014, 0x0014, 0x0014,  /* 0xD248 */
  0x0026, 0x0026, 0x0026, 0x0026, 0x0026, 0x0026, 0x0026, 0x0026,  /* 0xD250 */
  0x0032, 0x0032, 0x0032, 0x0032, 0x0032, 0x0032, 0x0032, 0x0032,  /* 0xD258 */
  0x002C, 0x002C, 0x002C, 0x002C, 0x002C, 0x002C, 0x002C, 0x002C,  /* 0xD260 */
  0x0038, 0x0038, 0x0038, 0x0038, 0x0038, 0x0038, 0x0038, 0x0038,  /* 0xD268 */
  0x00EC, 0x00EC, 0x00EC, 0x00EC, 0x00EC, 0x00EC, 0x00EC, 0x00EC,  /* 0xD270 */
  0x001A, 0x0020, 0x00EC, 0x00EC, 0x000A, 0x03E1, 0x03E1, 0x03E1,  /* 0xD278 */
  0x0012, 0x0012, 0x0012, 0x0012, 0x0012, 0x0012, 0x0012, 0x0012,  /* 0xD280 */
  0x0016, 0x0016, 0x0016, 0x0016, 0x0016, 0x0016, 0x0016, 0x0016,  /* 0xD288 */
  0x0028, 0x0028, 0x0028, 0x0028, 0x0028, 0x0028, 0x0028, 0x0028,  /* 0xD290 */
  0x0034, 0x0034, 0x0034, 0x0034, 0x0034, 0x0034, 0x0034, 0x0034,  /* 0xD298 */
  0x002E, 0x002E, 0x002E, 0x002E, 0x002E, 0x002E, 0x002E, 0x002E,  /* 0xD2A0 */
  0x003A, 0x003A, 0x003A, 0x003A, 0x003A, 0x003A, 0x003A, 0x003A,  /* 0xD2A8 */
  0x00F4, 0x00F4, 0x00F4, 0x00F4, 0x00F4, 0x00F4, 0x00F4, 0x00F4,  /* 0xD2B0 */
  0x001C, 0x0022, 0x00F4, 0x00F4, 0x000C, 0x03E1, 0x03E1, 0x03E1,  /* 0xD2B8 */
  0x00FC, 0x00FC, 0x00FC, 0x00FC, 0x00FC, 0x00FC, 0x00FC, 0x00FC,  /* 0xD2C0 */
  0x00FE, 0x00FE, 0x00FE, 0x00FE, 0x00FE, 0x00FE, 0x00FE, 0x00FE,  /* 0xD2C8 */
  0x0100, 0x0100, 0x0100, 0x0100, 0x0100, 0x0100, 0x0100, 0x0100,  /* 0xD2D0 */
  0x0104, 0x0104, 0x0104, 0x0104, 0x0104, 0x0104, 0x0104, 0x0104,  /* 0xD2D8 */
  0x0106, 0x0106, 0x0106, 0x0106, 0x0106, 0x0106, 0x0106, 0x0106,  /* 0xD2E0 */
  0x0102, 0x0102, 0x0102, 0x0102, 0x0102, 0x0102, 0x0102, 0x0102,  /* 0xD2E8 */
  0x0115, 0x0115, 0x0115, 0x0115, 0x0115, 0x0115, 0x0115, 0x0115,  /* 0xD2F0 */
  0x0115, 0x0115, 0x0115, 0x0115, 0x0114, 0x03E1, 0x03E1, 0x03E1,  /* 0xD2F8 */
  0x0262, 0x0262, 0x0262, 0x0262, 0x0262, 0x0262, 0x0262, 0x0262,  /* 0xD300 */
  0x0266, 0x0266, 0x0266, 0x0266, 0x0266, 0x0266, 0x0266, 0x0264,  /* 0xD308 */
  0x0048, 0x0048, 0x0048, 0x0048, 0x0048, 0x0048, 0x0048, 0x0048,  /* 0xD310 */
  0x0054, 0x0054, 0x0054, 0x0054, 0x0054, 0x0054, 0x0054, 0x0054,  /* 0xD318 */
  0x004E, 0x004E, 0x004E, 0x004E, 0x004E, 0x004E, 0x004E, 0x004E,  /* 0xD320 */
  0x005A, 0x005A, 0x005A, 0x005A, 0x005A, 0x005A, 0x005A, 0x005A,  /* 0xD328 */
  0x00E6, 0x00E6, 0x00E6, 0x00E6, 0x00E6, 0x00E6, 0x00E6, 0x00E6,  /* 0xD330 */
  0x003C, 0x0042, 0x03E1, 0x03E1, 0x03E1, 0x03E1, 0x03E1, 0x03E1,  /* 0xD338 */
  0x0267, 0x0267, 0x0267, 0x0267, 0x0267, 0x0267, 0x0267, 0x0267,  /* 0xD340 */
  0x0268, 0x0268, 0x0268, 0x0268, 0x0268, 0x0268, 0x0268, 0x0268,  /* 0xD348 */
  0x004A, 0x004A, 0x004A, 0x004A, 0x004A, 0x004A, 0x004A, 0x004A,  /* 0xD350 */
  0x0056, 0x0056, 0x0056, 0x0056, 0x0056, 0x0056, 0x0056, 0x0056,  /* 0xD358 */
  0x0050, 0x0050, 0x0050, 0x0050, 0x0050, 0x0050, 0x0050, 0x0050,  /* 0xD360 */
  0x005C, 0x005C, 0x005C, 0x005C, 0x005C, 0x005C, 0x005C, 0x005C,  /* 0xD368 */
  0x00EE, 0x00EE, 0x00EE, 0x00EE, 0x00EE, 0x00EE, 0x00EE, 0x00EE,  /* 0xD370 */
  0x003E, 0x0044, 0x03E1, 0x03E1, 0x03E1, 0x03E1, 0x03E1, 0x03E1,  /* 0xD378 */
  0x0269, 0x0269, 0x0269, 0x0269, 0x0269, 0x0269, 0x0269, 0x0269,  /* 0xD380 */
  0x026A, 0x026A, 0x026A, 0x026A, 0x026A, 0x026A, 0x026A, 0x026A,  /* 0xD388 */
  0x004C, 0x004C, 0x004C, 0x004C, 0x004C, 0x004C, 0x004C, 0x004C,  /* 0xD390 */
  0x0058, 0x0058, 0x0058, 0x0058, 0x0058, 0x0058, 0x0058, 0x0058,  /* 0xD398 */
  0x0052, 0x0052, 0x0052, 0x0052, 0x0052, 0x0052, 0x0052, 0x0052,  /* 0xD3A0 */
  0x005E, 0x005E, 0x005E, 0x005E, 0x005E, 0x005E, 0x005E, 0x005E,  /* 0xD3A8 */
  0x00F6, 0x00F6, 0x00F6, 0x00F6, 0x00F6, 0x00F6, 0x00F6, 0x00F6,  /* 0xD3B0 */
  0x0040, 0x0046, 0x03E1, 0x03E1, 0x03E1, 0x03E1, 0x03E1, 0x03E1,  /* 0xD3B8 */
  0x00FD, 0x00FD, 0x00FD, 0x00FD, 0x00FD, 0x00FD, 0x00FD, 0x00FD,  /* 0xD3C0 */
  0x00FF, 0x00FF, 0x00FF, 0x00FF, 0x00FF, 0x00FF, 0x00FF, 0x00FF,  /* 0xD3C8 */
  0x0101, 0x0101, 0x0101, 0x0101, 0x0101, 0x0101, 0x0101, 0x0101,  /* 0xD3D0 */
  0x0105, 0x0105, 0x0105, 0x0105, 0x0105, 0x0105, 0x0105, 0x0105,  /* 0xD3D8 */
  0x0107, 0x0107, 0x0107, 0x0107, 0x0107, 0x0107, 0x0107, 0x0107,  /* 0xD3E0 */
  0x0103, 0x0103, 0x0103, 0x0103, 0x0103, 0x0103, 0x0103, 0x0103,  /* 0xD3E8 */
  0x0117, 0x0117, 0x0117, 0x0117, 0x0117, 0x0117, 0x0117, 0x0117,  /* 0xD3F0 */
  0x0117, 0x0117, 0x0117, 0x0117, 0x0116, 0x03E1, 0x03E1, 0x03E1,  /* 0xD3F8 */
  0x000E, 0x000E, 0x000E, 0x000E, 0x000E, 0x000E, 0x000E, 0x000E,  /* 0xD400 */
  0x03E1, 0x03E1, 0x03E1, 0x03E1, 0x03E1, 0x03E1, 0x03E1, 0x03E1,  /* 0xD408 */
  0x0024, 0x0024, 0x0024, 0x0024, 0x0024, 0x0024, 0x0024, 0x0024,  /* 0xD410 */
  0x0030, 0x0030, 0x0030, 0x0030, 0x0030, 0x0030, 0x0030, 0x0030,  /* 0xD418 */
  0x002A, 0x002A, 0x002A, 0x002A, 0x002A, 0x002A, 0x002A, 0x002A,  /* 0xD420 */
  0x0036, 0x0036, 0x0036, 0x0036, 0x0036, 0x0036, 0x0036, 0x0036,  /* 0xD428 */
  0x00E4, 0x00E4, 0x00E4, 0x00E4, 0x00E4, 0x00E4, 0x00E4, 0x00E4,  /* 0xD430 */
  0x0018, 0x001E, 0x00E4, 0x00E4, 0x0008, 0x03E1, 0x03E1, 0x03E1,  /* 0xD438 */
  0x0010, 0x0010, 0x0010, 0x0010, 0x0010, 0x0010, 0x0010, 0x0010,  /* 0xD440 */
  0x0014, 0x0014, 0x0014, 0x0014, 0x0014, 0x0014, 0x0014, 0x0014,  /* 0xD448 */
  0x0026, 0x0026, 0x0026, 0x0026, 0x0026, 0x0026, 0x0026, 0x0026,  /* 0xD450 */
  0x0032, 0x0032, 0x0032, 0x0032, 0x0032, 0x0032, 0x0032, 0x0032,  /* 0xD458 */
  0x002C, 0x002C, 0x002C, 0x002C, 0x002C, 0x002C, 0x002C, 0x002C,  /* 0xD460 */
  0x0038, 0x0038, 0x0038, 0x0038, 0x0038, 0x0038, 0x0038, 0x0038,  /* 0xD468 */
  0x00EC, 0x00EC, 0x00EC, 0x00EC, 0x00EC, 0x00EC, 0x00EC, 0x00EC,  /* 0xD470 */
  0x001A, 0x0020, 0x00EC, 0x00EC, 0x000A, 0x03E1, 0x03E1, 0x03E1,  /* 0xD478 */
  0x0012, 0x0012, 0x0012, 0x0012, 0x0012, 0x0012, 0x0012, 0x0012,  /* 0xD480 */
  0x0016, 0x0016, 0x0016, 0x0016, 0x0016, 0x0016, 0x0016, 0x0016,  /* 0xD488 */
  0x0028, 0x0028, 0x0028, 0x0028, 0x0028, 0x0028, 0x0028, 0x0028,  /* 0xD490 */
  0x0034, 0x0034, 0x0034, 0x0034, 0x0034, 0x0034, 0x0034, 0x0034,  /* 0xD498 */
  0x002E, 0x002E, 0x002E, 0x002E, 0x002E, 0x002E, 0x002E, 0x002E,  /* 0xD4A0 */
  0x003A, 0x003A, 0x003A, 0x003A, 0x003A, 0x003A, 0x003A, 0x003A,  /* 0xD4A8 */
  0x00F4, 0x00F4, 0x00F4, 0x00F4, 0x00F4, 0x00F4, 0x00F4, 0x00F4,  /* 0xD4B0 */
  0x001C, 0x0022, 0x00F4, 0x00F4, 0x000C, 0x03E1, 0x03E1, 0x03E1,  /* 0xD4B8 */
  0x00FC, 0x00FC, 0x00FC, 0x00FC, 0x00FC, 0x00FC, 0x00FC, 0x00FC,  /* 0xD4C0 */
  0x00FE, 0x00FE, 0x00FE, 0x00FE, 0x00FE, 0x00FE, 0x00FE, 0x00FE,  /* 0xD4C8 */
  0x0100, 0x0100, 0x0100, 0x0100, 0x0100, 0x0100, 0x0100, 0x0100,  /* 0xD4D0 */
  0x0104, 0x0104, 0x0104, 0x0104, 0x0104, 0x0104, 0x0104, 0x0104,  /* 0xD4D8 */
  0x0106, 0x0106, 0x0106, 0x0106, 0x0106, 0x0106, 0x0106, 0x0106,  /* 0xD4E0 */
  0x0102, 0x0102, 0x0102, 0x0102, 0x0102, 0x0102, 0x0102, 0x0102,  /* 0xD4E8 */
  0x0115, 0x0115, 0x0115, 0x0115, 0x0115, 0x0115, 0x0115, 0x0115,  /* 0xD4F0 */
  0x0115, 0x0115, 0x0115, 0x0115, 0x0114, 0x03E1, 0x03E1, 0x03E1,  /* 0xD4F8 */
  0x0262, 0x0262, 0x0262, 0x0262, 0x0262, 0x0262, 0x0262, 0x0262,  /* 0xD500 */
  0x0266, 0x0266, 0x0266, 0x0266, 0x0266, 0x0266, 0x0266, 0x0264,  /* 0xD508 */
  0x0048, 0x0048, 0x0048, 0x0048, 0x0048, 0x0048, 0x0048, 0x0048,  /* 0xD510 */
  0x0054, 0x0054, 0x0054, 0x0054, 0x0054, 0x0054, 0x0054, 0x0054,  /* 0xD518 */
  0x004E, 0x004E, 0x004E, 0x004E, 0x004E, 0x004E, 0x004E, 0x004E,  /* 0xD520 */
  0x005A, 0x005A, 0x005A, 0x005A, 0x005A, 0x005A, 0x005A, 0x005A,  /* 0xD528 */
  0x00E6, 0x00E6, 0x00E6, 0x00E6, 0x00E6, 0x00E6, 0x00E6, 0x00E6,  /* 0xD530 */
  0x003C, 0x0042, 0x03E1, 0x03E1, 0x03E1, 0x03E1, 0x03E1, 0x03E1,  /* 0xD538 */
  0x0267, 0x0267, 0x0267, 0x0267, 0x0267, 0x0267, 0x0267, 0x0267,  /* 0xD540 */
  0x0268, 0x0268, 0x0268, 0x0268, 0x0268, 0x0268, 0x0268, 0x0268,  /* 0xD548 */
  0x004A, 0x004A, 0x004A, 0x004A, 0x004A, 0x004A, 0x004A, 0x004A,  /* 0xD550 */
  0x0056, 0x0056, 0x0056, 0x0056, 0x0056, 0x0056, 0x0056, 0x0056,  /* 0xD558 */
  0x0050, 0x0050, 0x0050, 0x0050, 0x0050, 0x0050, 0x0050, 0x0050,  /* 0xD560 */
  0x005C, 0x005C, 0x005C, 0x005C, 0x005C, 0x005C, 0x005C, 0x005C,  /* 0xD568 */
  0x00EE, 0x00EE, 0x00EE, 0x00EE, 0x00EE, 0x00EE, 0x00EE, 0x00EE,  /* 0xD570 */
  0x003E, 0x0044, 0x03E1, 0x03E1, 0x03E1, 0x03E1, 0x03E1, 0x03E1,  /* 0xD578 */
  0x0269, 0x0269, 0x0269, 0x0269, 0x0269, 0x0269, 0x0269, 0x0269,  /* 0xD580 */
  0x026A, 0x026A, 0x026A, 0x026A, 0x026A, 0x026A, 0x026A, 0x026A,  /* 0xD588 */
  0x004C, 0x004C, 0x004C, 0x004C, 0x004C, 0x004C, 0x004C, 0x004C,  /* 0xD590 */
  0x0058, 0x0058, 0x0058, 0x0058, 0x0058, 0x0058, 0x0058, 0x0058,  /* 0xD598 */
  0x0052, 0x0052, 0x0052, 0x0052, 0x0052, 0x0052, 0x0052, 0x0052,  /* 0xD5A0 */
  0x005E, 0x005E, 0x005E, 0x005E, 0x005E, 0x005E, 0x005E, 0x005E,  /* 0xD5A8 */
  0x00F6, 0x00F6, 0x00F6, 0x00F6, 0x00F6, 0x00F6, 0x00F6, 0x00F6,  /* 0xD5B0 */
  0x0040, 0x0046, 0x03E1, 0x03E1, 0x03E1, 0x03E1, 0x03E1, 0x03E1,  /* 0xD5B8 */
  0x00FD, 0x00FD, 0x00FD, 0x00FD, 0x00FD, 0x00FD, 0x00FD, 0x00FD,  /* 0xD5C0 */
  0x00FF, 0x00FF, 0x00FF, 0x00FF, 0x00FF, 0x00FF, 0x00FF, 0x00FF,  /* 0xD5C8 */
  0x0101, 0x0101, 0x0101, 0x0101, 0x0101, 0x0101, 0x0101, 0x0101,  /* 0xD5D0 */
  0x0105, 0x0105, 0x0105, 0x0105, 0x0105, 0x0105, 0x0105, 0x0105,  /* 0xD5D8 */
  0x0107, 0x0107, 0x0107, 0x0107, 0x0107, 0x0107, 0x0107, 0x0107,  /* 0xD5E0 */
  0x0103, 0x0103, 0x0103, 0x0103, 0x0103, 0x0103, 0x0103, 0x0103,  /* 0xD5E8 */
  0x0117, 0x0117, 0x0117, 0x0117, 0x0117, 0x0117, 0x0117, 0x0117,  /* 0xD5F0 */
  0x0117, 0x0117, 0x0117, 0x0117, 0x0116, 0x03E1, 0x03E1, 0x03E1,  /* 0xD5F8 */
  0x000E, 0x000E, 0x000E, 0x000E, 0x000E, 0x000E, 0x000E, 0x000E,  /* 0xD600 */
  0x03E1, 0x03E1, 0x03E1, 0x03E1, 0x03E1, 0x03E1, 0x03E1, 0x03E1,  /* 0xD608 */
  0x0024, 0x0024, 0x0024, 0x0024, 0x0024, 0x0024, 0x0024, 0x0024,  /* 0xD610 */
  0x0030, 0x0030, 0x0030, 0x0030, 0x0030, 0x0030, 0x0030, 0x0030,  /* 0xD618 */
  0x002A, 0x002A, 0x002A, 0x002A, 0x002A, 0x002A, 0x002A, 0x002A,  /* 0xD620 */
  0x0036, 0x0036, 0x0036, 0x0036, 0x0036, 0x0036, 0x0036, 0x0036,  /* 0xD628 */
  0x00E4, 0x00E4, 0x00E4, 0x00E4, 0x00E4, 0x00E4, 0x00E4, 0x00E4,  /* 0xD630 */
  0x0018, 0x001E, 0x00E4, 0x00E4, 0x0008, 0x03E1, 0x03E1, 0x03E1,  /* 0xD638 */
  0x0010, 0x0010, 0x0010, 0x0010, 0x0010, 0x0010, 0x0010, 0x0010,  /* 0xD640 */
  0x0014, 0x0014, 0x0014, 0x0014, 0x0014, 0x0014, 0x0014, 0x0014,  /* 0xD648 */
  0x0026, 0x0026, 0x0026, 0x0026, 0x0026, 0x0026, 0x0026, 0x0026,  /* 0xD650 */
  0x0032, 0x0032, 0x0032, 0x0032, 0x0032, 0x0032, 0x0032, 0x0032,  /* 0xD658 */
  0x002C, 0x002C, 0x002C, 0x002C, 0x002C, 0x002C, 0x002C, 0x002C,  /* 0xD660 */
  0x0038, 0x0038, 0x0038, 0x0038, 0x0038, 0x0038, 0x0038, 0x0038,  /* 0xD668 */
  0x00EC, 0x00EC, 0x00EC, 0x00EC, 0x00EC, 0x00EC, 0x00EC, 0x00EC,  /* 0xD670 */
  0x001A, 0x0020, 0x00EC, 0x00EC, 0x000A, 0x03E1, 0x03E1, 0x03E1,  /* 0xD678 */
  0x0012, 0x0012, 0x0012, 0x0012, 0x0012, 0x0012, 0x0012, 0x0012,  /* 0xD680 */
  0x0016, 0x0016, 0x0016, 0x0016, 0x0016, 0x0016, 0x0016, 0x0016,  /* 0xD688 */
  0x0028, 0x0028, 0x0028, 0x0028, 0x0028, 0x0028, 0x0028, 0x0028,  /* 0xD690 */
  0x0034, 0x0034, 0x0034, 0x0034, 0x0034, 0x0034, 0x0034, 0x0034,  /* 0xD698 */
  0x002E, 0x002E, 0x002E, 0x002E, 0x002E, 0x002E, 0x002E, 0x002E,  /* 0xD6A0 */
  0x003A, 0x003A, 0x003A, 0x003A, 0x003A, 0x003A, 0x003A, 0x003A,  /* 0xD6A8 */
  0x00F4, 0x00F4, 0x00F4, 0x00F4, 0x00F4, 0x00F4, 0x00F4, 0x00F4,  /* 0xD6B0 */
  0x001C, 0x0022, 0x00F4, 0x00F4, 0x000C, 0x03E1, 0x03E1, 0x03E1,  /* 0xD6B8 */
  0x00FC, 0x00FC, 0x00FC, 0x00FC, 0x00FC, 0x00FC, 0x00FC, 0x00FC,  /* 0xD6C0 */
  0x00FE, 0x00FE, 0x00FE, 0x00FE, 0x00FE, 0x00FE, 0x00FE, 0x00FE,  /* 0xD6C8 */
  0x0100, 0x0100, 0x0100, 0x0100, 0x0100, 0x0100, 0x0100, 0x0100,  /* 0xD6D0 */
  0x0104, 0x0104, 0x0104, 0x0104, 0x0104, 0x0104, 0x0104, 0x0104,  /* 0xD6D8 */
  0x0106, 0x0106, 0x0106, 0x0106, 0x0106, 0x0106, 0x0106, 0x0106,  /* 0xD6E0 */
  0x0102, 0x0102, 0x0102, 0x0102, 0x0102, 0x0102, 0x0102, 0x0102,  /* 0xD6E8 */
  0x0115, 0x0115, 0x0115, 0x0115, 0x0115, 0x0115, 0x0115, 0x0115,  /* 0xD6F0 */
  0x0115, 0x0115, 0x0115, 0x0115, 0x0114, 0x03E1, 0x03E1, 0x03E1,  /* 0xD6F8 */
  0x0262, 0x0262, 0x0262, 0x0262, 0x0262, 0x0262, 0x0262, 0x0262,  /* 0xD700 */
  0x0266, 0x0266, 0x0266, 0x0266, 0x0266, 0x0266, 0x0266, 0x0264,  /* 0xD708 */
  0x0048, 0x0048, 0x0048, 0x0048, 0x0048, 0x0048, 0x0048, 0x0048,  /* 0xD710 */
  0x0054, 0x0054, 0x0054, 0x0054, 0x0054, 0x0054, 0x0054, 0x0054,  /* 0xD718 */
  0x004E, 0x004E, 0x004E, 0x004E, 0x004E, 0x004E, 0x004E, 0x004E,  /* 0xD720 */
  0x005A, 0x005A, 0x005A, 0x005A, 0x005A, 0x005A, 0x005A, 0x005A,  /* 0xD728 */
  0x00E6, 0x00E6, 0x00E6, 0x00E6, 0x00E6, 0x00E6, 0x00E6, 0x00E6,  /* 0xD730 */
  0x003C, 0x0042, 0x03E1, 0x03E1, 0x03E1, 0x03E1, 0x03E1, 0x03E1,  /* 0xD738 */
  0x0267, 0x0267, 0x0267, 0x0267, 0x0267, 0x0267, 0x0267, 0x0267,  /* 0xD740 */
  0x0268, 0x0268, 0x0268, 0x0268, 0x0268, 0x0268, 0x0268, 0x0268,  /* 0xD748 */
  0x004A, 0x004A, 0x004A, 0x004A, 0x004A, 0x004A, 0x004A, 0x004A,  /* 0xD750 */
  0x0056, 0x0056, 0x0056, 0x0056, 0x0056, 0x0056, 0x0056, 0x0056,  /* 0xD758 */
  0x0050, 0x0050, 0x0050, 0x0050, 0x0050, 0x0050, 0x0050, 0x0050,  /* 0xD760 */
  0x005C, 0x005C, 0x005C, 0x005C, 0x005C, 0x005C, 0x005C, 0x005C,  /* 0xD768 */
  0x00EE, 0x00EE, 0x00EE, 0x00EE, 0x00EE, 0x00EE, 0x00EE, 0x00EE,  /* 0xD770 */
  0x003E, 0x0044, 0x03E1, 0x03E1, 0x03E1, 0x03E1, 0x03E1, 0x03E1,  /* 0xD778 */
  0x0269, 0x0269, 0x0269, 0x0269, 0x0269, 0x0269, 0x0269, 0x0269,  /* 0xD780 */
  0x026A, 0x026A, 0x026A, 0x026A, 0x026A, 0x026A, 0x026A, 0x026A,  /* 0xD788 */
  0x004C, 0x004C, 0x004C, 0x004C, 0x004C, 0x004C, 0x004C, 0x004C,  /* 0xD790 */
  0x0058, 0x0058, 0x0058, 0x0058, 0x0058, 0x0058, 0x0058, 0x0058,  /* 0xD798 */
  0x0052, 0x0052, 0x0052, 0x0052, 0x0052, 0x0052, 0x0052, 0x0052,  /* 0xD7A0 */
  0x005E, 0x005E, 0x005E, 0x005E, 0x005E, 0x005E, 0x005E, 0x005E,  /* 0xD7A8 */
  0x00F6, 0x00F6, 0x00F6, 0x00F6, 0x00F6, 0x00F6, 0x00F6, 0x00F6,  /* 0xD7B0 */
  0x0040, 0x0046, 0x03E1, 0x03E1, 0x03E1, 0x03E1, 0x03E1, 0x03E1,  /* 0xD7B8 */
  0x00FD, 0x00FD, 0x00FD, 0x00FD, 0x00FD, 0x00FD, 0x00FD, 0x00FD,  /* 0xD7C0 */
  0x00FF, 0x00FF, 0x00FF, 0x00FF, 0x00FF, 0x00FF, 0x00FF, 0x00FF,  /* 0xD7C8 */
  0x0101, 0x0101, 0x0101, 0x0101, 0x0101, 0x0101, 0x0101, 0x0101,  /* 0xD7D0 */
  0x0105, 0x0105, 0x0105, 0x0105, 0x0105, 0x0105, 0x0105, 0x0105,  /* 0xD7D8 */
  0x0107, 0x0107, 0x0107, 0x0107, 0x0107, 0x0107, 0x0107, 0x0107,  /* 0xD7E0 */
  0x0103, 0x0103, 0x0103, 0x0103, 0x0103, 0x0103, 0x0103, 0x0103,  /* 0xD7E8 */
  0x0117, 0x0117, 0x0117, 0x0117, 0x0117, 0x0117, 0x0117, 0x0117,  /* 0xD7F0 */
  0x0117, 0x0117, 0x0117, 0x0117, 0x0116, 0x03E1, 0x03E1, 0x03E1,  /* 0xD7F8 */
  0x000E, 0x000E, 0x000E, 0x000E, 0x000E, 0x000E, 0x000E, 0x000E,  /* 0xD800 */
  0x03E1, 0x03E1, 0x03E1, 0x03E1, 0x03E1, 0x03E1, 0x03E1, 0x03E1,  /* 0xD808 */
  0x0024, 0x0024, 0x0024, 0x0024, 0x0024, 0x0024, 0x0024, 0x0024,  /* 0xD810 */
  0x0030, 0x0030, 0x0030, 0x0030, 0x0030, 0x0030, 0x0030, 0x0030,  /* 0xD818 */
  0x002A, 0x002A, 0x002A, 0x002A, 0x002A, 0x002A, 0x002A, 0x002A,  /* 0xD820 */
  0x0036, 0x0036, 0x0036, 0x0036, 0x0036, 0x0036, 0x0036, 0x0036,  /* 0xD828 */
  0x00E4, 0x00E4, 0x00E4, 0x00E4, 0x00E4, 0x00E4, 0x00E4, 0x00E4,  /* 0xD830 */
  0x0018, 0x001E, 0x00E4, 0x00E4, 0x0008, 0x03E1, 0x03E1, 0x03E1,  /* 0xD838 */
  0x0010, 0x0010, 0x0010, 0x0010, 0x0010, 0x0010, 0x0010, 0x0010,  /* 0xD840 */
  0x0014, 0x0014, 0x0014, 0x0014, 0x0014, 0x0014, 0x0014, 0x0014,  /* 0xD848 */
  0x0026, 0x0026, 0x0026, 0x0026, 0x0026, 0x0026, 0x0026, 0x0026,  /* 0xD850 */
  0x0032, 0x0032, 0x0032, 0x0032, 0x0032, 0x0032, 0x0032, 0x0032,  /* 0xD858 */
  0x002C, 0x002C, 0x002C, 0x002C, 0x002C, 0x002C, 0x002C, 0x002C,  /* 0xD860 */
  0x0038, 0x0038, 0x0038, 0x0038, 0x0038, 0x0038, 0x0038, 0x0038,  /* 0xD868 */
  0x00EC, 0x00EC, 0x00EC, 0x00EC, 0x00EC, 0x00EC, 0x00EC, 0x00EC,  /* 0xD870 */
  0x001A, 0x0020, 0x00EC, 0x00EC, 0x000A, 0x03E1, 0x03E1, 0x03E1,  /* 0xD878 */
  0x0012, 0x0012, 0x0012, 0x0012, 0x0012, 0x0012, 0x0012, 0x0012,  /* 0xD880 */
  0x0016, 0x0016, 0x0016, 0x0016, 0x0016, 0x0016, 0x0016, 0x0016,  /* 0xD888 */
  0x0028, 0x0028, 0x0028, 0x0028, 0x0028, 0x0028, 0x0028, 0x0028,  /* 0xD890 */
  0x0034, 0x0034, 0x0034, 0x0034, 0x0034, 0x0034, 0x0034, 0x0034,  /* 0xD898 */
  0x002E, 0x002E, 0x002E, 0x002E, 0x002E, 0x002E, 0x002E, 0x002E,  /* 0xD8A0 */
  0x003A, 0x003A, 0x003A, 0x003A, 0x003A, 0x003A, 0x003A, 0x003A,  /* 0xD8A8 */
  0x00F4, 0x00F4, 0x00F4, 0x00F4, 0x00F4, 0x00F4, 0x00F4, 0x00F4,  /* 0xD8B0 */
  0x001C, 0x0022, 0x00F4, 0x00F4, 0x000C, 0x03E1, 0x03E1, 0x03E1,  /* 0xD8B8 */
  0x00FC, 0x00FC, 0x00FC, 0x00FC, 0x00FC, 0x00FC, 0x00FC, 0x00FC,  /* 0xD8C0 */
  0x00FE, 0x00FE, 0x00FE, 0x00FE, 0x00FE, 0x00FE, 0x00FE, 0x00FE,  /* 0xD8C8 */
  0x0100, 0x0100, 0x0100, 0x0100, 0x0100, 0x0100, 0x0100, 0x0100,  /* 0xD8D0 */
  0x0104, 0x0104, 0x0104, 0x0104, 0x0104, 0x0104, 0x0104, 0x0104,  /* 0xD8D8 */
  0x0106, 0x0106, 0x0106, 0x0106, 0x0106, 0x0106, 0x0106, 0x0106,  /* 0xD8E0 */
  0x0102, 0x0102, 0x0102, 0x0102, 0x0102, 0x0102, 0x0102, 0x0102,  /* 0xD8E8 */
  0x0115, 0x0115, 0x0115, 0x0115, 0x0115, 0x0115, 0x0115, 0x0115,  /* 0xD8F0 */
  0x0115, 0x0115, 0x0115, 0x0115, 0x0114, 0x03E1, 0x03E1, 0x03E1,  /* 0xD8F8 */
  0x0262, 0x0262, 0x0262, 0x0262, 0x0262, 0x0262, 0x0262, 0x0262,  /* 0xD900 */
  0x0266, 0x0266, 0x0266, 0x0266, 0x0266, 0x0266, 0x0266, 0x0264,  /* 0xD908 */
  0x0048, 0x0048, 0x0048, 0x0048, 0x0048, 0x0048, 0x0048, 0x0048,  /* 0xD910 */
  0x0054, 0x0054, 0x0054, 0x0054, 0x0054, 0x0054, 0x0054, 0x0054,  /* 0xD918 */
  0x004E, 0x004E, 0x004E, 0x004E, 0x004E, 0x004E, 0x004E, 0x004E,  /* 0xD920 */
  0x005A, 0x005A, 0x005A, 0x005A, 0x005A, 0x005A, 0x005A, 0x005A,  /* 0xD928 */
  0x00E6, 0x00E6, 0x00E6, 0x00E6, 0x00E6, 0x00E6, 0x00E6, 0x00E6,  /* 0xD930 */
  0x003C, 0x0042, 0x03E1, 0x03E1, 0x03E1, 0x03E1, 0x03E1, 0x03E1,  /* 0xD938 */
  0x0267, 0x0267, 0x0267, 0x0267, 0x0267, 0x0267, 0x0267, 0x0267,  /* 0xD940 */
  0x0268, 0x0268, 0x0268, 0x0268, 0x0268, 0x0268, 0x0268, 0x0268,  /* 0xD948 */
  0x004A, 0x004A, 0x004A, 0x004A, 0x004A, 0x004A, 0x004A, 0x004A,  /* 0xD950 */
  0x0056, 0x0056, 0x0056, 0x0056, 0x0056, 0x0056, 0x0056, 0x0056,  /* 0xD958 */
  0x0050, 0x0050, 0x0050, 0x0050, 0x0050, 0x0050, 0x0050, 0x0050,  /* 0xD960 */
  0x005C, 0x005C, 0x005C, 0x005C, 0x005C, 0x005C, 0x005C, 0x005C,  /* 0xD968 */
  0x00EE, 0x00EE, 0x00EE, 0x00EE, 0x00EE, 0x00EE, 0x00EE, 0x00EE,  /* 0xD970 */
  0x003E, 0x0044, 0x03E1, 0x03E1, 0x03E1, 0x03E1, 0x03E1, 0x03E1,  /* 0xD978 */
  0x0269, 0x0269, 0x0269, 0x0269, 0x0269, 0x0269, 0x0269, 0x0269,  /* 0xD980 */
  0x026A, 0x026A, 0x026A, 0x026A, 0x026A, 0x026A, 0x026A, 0x026A,  /* 0xD988 */
  0x004C, 0x004C, 0x004C, 0x004C, 0x004C, 0x004C, 0x004C, 0x004C,  /* 0xD990 */
  0x0058, 0x0058, 0x0058, 0x0058, 0x0058, 0x0058, 0x0058, 0x0058,  /* 0xD998 */
  0x0052, 0x0052, 0x0052, 0x0052, 0x0052, 0x0052, 0x0052, 0x0052,  /* 0xD9A0 */
  0x005E, 0x005E, 0x005E, 0x005E, 0x005E, 0x005E, 0x005E, 0x005E,  /* 0xD9A8 */
  0x00F6, 0x00F6, 0x00F6, 0x00F6, 0x00F6, 0x00F6, 0x00F6, 0x00F6,  /* 0xD9B0 */
  0x0040, 0x0046, 0x03E1, 0x03E1, 0x03E1, 0x03E1, 0x03E1, 0x03E1,  /* 0xD9B8 */
  0x00FD, 0x00FD, 0x00FD, 0x00FD, 0x00FD, 0x00FD, 0x00FD, 0x00FD,  /* 0xD9C0 */
  0x00FF, 0x00FF, 0x00FF, 0x00FF, 0x00FF, 0x00FF, 0x00FF, 0x00FF,  /* 0xD9C8 */
  0x0101, 0x0101, 0x0101, 0x0101, 0x0101, 0x0101, 0x0101, 0x0101,  /* 0xD9D0 */
  0x0105, 0x0105, 0x0105, 0x0105, 0x0105, 0x0105, 0x0105, 0x0105,  /* 0xD9D8 */
  0x0107, 0x0107, 0x0107, 0x0107, 0x0107, 0x0107, 0x0107, 0x0107,  /* 0xD9E0 */
  0x0103, 0x0103, 0x0103, 0x0103, 0x0103, 0x0103, 0x0103, 0x0103,  /* 0xD9E8 */
  0x0117, 0x0117, 0x0117, 0x0117, 0x0117, 0x0117, 0x0117, 0x0117,  /* 0xD9F0 */
  0x0117, 0x0117, 0x0117, 0x0117, 0x0116, 0x03E1, 0x03E1, 0x03E1,  /* 0xD9F8 */
  0x000E, 0x000E, 0x000E, 0x000E, 0x000E, 0x000E, 0x000E, 0x000E,  /* 0xDA00 */
  0x03E1, 0x03E1, 0x03E1, 0x03E1, 0x03E1, 0x03E1, 0x03E1, 0x03E1,  /* 0xDA08 */
  0x0024, 0x0024, 0x0024, 0x0024, 0x0024, 0x0024, 0x0024, 0x0024,  /* 0xDA10 */
  0x0030, 0x0030, 0x0030, 0x0030, 0x0030, 0x0030, 0x0030, 0x0030,  /* 0xDA18 */
  0x002A, 0x002A, 0x002A, 0x002A, 0x002A, 0x002A, 0x002A, 0x002A,  /* 0xDA20 */
  0x0036, 0x0036, 0x0036, 0x0036, 0x0036, 0x0036, 0x0036, 0x0036,  /* 0xDA28 */
  0x00E4, 0x00E4, 0x00E4, 0x00E4, 0x00E4, 0x00E4, 0x00E4, 0x00E4,  /* 0xDA30 */
  0x0018, 0x001E, 0x00E4, 0x00E4, 0x0008, 0x03E1, 0x03E1, 0x03E1,  /* 0xDA38 */
  0x0010, 0x0010, 0x0010, 0x0010, 0x0010, 0x0010, 0x0010, 0x0010,  /* 0xDA40 */
  0x0014, 0x0014, 0x0014, 0x0014, 0x0014, 0x0014, 0x0014, 0x0014,  /* 0xDA48 */
  0x0026, 0x0026, 0x0026, 0x0026, 0x0026, 0x0026, 0x0026, 0x0026,  /* 0xDA50 */
  0x0032, 0x0032, 0x0032, 0x0032, 0x0032, 0x0032, 0x0032, 0x0032,  /* 0xDA58 */
  0x002C, 0x002C, 0x002C, 0x002C, 0x002C, 0x002C, 0x002C, 0x002C,  /* 0xDA60 */
  0x0038, 0x0038, 0x0038, 0x0038, 0x0038, 0x0038, 0x0038, 0x0038,  /* 0xDA68 */
  0x00EC, 0x00EC, 0x00EC, 0x00EC, 0x00EC, 0x00EC, 0x00EC, 0x00EC,  /* 0xDA70 */
  0x001A, 0x0020, 0x00EC, 0x00EC, 0x000A, 0x03E1, 0x03E1, 0x03E1,  /* 0xDA78 */
  0x0012, 0x0012, 0x0012, 0x0012, 0x0012, 0x0012, 0x0012, 0x0012,  /* 0xDA80 */
  0x0016, 0x0016, 0x0016, 0x0016, 0x0016, 0x0016, 0x0016, 0x0016,  /* 0xDA88 */
  0x0028, 0x0028, 0x0028, 0x0028, 0x0028, 0x0028, 0x0028, 0x0028,  /* 0xDA90 */
  0x0034, 0x0034, 0x0034, 0x0034, 0x0034, 0x0034, 0x0034, 0x0034,  /* 0xDA98 */
  0x002E, 0x002E, 0x002E, 0x002E, 0x002E, 0x002E, 0x002E, 0x002E,  /* 0xDAA0 */
  0x003A, 0x003A, 0x003A, 0x003A, 0x003A, 0x003A, 0x003A, 0x003A,  /* 0xDAA8 */
  0x00F4, 0x00F4, 0x00F4, 0x00F4, 0x00F4, 0x00F4, 0x00F4, 0x00F4,  /* 0xDAB0 */
  0x001C, 0x0022, 0x00F4, 0x00F4, 0x000C, 0x03E1, 0x03E1, 0x03E1,  /* 0xDAB8 */
  0x00FC, 0x00FC, 0x00FC, 0x00FC, 0x00FC, 0x00FC, 0x00FC, 0x00FC,  /* 0xDAC0 */
  0x00FE, 0x00FE, 0x00FE, 0x00FE, 0x00FE, 0x00FE, 0x00FE, 0x00FE,  /* 0xDAC8 */
  0x0100, 0x0100, 0x0100, 0x0100, 0x0100, 0x0100, 0x0100, 0x0100,  /* 0xDAD0 */
  0x0104, 0x0104, 0x0104, 0x0104, 0x0104, 0x0104, 0x0104, 0x0104,  /* 0xDAD8 */
  0x0106, 0x0106, 0x0106, 0x0106, 0x0106, 0x0106, 0x0106, 0x0106,  /* 0xDAE0 */
  0x0102, 0x0102, 0x0102, 0x0102, 0x0102, 0x0102, 0x0102, 0x0102,  /* 0xDAE8 */
  0x0115, 0x0115, 0x0115, 0x0115, 0x0115, 0x0115, 0x0115, 0x0115,  /* 0xDAF0 */
  0x0115, 0x0115, 0x0115, 0x0115, 0x0114, 0x03E1, 0x03E1, 0x03E1,  /* 0xDAF8 */
  0x0262, 0x0262, 0x0262, 0x0262, 0x0262, 0x0262, 0x0262, 0x0262,  /* 0xDB00 */
  0x0266, 0x0266, 0x0266, 0x0266, 0x0266, 0x0266, 0x0266, 0x0264,  /* 0xDB08 */
  0x0048, 0x0048, 0x0048, 0x0048, 0x0048, 0x0048, 0x0048, 0x0048,  /* 0xDB10 */
  0x0054, 0x0054, 0x0054, 0x0054, 0x0054, 0x0054, 0x0054, 0x0054,  /* 0xDB18 */
  0x004E, 0x004E, 0x004E, 0x004E, 0x004E, 0x004E, 0x004E, 0x004E,  /* 0xDB20 */
  0x005A, 0x005A, 0x005A, 0x005A, 0x005A, 0x005A, 0x005A, 0x005A,  /* 0xDB28 */
  0x00E6, 0x00E6, 0x00E6, 0x00E6, 0x00E6, 0x00E6, 0x00E6, 0x00E6,  /* 0xDB30 */
  0x003C, 0x0042, 0x03E1, 0x03E1, 0x03E1, 0x03E1, 0x03E1, 0x03E1,  /* 0xDB38 */
  0x0267, 0x0267, 0x0267, 0x0267, 0x0267, 0x0267, 0x0267, 0x0267,  /* 0xDB40 */
  0x0268, 0x0268, 0x0268, 0x0268, 0x0268, 0x0268, 0x0268, 0x0268,  /* 0xDB48 */
  0x004A, 0x004A, 0x004A, 0x004A, 0x004A, 0x004A, 0x004A, 0x004A,  /* 0xDB50 */
  0x0056, 0x0056, 0x0056, 0x0056, 0x0056, 0x0056, 0x0056, 0x0056,  /* 0xDB58 */
  0x0050, 0x0050, 0x0050, 0x0050, 0x0050, 0x0050, 0x0050, 0x0050,  /* 0xDB60 */
  0x005C, 0x005C, 0x005C, 0x005C, 0x005C, 0x005C, 0x005C, 0x005C,  /* 0xDB68 */
  0x00EE, 0x00EE, 0x00EE, 0x00EE, 0x00EE, 0x00EE, 0x00EE, 0x00EE,  /* 0xDB70 */
  0x003E, 0x0044, 0x03E1, 0x03E1, 0x03E1, 0x03E1, 0x03E1, 0x03E1,  /* 0xDB78 */
  0x0269, 0x0269, 0x0269, 0x0269, 0x0269, 0x0269, 0x0269, 0x0269,  /* 0xDB80 */
  0x026A, 0x026A, 0x026A, 0x026A, 0x026A, 0x026A, 0x026A, 0x026A,  /* 0xDB88 */
  0x004C, 0x004C, 0x004C, 0x004C, 0x004C, 0x004C, 0x004C, 0x004C,  /* 0xDB90 */
  0x0058, 0x0058, 0x0058, 0x0058, 0x0058, 0x0058, 0x0058, 0x0058,  /* 0xDB98 */
  0x0052, 0x0052, 0x0052, 0x0052, 0x0052, 0x0052, 0x0052, 0x0052,  /* 0xDBA0 */
  0x005E, 0x005E, 0x005E, 0x005E, 0x005E, 0x005E, 0x005E, 0x005E,  /* 0xDBA8 */
  0x00F6, 0x00F6, 0x00F6, 0x00F6, 0x00F6, 0x00F6, 0x00F6, 0x00F6,  /* 0xDBB0 */
  0x0040, 0x0046, 0x03E1, 0x03E1, 0x03E1, 0x03E1, 0x03E1, 0x03E1,  /* 0xDBB8 */
  0x00FD, 0x00FD, 0x00FD, 0x00FD, 0x00FD, 0x00FD, 0x00FD, 0x00FD,  /* 0xDBC0 */
  0x00FF, 0x00FF, 0x00FF, 0x00FF, 0x00FF, 0x00FF, 0x00FF, 0x00FF,  /* 0xDBC8 */
  0x0101, 0x0101, 0x0101, 0x0101, 0x0101, 0x0101, 0x0101, 0x0101,  /* 0xDBD0 */
  0x0105, 0x0105, 0x0105, 0x0105, 0x0105, 0x0105, 0x0105, 0x0105,  /* 0xDBD8 */
  0x0107, 0x0107, 0x0107, 0x0107, 0x0107, 0x0107, 0x0107, 0x0107,  /* 0xDBE0 */
  0x0103, 0x0103, 0x0103, 0x0103, 0x0103, 0x0103, 0x0103, 0x0103,  /* 0xDBE8 */
  0x0117, 0x0117, 0x0117, 0x0117, 0x0117, 0x0117, 0x0117, 0x0117,  /* 0xDBF0 */
  0x0117, 0x0117, 0x0117, 0x0117, 0x0116, 0x03E1, 0x03E1, 0x03E1,  /* 0xDBF8 */
  0x000E, 0x000E, 0x000E, 0x000E, 0x000E, 0x000E, 0x000E, 0x000E,  /* 0xDC00 */
  0x03E1, 0x03E1, 0x03E1, 0x03E1, 0x03E1, 0x03E1, 0x03E1, 0x03E1,  /* 0xDC08 */
  0x0024, 0x0024, 0x0024, 0x0024, 0x0024, 0x0024, 0x0024, 0x0024,  /* 0xDC10 */
  0x0030, 0x0030, 0x0030, 0x0030, 0x0030, 0x0030, 0x0030, 0x0030,  /* 0xDC18 */
  0x002A, 0x002A, 0x002A, 0x002A, 0x002A, 0x002A, 0x002A, 0x002A,  /* 0xDC20 */
  0x0036, 0x0036, 0x0036, 0x0036, 0x0036, 0x0036, 0x0036, 0x0036,  /* 0xDC28 */
  0x00E4, 0x00E4, 0x00E4, 0x00E4, 0x00E4, 0x00E4, 0x00E4, 0x00E4,  /* 0xDC30 */
  0x0018, 0x001E, 0x00E4, 0x00E4, 0x0008, 0x03E1, 0x03E1, 0x03E1,  /* 0xDC38 */
  0x0010, 0x0010, 0x0010, 0x0010, 0x0010, 0x0010, 0x0010, 0x0010,  /* 0xDC40 */
  0x0014, 0x0014, 0x0014, 0x0014, 0x0014, 0x0014, 0x0014, 0x0014,  /* 0xDC48 */
  0x0026, 0x0026, 0x0026, 0x0026, 0x0026, 0x0026, 0x0026, 0x0026,  /* 0xDC50 */
  0x0032, 0x0032, 0x0032, 0x0032, 0x0032, 0x0032, 0x0032, 0x0032,  /* 0xDC58 */
  0x002C, 0x002C, 0x002C, 0x002C, 0x002C, 0x002C, 0x002C, 0x002C,  /* 0xDC60 */
  0x0038, 0x0038, 0x0038, 0x0038, 0x0038, 0x0038, 0x0038, 0x0038,  /* 0xDC68 */
  0x00EC, 0x00EC, 0x00EC, 0x00EC, 0x00EC, 0x00EC, 0x00EC, 0x00EC,  /* 0xDC70 */
  0x001A, 0x0020, 0x00EC, 0x00EC, 0x000A, 0x03E1, 0x03E1, 0x03E1,  /* 0xDC78 */
  0x0012, 0x0012, 0x0012, 0x0012, 0x0012, 0x0012, 0x0012, 0x0012,  /* 0xDC80 */
  0x0016, 0x0016, 0x0016, 0x0016, 0x0016, 0x0016, 0x0016, 0x0016,  /* 0xDC88 */
  0x0028, 0x0028, 0x0028, 0x0028, 0x0028, 0x0028, 0x0028, 0x0028,  /* 0xDC90 */
  0x0034, 0x0034, 0x0034, 0x0034, 0x0034, 0x0034, 0x0034, 0x0034,  /* 0xDC98 */
  0x002E, 0x002E, 0x002E, 0x002E, 0x002E, 0x002E, 0x002E, 0x002E,  /* 0xDCA0 */
  0x003A, 0x003A, 0x003A, 0x003A, 0x003A, 0x003A, 0x003A, 0x003A,  /* 0xDCA8 */
  0x00F4, 0x00F4, 0x00F4, 0x00F4, 0x00F4, 0x00F4, 0x00F4, 0x00F4,  /* 0xDCB0 */
  0x001C, 0x0022, 0x00F4, 0x00F4, 0x000C, 0x03E1, 0x03E1, 0x03E1,  /* 0xDCB8 */
  0x00FC, 0x00FC, 0x00FC, 0x00FC, 0x00FC, 0x00FC, 0x00FC, 0x00FC,  /* 0xDCC0 */
  0x00FE, 0x00FE, 0x00FE, 0x00FE, 0x00FE, 0x00FE, 0x00FE, 0x00FE,  /* 0xDCC8 */
  0x0100, 0x0100, 0x0100, 0x0100, 0x0100, 0x0100, 0x0100, 0x0100,  /* 0xDCD0 */
  0x0104, 0x0104, 0x0104, 0x0104, 0x0104, 0x0104, 0x0104, 0x0104,  /* 0xDCD8 */
  0x0106, 0x0106, 0x0106, 0x0106, 0x0106, 0x0106, 0x0106, 0x0106,  /* 0xDCE0 */
  0x0102, 0x0102, 0x0102, 0x0102, 0x0102, 0x0102, 0x0102, 0x0102,  /* 0xDCE8 */
  0x0115, 0x0115, 0x0115, 0x0115, 0x0115, 0x0115, 0x0115, 0x0115,  /* 0xDCF0 */
  0x0115, 0x0115, 0x0115, 0x0115, 0x0114, 0x03E1, 0x03E1, 0x03E1,  /* 0xDCF8 */
  0x0262, 0x0262, 0x0262, 0x0262, 0x0262, 0x0262, 0x0262, 0x0262,  /* 0xDD00 */
  0x0266, 0x0266, 0x0266, 0x0266, 0x0266, 0x0266, 0x0266, 0x0264,  /* 0xDD08 */
  0x0048, 0x0048, 0x0048, 0x0048, 0x0048, 0x0048, 0x0048, 0x0048,  /* 0xDD10 */
  0x0054, 0x0054, 0x0054, 0x0054, 0x0054, 0x0054, 0x0054, 0x0054,  /* 0xDD18 */
  0x004E, 0x004E, 0x004E, 0x004E, 0x004E, 0x004E, 0x004E, 0x004E,  /* 0xDD20 */
  0x005A, 0x005A, 0x005A, 0x005A, 0x005A, 0x005A, 0x005A, 0x005A,  /* 0xDD28 */
  0x00E6, 0x00E6, 0x00E6, 0x00E6, 0x00E6, 0x00E6, 0x00E6, 0x00E6,  /* 0xDD30 */
  0x003C, 0x0042, 0x03E1, 0x03E1, 0x03E1, 0x03E1, 0x03E1, 0x03E1,  /* 0xDD38 */
  0x0267, 0x0267, 0x0267, 0x0267, 0x0267, 0x0267, 0x0267, 0x0267,  /* 0xDD40 */
  0x0268, 0x0268, 0x0268, 0x0268, 0x0268, 0x0268, 0x0268, 0x0268,  /* 0xDD48 */
  0x004A, 0x004A, 0x004A, 0x004A, 0x004A, 0x004A, 0x004A, 0x004A,  /* 0xDD50 */
  0x0056, 0x0056, 0x0056, 0x0056, 0x0056, 0x0056, 0x0056, 0x0056,  /* 0xDD58 */
  0x0050, 0x0050, 0x0050, 0x0050, 0x0050, 0x0050, 0x0050, 0x0050,  /* 0xDD60 */
  0x005C, 0x005C, 0x005C, 0x005C, 0x005C, 0x005C, 0x005C, 0x005C,  /* 0xDD68 */
  0x00EE, 0x00EE, 0x00EE, 0x00EE, 0x00EE, 0x00EE, 0x00EE, 0x00EE,  /* 0xDD70 */
  0x003E, 0x0044, 0x03E1, 0x03E1, 0x03E1, 0x03E1, 0x03E1, 0x03E1,  /* 0xDD78 */
  0x0269, 0x0269, 0x0269, 0x0269, 0x0269, 0x0269, 0x0269, 0x0269,  /* 0xDD80 */
  0x026A, 0x026A, 0x026A, 0x026A, 0x026A, 0x026A, 0x026A, 0x026A,  /* 0xDD88 */
  0x004C, 0x004C, 0x004C, 0x004C, 0x004C, 0x004C, 0x004C, 0x004C,  /* 0xDD90 */
  0x0058, 0x0058, 0x0058, 0x0058, 0x0058, 0x0058, 0x0058, 0x0058,  /* 0xDD98 */
  0x0052, 0x0052, 0x0052, 0x0052, 0x0052, 0x0052, 0x0052, 0x0052,  /* 0xDDA0 */
  0x005E, 0x005E, 0x005E, 0x005E, 0x005E, 0x005E, 0x005E, 0x005E,  /* 0xDDA8 */
  0x00F6, 0x00F6, 0x00F6, 0x00F6, 0x00F6, 0x00F6, 0x00F6, 0x00F6,  /* 0xDDB0 */
  0x0040, 0x0046, 0x03E1, 0x03E1, 0x03E1, 0x03E1, 0x03E1, 0x03E1,  /* 0xDDB8 */
  0x00FD, 0x00FD, 0x00FD, 0x00FD, 0x00FD, 0x00FD, 0x00FD, 0x00FD,  /* 0xDDC0 */
  0x00FF, 0x00FF, 0x00FF, 0x00FF, 0x00FF, 0x00FF, 0x00FF, 0x00FF,  /* 0xDDC8 */
  0x0101, 0x0101, 0x0101, 0x0101, 0x0101, 0x0101, 0x0101, 0x0101,  /* 0xDDD0 */
  0x0105, 0x0105, 0x0105, 0x0105, 0x0105, 0x0105, 0x0105, 0x0105,  /* 0xDDD8 */
  0x0107, 0x0107, 0x0107, 0x0107, 0x0107, 0x0107, 0x0107, 0x0107,  /* 0xDDE0 */
  0x0103, 0x0103, 0x0103, 0x0103, 0x0103, 0x0103, 0x0103, 0x0103,  /* 0xDDE8 */
  0x0117, 0x0117, 0x0117, 0x0117, 0x0117, 0x0117, 0x0117, 0x0117,  /* 0xDDF0 */
  0x0117, 0x0117, 0x0117, 0x0117, 0x0116, 0x03E1, 0x03E1, 0x03E1,  /* 0xDDF8 */
  0x000E, 0x000E, 0x000E, 0x000E, 0x000E, 0x000E, 0x000E, 0x000E,  /* 0xDE00 */
  0x03E1, 0x03E1, 0x03E1, 0x03E1, 0x03E1, 0x03E1, 0x03E1, 0x03E1,  /* 0xDE08 */
  0x0024, 0x0024, 0x0024, 0x0024, 0x0024, 0x0024, 0x0024, 0x0024,  /* 0xDE10 */
  0x0030, 0x0030, 0x0030, 0x0030, 0x0030, 0x0030, 0x0030, 0x0030,  /* 0xDE18 */
  0x002A, 0x002A, 0x002A, 0x002A, 0x002A, 0x002A, 0x002A, 0x002A,  /* 0xDE20 */
  0x0036, 0x0036, 0x0036, 0x0036, 0x0036, 0x0036, 0x0036, 0x0036,  /* 0xDE28 */
  0x00E4, 0x00E4, 0x00E4, 0x00E4, 0x00E4, 0x00E4, 0x00E4, 0x00E4,  /* 0xDE30 */
  0x0018, 0x001E, 0x00E4, 0x00E4, 0x0008, 0x03E1, 0x03E1, 0x03E1,  /* 0xDE38 */
  0x0010, 0x0010, 0x0010, 0x0010, 0x0010, 0x0010, 0x0010, 0x0010,  /* 0xDE40 */
  0x0014, 0x0014, 0x0014, 0x0014, 0x0014, 0x0014, 0x0014, 0x0014,  /* 0xDE48 */
  0x0026, 0x0026, 0x0026, 0x0026, 0x0026, 0x0026, 0x0026, 0x0026,  /* 0xDE50 */
  0x0032, 0x0032, 0x0032, 0x0032, 0x0032, 0x0032, 0x0032, 0x0032,  /* 0xDE58 */
  0x002C, 0x002C, 0x002C, 0x002C, 0x002C, 0x002C, 0x002C, 0x002C,  /* 0xDE60 */
  0x0038, 0x0038, 0x0038, 0x0038, 0x0038, 0x0038, 0x0038, 0x0038,  /* 0xDE68 */
  0x00EC, 0x00EC, 0x00EC, 0x00EC, 0x00EC, 0x00EC, 0x00EC, 0x00EC,  /* 0xDE70 */
  0x001A, 0x0020, 0x00EC, 0x00EC, 0x000A, 0x03E1, 0x03E1, 0x03E1,  /* 0xDE78 */
  0x0012, 0x0012, 0x0012, 0x0012, 0x0012, 0x0012, 0x0012, 0x0012,  /* 0xDE80 */
  0x0016, 0x0016, 0x0016, 0x0016, 0x0016, 0x0016, 0x0016, 0x0016,  /* 0xDE88 */
  0x0028, 0x0028, 0x0028, 0x0028, 0x0028, 0x0028, 0x0028, 0x0028,  /* 0xDE90 */
  0x0034, 0x0034, 0x0034, 0x0034, 0x0034, 0x0034, 0x0034, 0x0034,  /* 0xDE98 */
  0x002E, 0x002E, 0x002E, 0x002E, 0x002E, 0x002E, 0x002E, 0x002E,  /* 0xDEA0 */
  0x003A, 0x003A, 0x003A, 0x003A, 0x003A, 0x003A, 0x003A, 0x003A,  /* 0xDEA8 */
  0x00F4, 0x00F4, 0x00F4, 0x00F4, 0x00F4, 0x00F4, 0x00F4, 0x00F4,  /* 0xDEB0 */
  0x001C, 0x0022, 0x00F4, 0x00F4, 0x000C, 0x03E1, 0x03E1, 0x03E1,  /* 0xDEB8 */
  0x00FC, 0x00FC, 0x00FC, 0x00FC, 0x00FC, 0x00FC, 0x00FC, 0x00FC,  /* 0xDEC0 */
  0x00FE, 0x00FE, 0x00FE, 0x00FE, 0x00FE, 0x00FE, 0x00FE, 0x00FE,  /* 0xDEC8 */
  0x0100, 0x0100, 0x0100, 0x0100, 0x0100, 0x0100, 0x0100, 0x0100,  /* 0xDED0 */
  0x0104, 0x0104, 0x0104, 0x0104, 0x0104, 0x0104, 0x0104, 0x0104,  /* 0xDED8 */
  0x0106, 0x0106, 0x0106, 0x0106, 0x0106, 0x0106, 0x0106, 0x0106,  /* 0xDEE0 */
  0x0102, 0x0102, 0x0102, 0x0102, 0x0102, 0x0102, 0x0102, 0x0102,  /* 0xDEE8 */
  0x0115, 0x0115, 0x0115, 0x0115, 0x0115, 0x0115, 0x0115, 0x0115,  /* 0xDEF0 */
  0x0115, 0x0115, 0x0115, 0x0115, 0x0114, 0x03E1, 0x03E1, 0x03E1,  /* 0xDEF8 */
  0x0262, 0x0262, 0x0262, 0x0262, 0x0262, 0x0262, 0x0262, 0x0262,  /* 0xDF00 */
  0x0265, 0x0265, 0x0265, 0x0265, 0x0265, 0x0265, 0x0265, 0x0263,  /* 0xDF08 */
  0x0048, 0x0048, 0x0048, 0x0048, 0x0048, 0x0048, 0x0048, 0x0048,  /* 0xDF10 */
  0x0054, 0x0054, 0x0054, 0x0054, 0x0054, 0x0054, 0x0054, 0x0054,  /* 0xDF18 */
  0x004E, 0x004E, 0x004E, 0x004E, 0x004E, 0x004E, 0x004E, 0x004E,  /* 0xDF20 */
  0x005A, 0x005A, 0x005A, 0x005A, 0x005A, 0x005A, 0x005A, 0x005A,  /* 0xDF28 */
  0x00E6, 0x00E6, 0x00E6, 0x00E6, 0x00E6, 0x00E6, 0x00E6, 0x00E6,  /* 0xDF30 */
  0x003C, 0x0042, 0x03E1, 0x03E1, 0x03E1, 0x03E1, 0x03E1, 0x03E1,  /* 0xDF38 */
  0x0267, 0x0267, 0x0267, 0x0267, 0x0267, 0x0267, 0x0267, 0x0267,  /* 0xDF40 */
  0x0268, 0x0268, 0x0268, 0x0268, 0x0268, 0x0268, 0x0268, 0x0268,  /* 0xDF48 */
  0x004A, 0x004A, 0x004A, 0x004A, 0x004A, 0x004A, 0x004A, 0x004A,  /* 0xDF50 */
  0x0056, 0x0056, 0x0056, 0x0056, 0x0056, 0x0056, 0x0056, 0x0056,  /* 0xDF58 */
  0x0050, 0x0050, 0x0050, 0x0050, 0x0050, 0x0050, 0x0050, 0x0050,  /* 0xDF60 */
  0x005C, 0x005C, 0x005C, 0x005C, 0x005C, 0x005C, 0x005C, 0x005C,  /* 0xDF68 */
  0x00EE, 0x00EE, 0x00EE, 0x00EE, 0x00EE, 0x00EE, 0x00EE, 0x00EE,  /* 0xDF70 */
  0x003E, 0x0044, 0x03E1, 0x03E1, 0x03E1, 0x03E1, 0x03E1, 0x03E1,  /* 0xDF78 */
  0x0269, 0x0269, 0x0269, 0x0269, 0x0269, 0x0269, 0x0269, 0x0269,  /* 0xDF80 */
  0x026A, 0x026A, 0x026A, 0x026A, 0x026A, 0x026A, 0x026A, 0x026A,  /* 0xDF88 */
  0x004C, 0x004C, 0x004C, 0x004C, 0x004C, 0x004C, 0x004C, 0x004C,  /* 0xDF90 */
  0x0058, 0x0058, 0x0058, 0x0058, 0x0058, 0x0058, 0x0058, 0x0058,  /* 0xDF98 */
  0x0052, 0x0052, 0x0052, 0x0052, 0x0052, 0x0052, 0x0052, 0x0052,  /* 0xDFA0 */
  0x005E, 0x005E, 0x005E, 0x005E, 0x005E, 0x005E, 0x005E, 0x005E,  /* 0xDFA8 */
  0x00F6, 0x00F6, 0x00F6, 0x00F6, 0x00F6, 0x00F6, 0x00F6, 0x00F6,  /* 0xDFB0 */
  0x0040, 0x0046, 0x03E1, 0x03E1, 0x03E1, 0x03E1, 0x03E1, 0x03E1,  /* 0xDFB8 */
  0x00FD, 0x00FD, 0x00FD, 0x00FD, 0x00FD, 0x00FD, 0x00FD, 0x00FD,  /* 0xDFC0 */
  0x00FF, 0x00FF, 0x00FF, 0x00FF, 0x00FF, 0x00FF, 0x00FF, 0x00FF,  /* 0xDFC8 */
  0x0101, 0x0101, 0x0101, 0x0101, 0x0101, 0x0101, 0x0101, 0x0101,  /* 0xDFD0 */
  0x0105, 0x0105, 0x0105, 0x0105, 0x0105, 0x0105, 0x0105, 0x0105,  /* 0xDFD8 */
  0x0107, 0x0107, 0x0107, 0x0107, 0x0107, 0x0107, 0x0107, 0x0107,  /* 0xDFE0 */
  0x0103, 0x0103, 0x0103, 0x0103, 0x0103, 0x0103, 0x0103, 0x0103,  /* 0xDFE8 */
  0x0117, 0x0117, 0x0117, 0x0117, 0x0117, 0x0117, 0x0117, 0x0117,  /* 0xDFF0 */
  0x0117, 0x0117, 0x0117, 0x0117, 0x0116, 0x03E1, 0x03E1, 0x03E1,  /* 0xDFF8 */
  0x040E, 0x040E, 0x040E, 0x040E, 0x040E, 0x040E, 0x040E, 0x040E,  /* 0xE000 */
  0x0422, 0x0422, 0x0422, 0x0422, 0x0422, 0x0422, 0x0422, 0x0422,  /* 0xE008 */
  0x0663, 0x0663, 0x0663, 0x0663, 0x0663, 0x0663, 0x0663, 0x0663,  /* 0xE010 */
  0x064E, 0x064E, 0x064E, 0x064E, 0x064E, 0x064E, 0x064E, 0x064E,  /* 0xE018 */
  0x040C, 0x040C, 0x040C, 0x040C, 0x040C, 0x040C, 0x040C, 0x040C,  /* 0xE020 */
  0x0420, 0x0420, 0x0420, 0x0420, 0x0420, 0x0420, 0x0420, 0x0420,  /* 0xE028 */
  0x0662, 0x0662, 0x0662, 0x0662, 0x0662, 0x0662, 0x0662, 0x0662,  /* 0xE030 */
  0x064C, 0x064C, 0x064C, 0x064C, 0x064C, 0x064C, 0x064C, 0x064C,  /* 0xE038 */
  0x0414, 0x0414, 0x0414, 0x0414, 0x0414, 0x0414, 0x0414, 0x0414,  /* 0xE040 */
  0x0428, 0x0428, 0x0428, 0x0428, 0x0428, 0x0428, 0x0428, 0x0428,  /* 0xE048 */
  0x0666, 0x0666, 0x0666, 0x0666, 0x0666, 0x0666, 0x0666, 0x0666,  /* 0xE050 */
  0x0654, 0x0654, 0x0654, 0x0654, 0x0654, 0x0654, 0x0654, 0x0654,  /* 0xE058 */
  0x0412, 0x0412, 0x0412, 0x0412, 0x0412, 0x0412, 0x0412, 0x0412,  /* 0xE060 */
  0x0426, 0x0426, 0x0426, 0x0426, 0x0426, 0x0426, 0x0426, 0x0426,  /* 0xE068 */
  0x0665, 0x0665, 0x0665, 0x0665, 0x0665, 0x0665, 0x0665, 0x0665,  /* 0xE070 */
  0x0652, 0x0652, 0x0652, 0x0652, 0x0652, 0x0652, 0x0652, 0x0652,  /* 0xE078 */
  0x041A, 0x041A, 0x041A, 0x041A, 0x041A, 0x041A, 0x041A, 0x041A,  /* 0xE080 */
  0x042E, 0x042E, 0x042E, 0x042E, 0x042E, 0x042E, 0x042E, 0x042E,  /* 0xE088 */
  0x0669, 0x0669, 0x0669, 0x0669, 0x0669, 0x0669, 0x0669, 0x0669,  /* 0xE090 */
  0x065A, 0x065A, 0x065A, 0x065A, 0x065A, 0x065A, 0x065A, 0x065A,  /* 0xE098 */
  0x0418, 0x0418, 0x0418, 0x0418, 0x0418, 0x0418, 0x0418, 0x0418,  /* 0xE0A0 */
  0x042C, 0x042C, 0x042C, 0x042C, 0x042C, 0x042C, 0x042C, 0x042C,  /* 0xE0A8 */
  0x0668, 0x0668, 0x0668, 0x0668, 0x0668, 0x0668, 0x0668, 0x0668,  /* 0xE0B0 */
  0x0658, 0x0658, 0x0658, 0x0658, 0x0658, 0x0658, 0x0658, 0x0658,  /* 0xE0B8 */
  0x03E1, 0x03E1, 0x03E1, 0x03E1, 0x03E1, 0x03E1, 0x03E1, 0x03E1,  /* 0xE0C0 */
  0x03E1, 0x03E1, 0x03E1, 0x03E1, 0x03E1, 0x03E1, 0x03E1, 0x03E1,  /* 0xE0C8 */
  0x040A, 0x040A, 0x040A, 0x040A, 0x040A, 0x040A, 0x040A, 0x040A,  /* 0xE0D0 */
  0x040A, 0x040A, 0x040A, 0x040A, 0x040A, 0x040A, 0x040A, 0x040A,  /* 0xE0D8 */
  0x040A, 0x040A, 0x040A, 0x040A, 0x040A, 0x040A, 0x040A, 0x040A,  /* 0xE0E0 */
  0x040A, 0x040A, 0x040A, 0x040A, 0x040A, 0x040A, 0x040A, 0x040A,  /* 0xE0E8 */
  0x040A, 0x040A, 0x040A, 0x040A, 0x040A, 0x040A, 0x040A, 0x040A,  /* 0xE0F0 */
  0x040A, 0x040A, 0x03E1, 0x03E1, 0x03E1, 0x03E1, 0x03E1, 0x03E1,  /* 0xE0F8 */
  0x03E6, 0x03E6, 0x03E6, 0x03E6, 0x03E6, 0x03E6, 0x03E6, 0x03E6,  /* 0xE100 */
  0x03FA, 0x03FA, 0x03FA, 0x03FA, 0x03FA, 0x03FA, 0x03FA, 0x03FA,  /* 0xE108 */
  0x0671, 0x0671, 0x0671, 0x0671, 0x0671, 0x0671, 0x0671, 0x0671,  /* 0xE110 */
  0x063C, 0x063C, 0x063C, 0x063C, 0x063C, 0x063C, 0x063C, 0x063C,  /* 0xE118 */
  0x03E4, 0x03E4, 0x03E4, 0x03E4, 0x03E4, 0x03E4, 0x03E4, 0x03E4,  /* 0xE120 */
  0x03F8, 0x03F8, 0x03F8, 0x03F8, 0x03F8, 0x03F8, 0x03F8, 0x03F8,  /* 0xE128 */
  0x0670, 0x0670, 0x0670, 0x0670, 0x0670, 0x0670, 0x0670, 0x0670,  /* 0xE130 */
  0x063A, 0x063A, 0x063A, 0x063A, 0x063A, 0x063A, 0x063A, 0x063A,  /* 0xE138 */
  0x03EC, 0x03EC, 0x03EC, 0x03EC, 0x03EC, 0x03EC, 0x03EC, 0x03EC,  /* 0xE140 */
  0x0400, 0x0400, 0x0400, 0x0400, 0x0400, 0x0400, 0x0400, 0x0400,  /* 0xE148 */
  0x0674, 0x0674, 0x0674, 0x0674, 0x0674, 0x0674, 0x0674, 0x0674,  /* 0xE150 */
  0x0642, 0x0642, 0x0642, 0x0642, 0x0642, 0x0642, 0x0642, 0x0642,  /* 0xE158 */
  0x03EA, 0x03EA, 0x03EA, 0x03EA, 0x03EA, 0x03EA, 0x03EA, 0x03EA,  /* 0xE160 */
  0x03FE, 0x03FE, 0x03FE, 0x03FE, 0x03FE, 0x03FE, 0x03FE, 0x03FE,  /* 0xE168 */
  0x0673, 0x0673, 0x0673, 0x0673, 0x0673, 0x0673, 0x0673, 0x0673,  /* 0xE170 */
  0x0640, 0x0640, 0x0640, 0x0640, 0x0640, 0x0640, 0x0640, 0x0640,  /* 0xE178 */
  0x03F2, 0x03F2, 0x03F2, 0x03F2, 0x03F2, 0x03F2, 0x03F2, 0x03F2,  /* 0xE180 */
  0x0406, 0x0406, 0x0406, 0x0406, 0x0406, 0x0406, 0x0406, 0x0406,  /* 0xE188 */
  0x066C, 0x066C, 0x066C, 0x066C, 0x066C, 0x066C, 0x066C, 0x066C,  /* 0xE190 */
  0x0648, 0x0648, 0x0648, 0x0648, 0x0648, 0x0648, 0x0648, 0x0648,  /* 0xE198 */
  0x03F0, 0x03F0, 0x03F0, 0x03F0, 0x03F0, 0x03F0, 0x03F0, 0x03F0,  /* 0xE1A0 */
  0x0404, 0x0404, 0x0404, 0x0404, 0x0404, 0x0404, 0x0404, 0x0404,  /* 0xE1A8 */
  0x066B, 0x066B, 0x066B, 0x066B, 0x066B, 0x066B, 0x066B, 0x066B,  /* 0xE1B0 */
  0x0646, 0x0646, 0x0646, 0x0646, 0x0646, 0x0646, 0x0646, 0x0646,  /* 0xE1B8 */
  0x03E1, 0x03E1, 0x03E1, 0x03E1, 0x03E1, 0x03E1, 0x03E1, 0x03E1,  /* 0xE1C0 */
  0x03E1, 0x03E1, 0x03E1, 0x03E1, 0x03E1, 0x03E1, 0x03E1, 0x03E1,  /* 0xE1C8 */
  0x03E2, 0x03E2, 0x03E2, 0x03E2, 0x03E2, 0x03E2, 0x03E2, 0x03E2,  /* 0xE1D0 */
  0x03E2, 0x03E2, 0x03E2, 0x03E2, 0x03E2, 0x03E2, 0x03E2, 0x03E2,  /* 0xE1D8 */
  0x03E2, 0x03E2, 0x03E2, 0x03E2, 0x03E2, 0x03E2, 0x03E2, 0x03E2,  /* 0xE1E0 */
  0x03E2, 0x03E2, 0x03E2, 0x03E2, 0x03E2, 0x03E2, 0x03E2, 0x03E2,  /* 0xE1E8 */
  0x03E2, 0x03E2, 0x03E2, 0x03E2, 0x03E2, 0x03E2, 0x03E2, 0x03E2,  /* 0xE1F0 */
  0x03E2, 0x03E2, 0x03E1, 0x03E1, 0x03E1, 0x03E1, 0x03E1, 0x03E1,  /* 0xE1F8 */
  0x0410, 0x0410, 0x0410, 0x0410, 0x0410, 0x0410, 0x0410, 0x0410,  /* 0xE200 */
  0x0424, 0x0424, 0x0424, 0x0424, 0x0424, 0x0424, 0x0424, 0x0424,  /* 0xE208 */
  0x0664, 0x0664, 0x0664, 0x0664, 0x0664, 0x0664, 0x0664, 0x0664,  /* 0xE210 */
  0x0650, 0x0650, 0x0650, 0x0650, 0x0650, 0x0650, 0x0650, 0x0650,  /* 0xE218 */
  0x040C, 0x040C, 0x040C, 0x040C, 0x040C, 0x040C, 0x040C, 0x040C,  /* 0xE220 */
  0x0420, 0x0420, 0x0420, 0x0420, 0x0420, 0x0420, 0x0420, 0x0420,  /* 0xE228 */
  0x0662, 0x0662, 0x0662, 0x0662, 0x0662, 0x0662, 0x0662, 0x0662,  /* 0xE230 */
  0x064C, 0x064C, 0x064C, 0x064C, 0x064C, 0x064C, 0x064C, 0x064C,  /* 0xE238 */
  0x0416, 0x0416, 0x0416, 0x0416, 0x0416, 0x0416, 0x0416, 0x0416,  /* 0xE240 */
  0x042A, 0x042A, 0x042A, 0x042A, 0x042A, 0x042A, 0x042A, 0x042A,  /* 0xE248 */
  0x0667, 0x0667, 0x0667, 0x0667, 0x0667, 0x0667, 0x0667, 0x0667,  /* 0xE250 */
  0x0656, 0x0656, 0x0656, 0x0656, 0x0656, 0x0656, 0x0656, 0x0656,  /* 0xE258 */
  0x0412, 0x0412, 0x0412, 0x0412, 0x0412, 0x0412, 0x0412, 0x0412,  /* 0xE260 */
  0x0426, 0x0426, 0x0426, 0x0426, 0x0426, 0x0426, 0x0426, 0x0426,  /* 0xE268 */
  0x0665, 0x0665, 0x0665, 0x0665, 0x0665, 0x0665, 0x0665, 0x0665,  /* 0xE270 */
  0x0652, 0x0652, 0x0652, 0x0652, 0x0652, 0x0652, 0x0652, 0x0652,  /* 0xE278 */
  0x041C, 0x041C, 0x041C, 0x041C, 0x041C, 0x041C, 0x041C, 0x041C,  /* 0xE280 */
  0x0430, 0x0430, 0x0430, 0x0430, 0x0430, 0x0430, 0x0430, 0x0430,  /* 0xE288 */
  0x066A, 0x066A, 0x066A, 0x066A, 0x066A, 0x066A, 0x066A, 0x066A,  /* 0xE290 */
  0x065C, 0x065C, 0x065C, 0x065C, 0x065C, 0x065C, 0x065C, 0x065C,  /* 0xE298 */
  0x0418, 0x0418, 0x0418, 0x0418, 0x0418, 0x0418, 0x0418, 0x0418,  /* 0xE2A0 */
  0x042C, 0x042C, 0x042C, 0x042C, 0x042C, 0x042C, 0x042C, 0x042C,  /* 0xE2A8 */
  0x0668, 0x0668, 0x0668, 0x0668, 0x0668, 0x0668, 0x0668, 0x0668,  /* 0xE2B0 */
  0x0658, 0x0658, 0x0658, 0x0658, 0x0658, 0x0658, 0x0658, 0x0658,  /* 0xE2B8 */
  0x03E1, 0x03E1, 0x03E1, 0x03E1, 0x03E1, 0x03E1, 0x03E1, 0x03E1,  /* 0xE2C0 */
  0x03E1, 0x03E1, 0x03E1, 0x03E1, 0x03E1, 0x03E1, 0x03E1, 0x03E1,  /* 0xE2C8 */
  0x041E, 0x041E, 0x041E, 0x041E, 0x041E, 0x041E, 0x041E, 0x041E,  /* 0xE2D0 */
  0x041E, 0x041E, 0x041E, 0x041E, 0x041E, 0x041E, 0x041E, 0x041E,  /* 0xE2D8 */
  0x041E, 0x041E, 0x041E, 0x041E, 0x041E, 0x041E, 0x041E, 0x041E,  /* 0xE2E0 */
  0x041E, 0x041E, 0x041E, 0x041E, 0x041E, 0x041E, 0x041E, 0x041E,  /* 0xE2E8 */
  0x041E, 0x041E, 0x041E, 0x041E, 0x041E, 0x041E, 0x041E, 0x041E,  /* 0xE2F0 */
  0x041E, 0x041E, 0x03E1, 0x03E1, 0x03E1, 0x03E1, 0x03E1, 0x03E1,  /* 0xE2F8 */
  0x03E8, 0x03E8, 0x03E8, 0x03E8, 0x03E8, 0x03E8, 0x03E8, 0x03E8,  /* 0xE300 */
  0x03FC, 0x03FC, 0x03FC, 0x03FC, 0x03FC, 0x03FC, 0x03FC, 0x03FC,  /* 0xE308 */
  0x0672, 0x0672, 0x0672, 0x0672, 0x0672, 0x0672, 0x0672, 0x0672,  /* 0xE310 */
  0x063E, 0x063E, 0x063E, 0x063E, 0x063E, 0x063E, 0x063E, 0x063E,  /* 0xE318 */
  0x03E4, 0x03E4, 0x03E4, 0x03E4, 0x03E4, 0x03E4, 0x03E4, 0x03E4,  /* 0xE320 */
  0x03F8, 0x03F8, 0x03F8, 0x03F8, 0x03F8, 0x03F8, 0x03F8, 0x03F8,  /* 0xE328 */
  0x0670, 0x0670, 0x0670, 0x0670, 0x0670, 0x0670, 0x0670, 0x0670,  /* 0xE330 */
  0x063A, 0x063A, 0x063A, 0x063A, 0x063A, 0x063A, 0x063A, 0x063A,  /* 0xE338 */
  0x03EE, 0x03EE, 0x03EE, 0x03EE, 0x03EE, 0x03EE, 0x03EE, 0x03EE,  /* 0xE340 */
  0x0402, 0x0402, 0x0402, 0x0402, 0x0402, 0x0402, 0x0402, 0x0402,  /* 0xE348 */
  0x0675, 0x0675, 0x0675, 0x0675, 0x0675, 0x0675, 0x0675, 0x0675,  /* 0xE350 */
  0x0644, 0x0644, 0x0644, 0x0644, 0x0644, 0x0644, 0x0644, 0x0644,  /* 0xE358 */
  0x03EA, 0x03EA, 0x03EA, 0x03EA, 0x03EA, 0x03EA, 0x03EA, 0x03EA,  /* 0xE360 */
  0x03FE, 0x03FE, 0x03FE, 0x03FE, 0x03FE, 0x03FE, 0x03FE, 0x03FE,  /* 0xE368 */
  0x0673, 0x0673, 0x0673, 0x0673, 0x0673, 0x0673, 0x0673, 0x0673,  /* 0xE370 */
  0x0640, 0x0640, 0x0640, 0x0640, 0x0640, 0x0640, 0x0640, 0x0640,  /* 0xE378 */
  0x03F4, 0x03F4, 0x03F4, 0x03F4, 0x03F4, 0x03F4, 0x03F4, 0x03F4,  /* 0xE380 */
  0x0408, 0x0408, 0x0408, 0x0408, 0x0408, 0x0408, 0x0408, 0x0408,  /* 0xE388 */
  0x066D, 0x066D, 0x066D, 0x066D, 0x066D, 0x066D, 0x066D, 0x066D,  /* 0xE390 */
  0x064A, 0x064A, 0x064A, 0x064A, 0x064A, 0x064A, 0x064A, 0x064A,  /* 0xE398 */
  0x03F0, 0x03F0, 0x03F0, 0x03F0, 0x03F0, 0x03F0, 0x03F0, 0x03F0,  /* 0xE3A0 */
  0x0404, 0x0404, 0x0404, 0x0404, 0x0404, 0x0404, 0x0404, 0x0404,  /* 0xE3A8 */
  0x066B, 0x066B, 0x066B, 0x066B, 0x066B, 0x066B, 0x066B, 0x066B,  /* 0xE3B0 */
  0x0646, 0x0646, 0x0646, 0x0646, 0x0646, 0x0646, 0x0646, 0x0646,  /* 0xE3B8 */
  0x03E1, 0x03E1, 0x03E1, 0x03E1, 0x03E1, 0x03E1, 0x03E1, 0x03E1,  /* 0xE3C0 */
  0x03E1, 0x03E1, 0x03E1, 0x03E1, 0x03E1, 0x03E1, 0x03E1, 0x03E1,  /* 0xE3C8 */
  0x03F6, 0x03F6, 0x03F6, 0x03F6, 0x03F6, 0x03F6, 0x03F6, 0x03F6,  /* 0xE3D0 */
  0x03F6, 0x03F6, 0x03F6, 0x03F6, 0x03F6, 0x03F6, 0x03F6, 0x03F6,  /* 0xE3D8 */
  0x03F6, 0x03F6, 0x03F6, 0x03F6, 0x03F6, 0x03F6, 0x03F6, 0x03F6,  /* 0xE3E0 */
  0x03F6, 0x03F6, 0x03F6, 0x03F6, 0x03F6, 0x03F6, 0x03F6, 0x03F6,  /* 0xE3E8 */
  0x03F6, 0x03F6, 0x03F6, 0x03F6, 0x03F6, 0x03F6, 0x03F6, 0x03F6,  /* 0xE3F0 */
  0x03F6, 0x03F6, 0x03E1, 0x03E1, 0x03E1, 0x03E1, 0x03E1, 0x03E1,  /* 0xE3F8 */
  0x0410, 0x0410, 0x0410, 0x0410, 0x0410, 0x0410, 0x0410, 0x0410,  /* 0xE400 */
  0x0424, 0x0424, 0x0424, 0x0424, 0x0424, 0x0424, 0x0424, 0x0424,  /* 0xE408 */
  0x0664, 0x0664, 0x0664, 0x0664, 0x0664, 0x0664, 0x0664, 0x0664,  /* 0xE410 */
  0x0650, 0x0650, 0x0650, 0x0650, 0x0650, 0x0650, 0x0650, 0x0650,  /* 0xE418 */
  0x040C, 0x040C, 0x040C, 0x040C, 0x040C, 0x040C, 0x040C, 0x040C,  /* 0xE420 */
  0x0420, 0x0420, 0x0420, 0x0420, 0x0420, 0x0420, 0x0420, 0x0420,  /* 0xE428 */
  0x0662, 0x0662, 0x0662, 0x0662, 0x0662, 0x0662, 0x0662, 0x0662,  /* 0xE430 */
  0x064C, 0x064C, 0x064C, 0x064C, 0x064C, 0x064C, 0x064C, 0x064C,  /* 0xE438 */
  0x0416, 0x0416, 0x0416, 0x0416, 0x0416, 0x0416, 0x0416, 0x0416,  /* 0xE440 */
  0x042A, 0x042A, 0x042A, 0x042A, 0x042A, 0x042A, 0x042A, 0x042A,  /* 0xE448 */
  0x0667, 0x0667, 0x0667, 0x0667, 0x0667, 0x0667, 0x0667, 0x0667,  /* 0xE450 */
  0x0656, 0x0656, 0x0656, 0x0656, 0x0656, 0x0656, 0x0656, 0x0656,  /* 0xE458 */
  0x0412, 0x0412, 0x0412, 0x0412, 0x0412, 0x0412, 0x0412, 0x0412,  /* 0xE460 */
  0x0426, 0x0426, 0x0426, 0x0426, 0x0426, 0x0426, 0x0426, 0x0426,  /* 0xE468 */
  0x0665, 0x0665, 0x0665, 0x0665, 0x0665, 0x0665, 0x0665, 0x0665,  /* 0xE470 */
  0x0652, 0x0652, 0x0652, 0x0652, 0x0652, 0x0652, 0x0652, 0x0652,  /* 0xE478 */
  0x041C, 0x041C, 0x041C, 0x041C, 0x041C, 0x041C, 0x041C, 0x041C,  /* 0xE480 */
  0x0430, 0x0430, 0x0430, 0x0430, 0x0430, 0x0430, 0x0430, 0x0430,  /* 0xE488 */
  0x066A, 0x066A, 0x066A, 0x066A, 0x066A, 0x066A, 0x066A, 0x066A,  /* 0xE490 */
  0x065C, 0x065C, 0x065C, 0x065C, 0x065C, 0x065C, 0x065C, 0x065C,  /* 0xE498 */
  0x0418, 0x0418, 0x0418, 0x0418, 0x0418, 0x0418, 0x0418, 0x0418,  /* 0xE4A0 */
  0x042C, 0x042C, 0x042C, 0x042C, 0x042C, 0x042C, 0x042C, 0x042C,  /* 0xE4A8 */
  0x0668, 0x0668, 0x0668, 0x0668, 0x0668, 0x0668, 0x0668, 0x0668,  /* 0xE4B0 */
  0x0658, 0x0658, 0x0658, 0x0658, 0x0658, 0x0658, 0x0658, 0x0658,  /* 0xE4B8 */
  0x066E, 0x066E, 0x066E, 0x066E, 0x066E, 0x066E, 0x066E, 0x066E,  /* 0xE4C0 */
  0x03E1, 0x03E1, 0x03E1, 0x03E1, 0x03E1, 0x03E1, 0x03E1, 0x03E1,  /* 0xE4C8 */
  0x066F, 0x066F, 0x066F, 0x066F, 0x066F, 0x066F, 0x066F, 0x066F,  /* 0xE4D0 */
  0x066F, 0x066F, 0x066F, 0x066F, 0x066F, 0x066F, 0x066F, 0x066F,  /* 0xE4D8 */
  0x066F, 0x066F, 0x066F, 0x066F, 0x066F, 0x066F, 0x066F, 0x066F,  /* 0xE4E0 */
  0x066F, 0x066F, 0x066F, 0x066F, 0x066F, 0x066F, 0x066F, 0x066F,  /* 0xE4E8 */
  0x066F, 0x066F, 0x066F, 0x066F, 0x066F, 0x066F, 0x066F, 0x066F,  /* 0xE4F0 */
  0x066F, 0x066F, 0x03E1, 0x03E1, 0x03E1, 0x03E1, 0x03E1, 0x03E1,  /* 0xE4F8 */
  0x03E8, 0x03E8, 0x03E8, 0x03E8, 0x03E8, 0x03E8, 0x03E8, 0x03E8,  /* 0xE500 */
  0x03FC, 0x03FC, 0x03FC, 0x03FC, 0x03FC, 0x03FC, 0x03FC, 0x03FC,  /* 0xE508 */
  0x0672, 0x0672, 0x0672, 0x0672, 0x0672, 0x0672, 0x0672, 0x0672,  /* 0xE510 */
  0x063E, 0x063E, 0x063E, 0x063E, 0x063E, 0x063E, 0x063E, 0x063E,  /* 0xE518 */
  0x03E4, 0x03E4, 0x03E4, 0x03E4, 0x03E4, 0x03E4, 0x03E4, 0x03E4,  /* 0xE520 */
  0x03F8, 0x03F8, 0x03F8, 0x03F8, 0x03F8, 0x03F8, 0x03F8, 0x03F8,  /* 0xE528 */
  0x0670, 0x0670, 0x0670, 0x0670, 0x0670, 0x0670, 0x0670, 0x0670,  /* 0xE530 */
  0x063A, 0x063A, 0x063A, 0x063A, 0x063A, 0x063A, 0x063A, 0x063A,  /* 0xE538 */
  0x03EE, 0x03EE, 0x03EE, 0x03EE, 0x03EE, 0x03EE, 0x03EE, 0x03EE,  /* 0xE540 */
  0x0402, 0x0402, 0x0402, 0x0402, 0x0402, 0x0402, 0x0402, 0x0402,  /* 0xE548 */
  0x0675, 0x0675, 0x0675, 0x0675, 0x0675, 0x0675, 0x0675, 0x0675,  /* 0xE550 */
  0x0644, 0x0644, 0x0644, 0x0644, 0x0644, 0x0644, 0x0644, 0x0644,  /* 0xE558 */
  0x03EA, 0x03EA, 0x03EA, 0x03EA, 0x03EA, 0x03EA, 0x03EA, 0x03EA,  /* 0xE560 */
  0x03FE, 0x03FE, 0x03FE, 0x03FE, 0x03FE, 0x03FE, 0x03FE, 0x03FE,  /* 0xE568 */
  0x0673, 0x0673, 0x0673, 0x0673, 0x0673, 0x0673, 0x0673, 0x0673,  /* 0xE570 */
  0x0640, 0x0640, 0x0640, 0x0640, 0x0640, 0x0640, 0x0640, 0x0640,  /* 0xE578 */
  0x03F4, 0x03F4, 0x03F4, 0x03F4, 0x03F4, 0x03F4, 0x03F4, 0x03F4,  /* 0xE580 */
  0x0408, 0x0408, 0x0408, 0x0408, 0x0408, 0x0408, 0x0408, 0x0408,  /* 0xE588 */
  0x066D, 0x066D, 0x066D, 0x066D, 0x066D, 0x066D, 0x066D, 0x066D,  /* 0xE590 */
  0x064A, 0x064A, 0x064A, 0x064A, 0x064A, 0x064A, 0x064A, 0x064A,  /* 0xE598 */
  0x03F0, 0x03F0, 0x03F0, 0x03F0, 0x03F0, 0x03F0, 0x03F0, 0x03F0,  /* 0xE5A0 */
  0x0404, 0x0404, 0x0404, 0x0404, 0x0404, 0x0404, 0x0404, 0x0404,  /* 0xE5A8 */
  0x066B, 0x066B, 0x066B, 0x066B, 0x066B, 0x066B, 0x066B, 0x066B,  /* 0xE5B0 */
  0x0646, 0x0646, 0x0646, 0x0646, 0x0646, 0x0646, 0x0646, 0x0646,  /* 0xE5B8 */
  0x0676, 0x0676, 0x0676, 0x0676, 0x0676, 0x0676, 0x0676, 0x0676,  /* 0xE5C0 */
  0x03E1, 0x03E1, 0x03E1, 0x03E1, 0x03E1, 0x03E1, 0x03E1, 0x03E1,  /* 0xE5C8 */
  0x0677, 0x0677, 0x0677, 0x0677, 0x0677, 0x0677, 0x0677, 0x0677,  /* 0xE5D0 */
  0x0677, 0x0677, 0x0677, 0x0677, 0x0677, 0x0677, 0x0677, 0x0677,  /* 0xE5D8 */
  0x0677, 0x0677, 0x0677, 0x0677, 0x0677, 0x0677, 0x0677, 0x0677,  /* 0xE5E0 */
  0x0677, 0x0677, 0x0677, 0x0677, 0x0677, 0x0677, 0x0677, 0x0677,  /* 0xE5E8 */
  0x0677, 0x0677, 0x0677, 0x0677, 0x0677, 0x0677, 0x0677, 0x0677,  /* 0xE5F0 */
  0x0677, 0x0677, 0x03E1, 0x03E1, 0x03E1, 0x03E1, 0x03E1, 0x03E1,  /* 0xE5F8 */
  0x0410, 0x0410, 0x0410, 0x0410, 0x0410, 0x0410, 0x0410, 0x0410,  /* 0xE600 */
  0x0424, 0x0424, 0x0424, 0x0424, 0x0424, 0x0424, 0x0424, 0x0424,  /* 0xE608 */
  0x0664, 0x0664, 0x0664, 0x0664, 0x0664, 0x0664, 0x0664, 0x0664,  /* 0xE610 */
  0x0650, 0x0650, 0x0650, 0x0650, 0x0650, 0x0650, 0x0650, 0x0650,  /* 0xE618 */
  0x040C, 0x040C, 0x040C, 0x040C, 0x040C, 0x040C, 0x040C, 0x040C,  /* 0xE620 */
  0x0420, 0x0420, 0x0420, 0x0420, 0x0420, 0x0420, 0x0420, 0x0420,  /* 0xE628 */
  0x0662, 0x0662, 0x0662, 0x0662, 0x0662, 0x0662, 0x0662, 0x0662,  /* 0xE630 */
  0x064C, 0x064C, 0x064C, 0x064C, 0x064C, 0x064C, 0x064C, 0x064C,  /* 0xE638 */
  0x0416, 0x0416, 0x0416, 0x0416, 0x0416, 0x0416, 0x0416, 0x0416,  /* 0xE640 */
  0x042A, 0x042A, 0x042A, 0x042A, 0x042A, 0x042A, 0x042A, 0x042A,  /* 0xE648 */
  0x0667, 0x0667, 0x0667, 0x0667, 0x0667, 0x0667, 0x0667, 0x0667,  /* 0xE650 */
  0x0656, 0x0656, 0x0656, 0x0656, 0x0656, 0x0656, 0x0656, 0x0656,  /* 0xE658 */
  0x0412, 0x0412, 0x0412, 0x0412, 0x0412, 0x0412, 0x0412, 0x0412,  /* 0xE660 */
  0x0426, 0x0426, 0x0426, 0x0426, 0x0426, 0x0426, 0x0426, 0x0426,  /* 0xE668 */
  0x0665, 0x0665, 0x0665, 0x0665, 0x0665, 0x0665, 0x0665, 0x0665,  /* 0xE670 */
  0x0652, 0x0652, 0x0652, 0x0652, 0x0652, 0x0652, 0x0652, 0x0652,  /* 0xE678 */
  0x041C, 0x041C, 0x041C, 0x041C, 0x041C, 0x041C, 0x041C, 0x041C,  /* 0xE680 */
  0x0430, 0x0430, 0x0430, 0x0430, 0x0430, 0x0430, 0x0430, 0x0430,  /* 0xE688 */
  0x066A, 0x066A, 0x066A, 0x066A, 0x066A, 0x066A, 0x066A, 0x066A,  /* 0xE690 */
  0x065C, 0x065C, 0x065C, 0x065C, 0x065C, 0x065C, 0x065C, 0x065C,  /* 0xE698 */
  0x0418, 0x0418, 0x0418, 0x0418, 0x0418, 0x0418, 0x0418, 0x0418,  /* 0xE6A0 */
  0x042C, 0x042C, 0x042C, 0x042C, 0x042C, 0x042C, 0x042C, 0x042C,  /* 0xE6A8 */
  0x0668, 0x0668, 0x0668, 0x0668, 0x0668, 0x0668, 0x0668, 0x0668,  /* 0xE6B0 */
  0x0658, 0x0658, 0x0658, 0x0658, 0x0658, 0x0658, 0x0658, 0x0658,  /* 0xE6B8 */
  0x0660, 0x0660, 0x0660, 0x0660, 0x0660, 0x0660, 0x0660, 0x0660,  /* 0xE6C0 */
  0x03E1, 0x03E1, 0x03E1, 0x03E1, 0x03E1, 0x03E1, 0x03E1, 0x03E1,  /* 0xE6C8 */
  0x0661, 0x0661, 0x0661, 0x0661, 0x0661, 0x0661, 0x0661, 0x0661,  /* 0xE6D0 */
  0x0661, 0x0661, 0x0661, 0x0661, 0x0661, 0x0661, 0x0661, 0x0661,  /* 0xE6D8 */
  0x0661, 0x0661, 0x0661, 0x0661, 0x0661, 0x0661, 0x0661, 0x0661,  /* 0xE6E0 */
  0x0661, 0x0661, 0x0661, 0x0661, 0x0661, 0x0661, 0x0661, 0x0661,  /* 0xE6E8 */
  0x0661, 0x0661, 0x0661, 0x0661, 0x0661, 0x0661, 0x0661, 0x0661,  /* 0xE6F0 */
  0x0661, 0x0661, 0x03E1, 0x03E1, 0x03E1, 0x03E1, 0x03E1, 0x03E1,  /* 0xE6F8 */
  0x03E8, 0x03E8, 0x03E8, 0x03E8, 0x03E8, 0x03E8, 0x03E8, 0x03E8,  /* 0xE700 */
  0x03FC, 0x03FC, 0x03FC, 0x03FC, 0x03FC, 0x03FC, 0x03FC, 0x03FC,  /* 0xE708 */
  0x0672, 0x0672, 0x0672, 0x0672, 0x0672, 0x0672, 0x0672, 0x0672,  /* 0xE710 */
  0x063E, 0x063E, 0x063E, 0x063E, 0x063E, 0x063E, 0x063E, 0x063E,  /* 0xE718 */
  0x03E4, 0x03E4, 0x03E4, 0x03E4, 0x03E4, 0x03E4, 0x03E4, 0x03E4,  /* 0xE720 */
  0x03F8, 0x03F8, 0x03F8, 0x03F8, 0x03F8, 0x03F8, 0x03F8, 0x03F8,  /* 0xE728 */
  0x0670, 0x0670, 0x0670, 0x0670, 0x0670, 0x0670, 0x0670, 0x0670,  /* 0xE730 */
  0x063A, 0x063A, 0x063A, 0x063A, 0x063A, 0x063A, 0x063A, 0x063A,  /* 0xE738 */
  0x03EE, 0x03EE, 0x03EE, 0x03EE, 0x03EE, 0x03EE, 0x03EE, 0x03EE,  /* 0xE740 */
  0x0402, 0x0402, 0x0402, 0x0402, 0x0402, 0x0402, 0x0402, 0x0402,  /* 0xE748 */
  0x0675, 0x0675, 0x0675, 0x0675, 0x0675, 0x0675, 0x0675, 0x0675,  /* 0xE750 */
  0x0644, 0x0644, 0x0644, 0x0644, 0x0644, 0x0644, 0x0644, 0x0644,  /* 0xE758 */
  0x03EA, 0x03EA, 0x03EA, 0x03EA, 0x03EA, 0x03EA, 0x03EA, 0x03EA,  /* 0xE760 */
  0x03FE, 0x03FE, 0x03FE, 0x03FE, 0x03FE, 0x03FE, 0x03FE, 0x03FE,  /* 0xE768 */
  0x0673, 0x0673, 0x0673, 0x0673, 0x0673, 0x0673, 0x0673, 0x0673,  /* 0xE770 */
  0x0640, 0x0640, 0x0640, 0x0640, 0x0640, 0x0640, 0x0640, 0x0640,  /* 0xE778 */
  0x03F4, 0x03F4, 0x03F4, 0x03F4, 0x03F4, 0x03F4, 0x03F4, 0x03F4,  /* 0xE780 */
  0x0408, 0x0408, 0x0408, 0x0408, 0x0408, 0x0408, 0x0408, 0x0408,  /* 0xE788 */
  0x066D, 0x066D, 0x066D, 0x066D, 0x066D, 0x066D, 0x066D, 0x066D,  /* 0xE790 */
  0x064A, 0x064A, 0x064A, 0x064A, 0x064A, 0x064A, 0x064A, 0x064A,  /* 0xE798 */
  0x03F0, 0x03F0, 0x03F0, 0x03F0, 0x03F0, 0x03F0, 0x03F0, 0x03F0,  /* 0xE7A0 */
  0x0404, 0x0404, 0x0404, 0x0404, 0x0404, 0x0404, 0x0404, 0x0404,  /* 0xE7A8 */
  0x066B, 0x066B, 0x066B, 0x066B, 0x066B, 0x066B, 0x066B, 0x066B,  /* 0xE7B0 */
  0x0646, 0x0646, 0x0646, 0x0646, 0x0646, 0x0646, 0x0646, 0x0646,  /* 0xE7B8 */
  0x065E, 0x065E, 0x065E, 0x065E, 0x065E, 0x065E, 0x065E, 0x065E,  /* 0xE7C0 */
  0x03E1, 0x03E1, 0x03E1, 0x03E1, 0x03E1, 0x03E1, 0x03E1, 0x03E1,  /* 0xE7C8 */
  0x065F, 0x065F, 0x065F, 0x065F, 0x065F, 0x065F, 0x065F, 0x065F,  /* 0xE7D0 */
  0x065F, 0x065F, 0x065F, 0x065F, 0x065F, 0x065F, 0x065F, 0x065F,  /* 0xE7D8 */
  0x065F, 0x065F, 0x065F, 0x065F, 0x065F, 0x065F, 0x065F, 0x065F,  /* 0xE7E0 */
  0x065F, 0x065F, 0x065F, 0x065F, 0x065F, 0x065F, 0x065F, 0x065F,  /* 0xE7E8 */
  0x065F, 0x065F, 0x065F, 0x065F, 0x065F, 0x065F, 0x065F, 0x065F,  /* 0xE7F0 */
  0x065F, 0x065F, 0x03E1, 0x03E1, 0x03E1, 0x03E1, 0x03E1, 0x03E1,  /* 0xE7F8 */
  0x0410, 0x0410, 0x0410, 0x0410, 0x0410, 0x0410, 0x0410, 0x0410,  /* 0xE800 */
  0x0424, 0x0424, 0x0424, 0x0424, 0x0424, 0x0424, 0x0424, 0x0424,  /* 0xE808 */
  0x0664, 0x0664, 0x0664, 0x0664, 0x0664, 0x0664, 0x0664, 0x0664,  /* 0xE810 */
  0x0650, 0x0650, 0x0650, 0x0650, 0x0650, 0x0650, 0x0650, 0x0650,  /* 0xE818 */
  0x040C, 0x040C, 0x040C, 0x040C, 0x040C, 0x040C, 0x040C, 0x040C,  /* 0xE820 */
  0x0420, 0x0420, 0x0420, 0x0420, 0x0420, 0x0420, 0x0420, 0x0420,  /* 0xE828 */
  0x0662, 0x0662, 0x0662, 0x0662, 0x0662, 0x0662, 0x0662, 0x0662,  /* 0xE830 */
  0x064C, 0x064C, 0x064C, 0x064C, 0x064C, 0x064C, 0x064C, 0x064C,  /* 0xE838 */
  0x0416, 0x0416, 0x0416, 0x0416, 0x0416, 0x0416, 0x0416, 0x0416,  /* 0xE840 */
  0x042A, 0x042A, 0x042A, 0x042A, 0x042A, 0x042A, 0x042A, 0x042A,  /* 0xE848 */
  0x0667, 0x0667, 0x0667, 0x0667, 0x0667, 0x0667, 0x0667, 0x0667,  /* 0xE850 */
  0x0656, 0x0656, 0x0656, 0x0656, 0x0656, 0x0656, 0x0656, 0x0656,  /* 0xE858 */
  0x0412, 0x0412, 0x0412, 0x0412, 0x0412, 0x0412, 0x0412, 0x0412,  /* 0xE860 */
  0x0426, 0x0426, 0x0426, 0x0426, 0x0426, 0x0426, 0x0426, 0x0426,  /* 0xE868 */
  0x0665, 0x0665, 0x0665, 0x0665, 0x0665, 0x0665, 0x0665, 0x0665,  /* 0xE870 */
  0x0652, 0x0652, 0x0652, 0x0652, 0x0652, 0x0652, 0x0652, 0x0652,  /* 0xE878 */
  0x041C, 0x041C, 0x041C, 0x041C, 0x041C, 0x041C, 0x041C, 0x041C,  /* 0xE880 */
  0x0430, 0x0430, 0x0430, 0x0430, 0x0430, 0x0430, 0x0430, 0x0430,  /* 0xE888 */
  0x066A, 0x066A, 0x066A, 0x066A, 0x066A, 0x066A, 0x066A, 0x066A,  /* 0xE890 */
  0x065C, 0x065C, 0x065C, 0x065C, 0x065C, 0x065C, 0x065C, 0x065C,  /* 0xE898 */
  0x0418, 0x0418, 0x0418, 0x0418, 0x0418, 0x0418, 0x0418, 0x0418,  /* 0xE8A0 */
  0x042C, 0x042C, 0x042C, 0x042C, 0x042C, 0x042C, 0x042C, 0x042C,  /* 0xE8A8 */
  0x0668, 0x0668, 0x0668, 0x0668, 0x0668, 0x0668, 0x0668, 0x0668,  /* 0xE8B0 */
  0x0658, 0x0658, 0x0658, 0x0658, 0x0658, 0x0658, 0x0658, 0x0658,  /* 0xE8B8 */
  0x045F, 0x045F, 0x045F, 0x045F, 0x045F, 0x045F, 0x045F, 0x045F,  /* 0xE8C0 */
  0x03E1, 0x03E1, 0x03E1, 0x03E1, 0x03E1, 0x03E1, 0x03E1, 0x03E1,  /* 0xE8C8 */
  0x0463, 0x0463, 0x0463, 0x0463, 0x0463, 0x0463, 0x0463, 0x0463,  /* 0xE8D0 */
  0x03E1, 0x03E1, 0x03E1, 0x03E1, 0x03E1, 0x03E1, 0x03E1, 0x03E1,  /* 0xE8D8 */
  0x03E1, 0x03E1, 0x03E1, 0x03E1, 0x03E1, 0x03E1, 0x03E1, 0x03E1,  /* 0xE8E0 */
  0x0463, 0x0463, 0x0463, 0x0463, 0x0463, 0x0463, 0x0463, 0x0463,  /* 0xE8E8 */
  0x0463, 0x0463, 0x0463, 0x0463, 0x0463, 0x0463, 0x0463, 0x0463,  /* 0xE8F0 */
  0x0463, 0x0463, 0x0463, 0x0463, 0x03E1, 0x03E1, 0x03E1, 0x03E1,  /* 0xE8F8 */
  0x03E8, 0x03E8, 0x03E8, 0x03E8, 0x03E8, 0x03E8, 0x03E8, 0x03E8,  /* 0xE900 */
  0x03FC, 0x03FC, 0x03FC, 0x03FC, 0x03FC, 0x03FC, 0x03FC, 0x03FC,  /* 0xE908 */
  0x0672, 0x0672, 0x0672, 0x0672, 0x0672, 0x0672, 0x0672, 0x0672,  /* 0xE910 */
  0x063E, 0x063E, 0x063E, 0x063E, 0x063E, 0x063E, 0x063E, 0x063E,  /* 0xE918 */
  0x03E4, 0x03E4, 0x03E4, 0x03E4, 0x03E4, 0x03E4, 0x03E4, 0x03E4,  /* 0xE920 */
  0x03F8, 0x03F8, 0x03F8, 0x03F8, 0x03F8, 0x03F8, 0x03F8, 0x03F8,  /* 0xE928 */
  0x0670, 0x0670, 0x0670, 0x0670, 0x0670, 0x0670, 0x0670, 0x0670,  /* 0xE930 */
  0x063A, 0x063A, 0x063A, 0x063A, 0x063A, 0x063A, 0x063A, 0x063A,  /* 0xE938 */
  0x03EE, 0x03EE, 0x03EE, 0x03EE, 0x03EE, 0x03EE, 0x03EE, 0x03EE,  /* 0xE940 */
  0x0402, 0x0402, 0x0402, 0x0402, 0x0402, 0x0402, 0x0402, 0x0402,  /* 0xE948 */
  0x0675, 0x0675, 0x0675, 0x0675, 0x0675, 0x0675, 0x0675, 0x0675,  /* 0xE950 */
  0x0644, 0x0644, 0x0644, 0x0644, 0x0644, 0x0644, 0x0644, 0x0644,  /* 0xE958 */
  0x03EA, 0x03EA, 0x03EA, 0x03EA, 0x03EA, 0x03EA, 0x03EA, 0x03EA,  /* 0xE960 */
  0x03FE, 0x03FE, 0x03FE, 0x03FE, 0x03FE, 0x03FE, 0x03FE, 0x03FE,  /* 0xE968 */
  0x0673, 0x0673, 0x0673, 0x0673, 0x0673, 0x0673, 0x0673, 0x0673,  /* 0xE970 */
  0x0640, 0x0640, 0x0640, 0x0640, 0x0640, 0x0640, 0x0640, 0x0640,  /* 0xE978 */
  0x03F4, 0x03F4, 0x03F4, 0x03F4, 0x03F4, 0x03F4, 0x03F4, 0x03F4,  /* 0xE980 */
  0x0408, 0x0408, 0x0408, 0x0408, 0x0408, 0x0408, 0x0408, 0x0408,  /* 0xE988 */
  0x066D, 0x066D, 0x066D, 0x066D, 0x066D, 0x066D, 0x066D, 0x066D,  /* 0xE990 */
  0x064A, 0x064A, 0x064A, 0x064A, 0x064A, 0x064A, 0x064A, 0x064A,  /* 0xE998 */
  0x03F0, 0x03F0, 0x03F0, 0x03F0, 0x03F0, 0x03F0, 0x03F0, 0x03F0,  /* 0xE9A0 */
  0x0404, 0x0404, 0x0404, 0x0404, 0x0404, 0x0404, 0x0404, 0x0404,  /* 0xE9A8 */
  0x066B, 0x066B, 0x066B, 0x066B, 0x066B, 0x066B, 0x066B, 0x066B,  /* 0xE9B0 */
  0x0646, 0x0646, 0x0646, 0x0646, 0x0646, 0x0646, 0x0646, 0x0646,  /* 0xE9B8 */
  0x0468, 0x0468, 0x0468, 0x0468, 0x0468, 0x0468, 0x0468, 0x0468,  /* 0xE9C0 */
  0x03E1, 0x03E1, 0x03E1, 0x03E1, 0x03E1, 0x03E1, 0x03E1, 0x03E1,  /* 0xE9C8 */
  0x046A, 0x046A, 0x046A, 0x046A, 0x046A, 0x046A, 0x046A, 0x046A,  /* 0xE9D0 */
  0x03E1, 0x03E1, 0x03E1, 0x03E1, 0x03E1, 0x03E1, 0x03E1, 0x03E1,  /* 0xE9D8 */
  0x03E1, 0x03E1, 0x03E1, 0x03E1, 0x03E1, 0x03E1, 0x03E1, 0x03E1,  /* 0xE9E0 */
  0x046A, 0x046A, 0x046A, 0x046A, 0x046A, 0x046A, 0x046A, 0x046A,  /* 0xE9E8 */
  0x046A, 0x046A, 0x046A, 0x046A, 0x046A, 0x046A, 0x046A, 0x046A,  /* 0xE9F0 */
  0x046A, 0x046A, 0x046A, 0x046A, 0x03E1, 0x03E1, 0x03E1, 0x03E1,  /* 0xE9F8 */
  0x0410, 0x0410, 0x0410, 0x0410, 0x0410, 0x0410, 0x0410, 0x0410,  /* 0xEA00 */
  0x0424, 0x0424, 0x0424, 0x0424, 0x0424, 0x0424, 0x0424, 0x0424,  /* 0xEA08 */
  0x0664, 0x0664, 0x0664, 0x0664, 0x0664, 0x0664, 0x0664, 0x0664,  /* 0xEA10 */
  0x0650, 0x0650, 0x0650, 0x0650, 0x0650, 0x0650, 0x0650, 0x0650,  /* 0xEA18 */
  0x040C, 0x040C, 0x040C, 0x040C, 0x040C, 0x040C, 0x040C, 0x040C,  /* 0xEA20 */
  0x0420, 0x0420, 0x0420, 0x0420, 0x0420, 0x0420, 0x0420, 0x0420,  /* 0xEA28 */
  0x0662, 0x0662, 0x0662, 0x0662, 0x0662, 0x0662, 0x0662, 0x0662,  /* 0xEA30 */
  0x064C, 0x064C, 0x064C, 0x064C, 0x064C, 0x064C, 0x064C, 0x064C,  /* 0xEA38 */
  0x0416, 0x0416, 0x0416, 0x0416, 0x0416, 0x0416, 0x0416, 0x0416,  /* 0xEA40 */
  0x042A, 0x042A, 0x042A, 0x042A, 0x042A, 0x042A, 0x042A, 0x042A,  /* 0xEA48 */
  0x0667, 0x0667, 0x0667, 0x0667, 0x0667, 0x0667, 0x0667, 0x0667,  /* 0xEA50 */
  0x0656, 0x0656, 0x0656, 0x0656, 0x0656, 0x0656, 0x0656, 0x0656,  /* 0xEA58 */
  0x0412, 0x0412, 0x0412, 0x0412, 0x0412, 0x0412, 0x0412, 0x0412,  /* 0xEA60 */
  0x0426, 0x0426, 0x0426, 0x0426, 0x0426, 0x0426, 0x0426, 0x0426,  /* 0xEA68 */
  0x0665, 0x0665, 0x0665, 0x0665, 0x0665, 0x0665, 0x0665, 0x0665,  /* 0xEA70 */
  0x0652, 0x0652, 0x0652, 0x0652, 0x0652, 0x0652, 0x0652, 0x0652,  /* 0xEA78 */
  0x041C, 0x041C, 0x041C, 0x041C, 0x041C, 0x041C, 0x041C, 0x041C,  /* 0xEA80 */
  0x0430, 0x0430, 0x0430, 0x0430, 0x0430, 0x0430, 0x0430, 0x0430,  /* 0xEA88 */
  0x066A, 0x066A, 0x066A, 0x066A, 0x066A, 0x066A, 0x066A, 0x066A,  /* 0xEA90 */
  0x065C, 0x065C, 0x065C, 0x065C, 0x065C, 0x065C, 0x065C, 0x065C,  /* 0xEA98 */
  0x0418, 0x0418, 0x0418, 0x0418, 0x0418, 0x0418, 0x0418, 0x0418,  /* 0xEAA0 */
  0x042C, 0x042C, 0x042C, 0x042C, 0x042C, 0x042C, 0x042C, 0x042C,  /* 0xEAA8 */
  0x0668, 0x0668, 0x0668, 0x0668, 0x0668, 0x0668, 0x0668, 0x0668,  /* 0xEAB0 */
  0x0658, 0x0658, 0x0658, 0x0658, 0x0658, 0x0658, 0x0658, 0x0658,  /* 0xEAB8 */
  0x0460, 0x0460, 0x0460, 0x0460, 0x0460, 0x0460, 0x0460, 0x0460,  /* 0xEAC0 */
  0x03E1, 0x03E1, 0x03E1, 0x03E1, 0x03E1, 0x03E1, 0x03E1, 0x03E1,  /* 0xEAC8 */
  0x0464, 0x0464, 0x0464, 0x0464, 0x0464, 0x0464, 0x0464, 0x0464,  /* 0xEAD0 */
  0x03E1, 0x03E1, 0x03E1, 0x03E1, 0x03E1, 0x03E1, 0x03E1, 0x03E1,  /* 0xEAD8 */
  0x03E1, 0x03E1, 0x03E1, 0x03E1, 0x03E1, 0x03E1, 0x03E1, 0x03E1,  /* 0xEAE0 */
  0x0464, 0x0464, 0x0464, 0x0464, 0x0464, 0x0464, 0x0464, 0x0464,  /* 0xEAE8 */
  0x0464, 0x0464, 0x0464, 0x0464, 0x0464, 0x0464, 0x0464, 0x0464,  /* 0xEAF0 */
  0x0464, 0x0464, 0x0464, 0x0464, 0x03E1, 0x03E1, 0x03E1, 0x03E1,  /* 0xEAF8 */
  0x03E8, 0x03E8, 0x03E8, 0x03E8, 0x03E8, 0x03E8, 0x03E8, 0x03E8,  /* 0xEB00 */
  0x03FC, 0x03FC, 0x03FC, 0x03FC, 0x03FC, 0x03FC, 0x03FC, 0x03FC,  /* 0xEB08 */
  0x0672, 0x0672, 0x0672, 0x0672, 0x0672, 0x0672, 0x0672, 0x0672,  /* 0xEB10 */
  0x063E, 0x063E, 0x063E, 0x063E, 0x063E, 0x063E, 0x063E, 0x063E,  /* 0xEB18 */
  0x03E4, 0x03E4, 0x03E4, 0x03E4, 0x03E4, 0x03E4, 0x03E4, 0x03E4,  /* 0xEB20 */
  0x03F8, 0x03F8, 0x03F8, 0x03F8, 0x03F8, 0x03F8, 0x03F8, 0x03F8,  /* 0xEB28 */
  0x0670, 0x0670, 0x0670, 0x0670, 0x0670, 0x0670, 0x0670, 0x0670,  /* 0xEB30 */
  0x063A, 0x063A, 0x063A, 0x063A, 0x063A, 0x063A, 0x063A, 0x063A,  /* 0xEB38 */
  0x03EE, 0x03EE, 0x03EE, 0x03EE, 0x03EE, 0x03EE, 0x03EE, 0x03EE,  /* 0xEB40 */
  0x0402, 0x0402, 0x0402, 0x0402, 0x0402, 0x0402, 0x0402, 0x0402,  /* 0xEB48 */
  0x0675, 0x0675, 0x0675, 0x0675, 0x0675, 0x0675, 0x0675, 0x0675,  /* 0xEB50 */
  0x0644, 0x0644, 0x0644, 0x0644, 0x0644, 0x0644, 0x0644, 0x0644,  /* 0xEB58 */
  0x03EA, 0x03EA, 0x03EA, 0x03EA, 0x03EA, 0x03EA, 0x03EA, 0x03EA,  /* 0xEB60 */
  0x03FE, 0x03FE, 0x03FE, 0x03FE, 0x03FE, 0x03FE, 0x03FE, 0x03FE,  /* 0xEB68 */
  0x0673, 0x0673, 0x0673, 0x0673, 0x0673, 0x0673, 0x0673, 0x0673,  /* 0xEB70 */
  0x0640, 0x0640, 0x0640, 0x0640, 0x0640, 0x0640, 0x0640, 0x0640,  /* 0xEB78 */
  0x03F4, 0x03F4, 0x03F4, 0x03F4, 0x03F4, 0x03F4, 0x03F4, 0x03F4,  /* 0xEB80 */
  0x0408, 0x0408, 0x0408, 0x0408, 0x0408, 0x0408, 0x0408, 0x0408,  /* 0xEB88 */
  0x066D, 0x066D, 0x066D, 0x066D, 0x066D, 0x066D, 0x066D, 0x066D,  /* 0xEB90 */
  0x064A, 0x064A, 0x064A, 0x064A, 0x064A, 0x064A, 0x064A, 0x064A,  /* 0xEB98 */
  0x03F0, 0x03F0, 0x03F0, 0x03F0, 0x03F0, 0x03F0, 0x03F0, 0x03F0,  /* 0xEBA0 */
  0x0404, 0x0404, 0x0404, 0x0404, 0x0404, 0x0404, 0x0404, 0x0404,  /* 0xEBA8 */
  0x066B, 0x066B, 0x066B, 0x066B, 0x066B, 0x066B, 0x066B, 0x066B,  /* 0xEBB0 */
  0x0646, 0x0646, 0x0646, 0x0646, 0x0646, 0x0646, 0x0646, 0x0646,  /* 0xEBB8 */
  0x0467, 0x0467, 0x0467, 0x0467, 0x0467, 0x0467, 0x0467, 0x0467,  /* 0xEBC0 */
  0x03E1, 0x03E1, 0x03E1, 0x03E1, 0x03E1, 0x03E1, 0x03E1, 0x03E1,  /* 0xEBC8 */
  0x0469, 0x0469, 0x0469, 0x0469, 0x0469, 0x0469, 0x0469, 0x0469,  /* 0xEBD0 */
  0x03E1, 0x03E1, 0x03E1, 0x03E1, 0x03E1, 0x03E1, 0x03E1, 0x03E1,  /* 0xEBD8 */
  0x03E1, 0x03E1, 0x03E1, 0x03E1, 0x03E1, 0x03E1, 0x03E1, 0x03E1,  /* 0xEBE0 */
  0x0469, 0x0469, 0x0469, 0x0469, 0x0469, 0x0469, 0x0469, 0x0469,  /* 0xEBE8 */
  0x0469, 0x0469, 0x0469, 0x0469, 0x0469, 0x0469, 0x0469, 0x0469,  /* 0xEBF0 */
  0x0469, 0x0469, 0x0469, 0x0469, 0x03E1, 0x03E1, 0x03E1, 0x03E1,  /* 0xEBF8 */
  0x0410, 0x0410, 0x0410, 0x0410, 0x0410, 0x0410, 0x0410, 0x0410,  /* 0xEC00 */
  0x0424, 0x0424, 0x0424, 0x0424, 0x0424, 0x0424, 0x0424, 0x0424,  /* 0xEC08 */
  0x0664, 0x0664, 0x0664, 0x0664, 0x0664, 0x0664, 0x0664, 0x0664,  /* 0xEC10 */
  0x0650, 0x0650, 0x0650, 0x0650, 0x0650, 0x0650, 0x0650, 0x0650,  /* 0xEC18 */
  0x040C, 0x040C, 0x040C, 0x040C, 0x040C, 0x040C, 0x040C, 0x040C,  /* 0xEC20 */
  0x0420, 0x0420, 0x0420, 0x0420, 0x0420, 0x0420, 0x0420, 0x0420,  /* 0xEC28 */
  0x0662, 0x0662, 0x0662, 0x0662, 0x0662, 0x0662, 0x0662, 0x0662,  /* 0xEC30 */
  0x064C, 0x064C, 0x064C, 0x064C, 0x064C, 0x064C, 0x064C, 0x064C,  /* 0xEC38 */
  0x0416, 0x0416, 0x0416, 0x0416, 0x0416, 0x0416, 0x0416, 0x0416,  /* 0xEC40 */
  0x042A, 0x042A, 0x042A, 0x042A, 0x042A, 0x042A, 0x042A, 0x042A,  /* 0xEC48 */
  0x0667, 0x0667, 0x0667, 0x0667, 0x0667, 0x0667, 0x0667, 0x0667,  /* 0xEC50 */
  0x0656, 0x0656, 0x0656, 0x0656, 0x0656, 0x0656, 0x0656, 0x0656,  /* 0xEC58 */
  0x0412, 0x0412, 0x0412, 0x0412, 0x0412, 0x0412, 0x0412, 0x0412,  /* 0xEC60 */
  0x0426, 0x0426, 0x0426, 0x0426, 0x0426, 0x0426, 0x0426, 0x0426,  /* 0xEC68 */
  0x0665, 0x0665, 0x0665, 0x0665, 0x0665, 0x0665, 0x0665, 0x0665,  /* 0xEC70 */
  0x0652, 0x0652, 0x0652, 0x0652, 0x0652, 0x0652, 0x0652, 0x0652,  /* 0xEC78 */
  0x041C, 0x041C, 0x041C, 0x041C, 0x041C, 0x041C, 0x041C, 0x041C,  /* 0xEC80 */
  0x0430, 0x0430, 0x0430, 0x0430, 0x0430, 0x0430, 0x0430, 0x0430,  /* 0xEC88 */
  0x066A, 0x066A, 0x066A, 0x066A, 0x066A, 0x066A, 0x066A, 0x066A,  /* 0xEC90 */
  0x065C, 0x065C, 0x065C, 0x065C, 0x065C, 0x065C, 0x065C, 0x065C,  /* 0xEC98 */
  0x0418, 0x0418, 0x0418, 0x0418, 0x0418, 0x0418, 0x0418, 0x0418,  /* 0xECA0 */
  0x042C, 0x042C, 0x042C, 0x042C, 0x042C, 0x042C, 0x042C, 0x042C,  /* 0xECA8 */
  0x0668, 0x0668, 0x0668, 0x0668, 0x0668, 0x0668, 0x0668, 0x0668,  /* 0xECB0 */
  0x0658, 0x0658, 0x0658, 0x0658, 0x0658, 0x0658, 0x0658, 0x0658,  /* 0xECB8 */
  0x0462, 0x0462, 0x0462, 0x0462, 0x0462, 0x0462, 0x0462, 0x0462,  /* 0xECC0 */
  0x03E1, 0x03E1, 0x03E1, 0x03E1, 0x03E1, 0x03E1, 0x03E1, 0x03E1,  /* 0xECC8 */
  0x0466, 0x0466, 0x0466, 0x0466, 0x0466, 0x0466, 0x0466, 0x0466,  /* 0xECD0 */
  0x03E1, 0x03E1, 0x03E1, 0x03E1, 0x03E1, 0x03E1, 0x03E1, 0x03E1,  /* 0xECD8 */
  0x03E1, 0x03E1, 0x03E1, 0x03E1, 0x03E1, 0x03E1, 0x03E1, 0x03E1,  /* 0xECE0 */
  0x0466, 0x0466, 0x0466, 0x0466, 0x0466, 0x0466, 0x0466, 0x0466,  /* 0xECE8 */
  0x0466, 0x0466, 0x0466, 0x0466, 0x0466, 0x0466, 0x0466, 0x0466,  /* 0xECF0 */
  0x0466, 0x0466, 0x0466, 0x0466, 0x03E1, 0x03E1, 0x03E1, 0x03E1,  /* 0xECF8 */
  0x03E8, 0x03E8, 0x03E8, 0x03E8, 0x03E8, 0x03E8, 0x03E8, 0x03E8,  /* 0xED00 */
  0x03FC, 0x03FC, 0x03FC, 0x03FC, 0x03FC, 0x03FC, 0x03FC, 0x03FC,  /* 0xED08 */
  0x0672, 0x0672, 0x0672, 0x0672, 0x0672, 0x0672, 0x0672, 0x0672,  /* 0xED10 */
  0x063E, 0x063E, 0x063E, 0x063E, 0x063E, 0x063E, 0x063E, 0x063E,  /* 0xED18 */
  0x03E4, 0x03E4, 0x03E4, 0x03E4, 0x03E4, 0x03E4, 0x03E4, 0x03E4,  /* 0xED20 */
  0x03F8, 0x03F8, 0x03F8, 0x03F8, 0x03F8, 0x03F8, 0x03F8, 0x03F8,  /* 0xED28 */
  0x0670, 0x0670, 0x0670, 0x0670, 0x0670, 0x0670, 0x0670, 0x0670,  /* 0xED30 */
  0x063A, 0x063A, 0x063A, 0x063A, 0x063A, 0x063A, 0x063A, 0x063A,  /* 0xED38 */
  0x03EE, 0x03EE, 0x03EE, 0x03EE, 0x03EE, 0x03EE, 0x03EE, 0x03EE,  /* 0xED40 */
  0x0402, 0x0402, 0x0402, 0x0402, 0x0402, 0x0402, 0x0402, 0x0402,  /* 0xED48 */
  0x0675, 0x0675, 0x0675, 0x0675, 0x0675, 0x0675, 0x0675, 0x0675,  /* 0xED50 */
  0x0644, 0x0644, 0x0644, 0x0644, 0x0644, 0x0644, 0x0644, 0x0644,  /* 0xED58 */
  0x03EA, 0x03EA, 0x03EA, 0x03EA, 0x03EA, 0x03EA, 0x03EA, 0x03EA,  /* 0xED60 */
  0x03FE, 0x03FE, 0x03FE, 0x03FE, 0x03FE, 0x03FE, 0x03FE, 0x03FE,  /* 0xED68 */
  0x0673, 0x0673, 0x0673, 0x0673, 0x0673, 0x0673, 0x0673, 0x0673,  /* 0xED70 */
  0x0640, 0x0640, 0x0640, 0x0640, 0x0640, 0x0640, 0x0640, 0x0640,  /* 0xED78 */
  0x03F4, 0x03F4, 0x03F4, 0x03F4, 0x03F4, 0x03F4, 0x03F4, 0x03F4,  /* 0xED80 */
  0x0408, 0x0408, 0x0408, 0x0408, 0x0408, 0x0408, 0x0408, 0x0408,  /* 0xED88 */
  0x066D, 0x066D, 0x066D, 0x066D, 0x066D, 0x066D, 0x066D, 0x066D,  /* 0xED90 */
  0x064A, 0x064A, 0x064A, 0x064A, 0x064A, 0x064A, 0x064A, 0x064A,  /* 0xED98 */
  0x03F0, 0x03F0, 0x03F0, 0x03F0, 0x03F0, 0x03F0, 0x03F0, 0x03F0,  /* 0xEDA0 */
  0x0404, 0x0404, 0x0404, 0x0404, 0x0404, 0x0404, 0x0404, 0x0404,  /* 0xEDA8 */
  0x066B, 0x066B, 0x066B, 0x066B, 0x066B, 0x066B, 0x066B, 0x066B,  /* 0xEDB0 */
  0x0646, 0x0646, 0x0646, 0x0646, 0x0646, 0x0646, 0x0646, 0x0646,  /* 0xEDB8 */
  0x045D, 0x045D, 0x045D, 0x045D, 0x045D, 0x045D, 0x045D, 0x045D,  /* 0xEDC0 */
  0x03E1, 0x03E1, 0x03E1, 0x03E1, 0x03E1, 0x03E1, 0x03E1, 0x03E1,  /* 0xEDC8 */
  0x045E, 0x045E, 0x045E, 0x045E, 0x045E, 0x045E, 0x045E, 0x045E,  /* 0xEDD0 */
  0x03E1, 0x03E1, 0x03E1, 0x03E1, 0x03E1, 0x03E1, 0x03E1, 0x03E1,  /* 0xEDD8 */
  0x03E1, 0x03E1, 0x03E1, 0x03E1, 0x03E1, 0x03E1, 0x03E1, 0x03E1,  /* 0xEDE0 */
  0x045E, 0x045E, 0x045E, 0x045E, 0x045E, 0x045E, 0x045E, 0x045E,  /* 0xEDE8 */
  0x045E, 0x045E, 0x045E, 0x045E, 0x045E, 0x045E, 0x045E, 0x045E,  /* 0xEDF0 */
  0x045E, 0x045E, 0x045E, 0x045E, 0x03E1, 0x03E1, 0x03E1, 0x03E1,  /* 0xEDF8 */
  0x0410, 0x0410, 0x0410, 0x0410, 0x0410, 0x0410, 0x0410, 0x0410,  /* 0xEE00 */
  0x0424, 0x0424, 0x0424, 0x0424, 0x0424, 0x0424, 0x0424, 0x0424,  /* 0xEE08 */
  0x0664, 0x0664, 0x0664, 0x0664, 0x0664, 0x0664, 0x0664, 0x0664,  /* 0xEE10 */
  0x0650, 0x0650, 0x0650, 0x0650, 0x0650, 0x0650, 0x0650, 0x0650,  /* 0xEE18 */
  0x040C, 0x040C, 0x040C, 0x040C, 0x040C, 0x040C, 0x040C, 0x040C,  /* 0xEE20 */
  0x0420, 0x0420, 0x0420, 0x0420, 0x0420, 0x0420, 0x0420, 0x0420,  /* 0xEE28 */
  0x0662, 0x0662, 0x0662, 0x0662, 0x0662, 0x0662, 0x0662, 0x0662,  /* 0xEE30 */
  0x064C, 0x064C, 0x064C, 0x064C, 0x064C, 0x064C, 0x064C, 0x064C,  /* 0xEE38 */
  0x0416, 0x0416, 0x0416, 0x0416, 0x0416, 0x0416, 0x0416, 0x0416,  /* 0xEE40 */
  0x042A, 0x042A, 0x042A, 0x042A, 0x042A, 0x042A, 0x042A, 0x042A,  /* 0xEE48 */
  0x0667, 0x0667, 0x0667, 0x0667, 0x0667, 0x0667, 0x0667, 0x0667,  /* 0xEE50 */
  0x0656, 0x0656, 0x0656, 0x0656, 0x0656, 0x0656, 0x0656, 0x0656,  /* 0xEE58 */
  0x0412, 0x0412, 0x0412, 0x0412, 0x0412, 0x0412, 0x0412, 0x0412,  /* 0xEE60 */
  0x0426, 0x0426, 0x0426, 0x0426, 0x0426, 0x0426, 0x0426, 0x0426,  /* 0xEE68 */
  0x0665, 0x0665, 0x0665, 0x0665, 0x0665, 0x0665, 0x0665, 0x0665,  /* 0xEE70 */
  0x0652, 0x0652, 0x0652, 0x0652, 0x0652, 0x0652, 0x0652, 0x0652,  /* 0xEE78 */
  0x041C, 0x041C, 0x041C, 0x041C, 0x041C, 0x041C, 0x041C, 0x041C,  /* 0xEE80 */
  0x0430, 0x0430, 0x0430, 0x0430, 0x0430, 0x0430, 0x0430, 0x0430,  /* 0xEE88 */
  0x066A, 0x066A, 0x066A, 0x066A, 0x066A, 0x066A, 0x066A, 0x066A,  /* 0xEE90 */
  0x065C, 0x065C, 0x065C, 0x065C, 0x065C, 0x065C, 0x065C, 0x065C,  /* 0xEE98 */
  0x0418, 0x0418, 0x0418, 0x0418, 0x0418, 0x0418, 0x0418, 0x0418,  /* 0xEEA0 */
  0x042C, 0x042C, 0x042C, 0x042C, 0x042C, 0x042C, 0x042C, 0x042C,  /* 0xEEA8 */
  0x0668, 0x0668, 0x0668, 0x0668, 0x0668, 0x0668, 0x0668, 0x0668,  /* 0xEEB0 */
  0x0658, 0x0658, 0x0658, 0x0658, 0x0658, 0x0658, 0x0658, 0x0658,  /* 0xEEB8 */
  0x0461, 0x0461, 0x0461, 0x0461, 0x0461, 0x0461, 0x0461, 0x0461,  /* 0xEEC0 */
  0x03E1, 0x03E1, 0x03E1, 0x03E1, 0x03E1, 0x03E1, 0x03E1, 0x03E1,  /* 0xEEC8 */
  0x0465, 0x0465, 0x0465, 0x0465, 0x0465, 0x0465, 0x0465, 0x0465,  /* 0xEED0 */
  0x03E1, 0x03E1, 0x03E1, 0x03E1, 0x03E1, 0x03E1, 0x03E1, 0x03E1,  /* 0xEED8 */
  0x03E1, 0x03E1, 0x03E1, 0x03E1, 0x03E1, 0x03E1, 0x03E1, 0x03E1,  /* 0xEEE0 */
  0x0465, 0x0465, 0x0465, 0x0465, 0x0465, 0x0465, 0x0465, 0x0465,  /* 0xEEE8 */
  0x0465, 0x0465, 0x0465, 0x0465, 0x0465, 0x0465, 0x0465, 0x0465,  /* 0xEEF0 */
  0x0465, 0x0465, 0x0465, 0x0465, 0x03E1, 0x03E1, 0x03E1, 0x03E1,  /* 0xEEF8 */
  0x03E8, 0x03E8, 0x03E8, 0x03E8, 0x03E8, 0x03E8, 0x03E8, 0x03E8,  /* 0xEF00 */
  0x03FC, 0x03FC, 0x03FC, 0x03FC, 0x03FC, 0x03FC, 0x03FC, 0x03FC,  /* 0xEF08 */
  0x0672, 0x0672, 0x0672, 0x0672, 0x0672, 0x0672, 0x0672, 0x0672,  /* 0xEF10 */
  0x063E, 0x063E, 0x063E, 0x063E, 0x063E, 0x063E, 0x063E, 0x063E,  /* 0xEF18 */
  0x03E4, 0x03E4, 0x03E4, 0x03E4, 0x03E4, 0x03E4, 0x03E4, 0x03E4,  /* 0xEF20 */
  0x03F8, 0x03F8, 0x03F8, 0x03F8, 0x03F8, 0x03F8, 0x03F8, 0x03F8,  /* 0xEF28 */
  0x0670, 0x0670, 0x0670, 0x0670, 0x0670, 0x0670, 0x0670, 0x0670,  /* 0xEF30 */
  0x063A, 0x063A, 0x063A, 0x063A, 0x063A, 0x063A, 0x063A, 0x063A,  /* 0xEF38 */
  0x03EE, 0x03EE, 0x03EE, 0x03EE, 0x03EE, 0x03EE, 0x03EE, 0x03EE,  /* 0xEF40 */
  0x0402, 0x0402, 0x0402, 0x0402, 0x0402, 0x0402, 0x0402, 0x0402,  /* 0xEF48 */
  0x0675, 0x0675, 0x0675, 0x0675, 0x0675, 0x0675, 0x0675, 0x0675,  /* 0xEF50 */
  0x0644, 0x0644, 0x0644, 0x0644, 0x0644, 0x0644, 0x0644, 0x0644,  /* 0xEF58 */
  0x03EA, 0x03EA, 0x03EA, 0x03EA, 0x03EA, 0x03EA, 0x03EA, 0x03EA,  /* 0xEF60 */
  0x03FE, 0x03FE, 0x03FE, 0x03FE, 0x03FE, 0x03FE, 0x03FE, 0x03FE,  /* 0xEF68 */
  0x0673, 0x0673, 0x0673, 0x0673, 0x0673, 0x0673, 0x0673, 0x0673,  /* 0xEF70 */
  0x0640, 0x0640, 0x0640, 0x0640, 0x0640, 0x0640, 0x0640, 0x0640,  /* 0xEF78 */
  0x03F4, 0x03F4, 0x03F4, 0x03F4, 0x03F4, 0x03F4, 0x03F4, 0x03F4,  /* 0xEF80 */
  0x0408, 0x0408, 0x0408, 0x0408, 0x0408, 0x0408, 0x0408, 0x0408,  /* 0xEF88 */
  0x066D, 0x066D, 0x066D, 0x066D, 0x066D, 0x066D, 0x066D, 0x066D,  /* 0xEF90 */
  0x064A, 0x064A, 0x064A, 0x064A, 0x064A, 0x064A, 0x064A, 0x064A,  /* 0xEF98 */
  0x03F0, 0x03F0, 0x03F0, 0x03F0, 0x03F0, 0x03F0, 0x03F0, 0x03F0,  /* 0xEFA0 */
  0x0404, 0x0404, 0x0404, 0x0404, 0x0404, 0x0404, 0x0404, 0x0404,  /* 0xEFA8 */
  0x066B, 0x066B, 0x066B, 0x066B, 0x066B, 0x066B, 0x066B, 0x066B,  /* 0xEFB0 */
  0x0646, 0x0646, 0x0646, 0x0646, 0x0646, 0x0646, 0x0646, 0x0646,  /* 0xEFB8 */
  0x046B, 0x046B, 0x046B, 0x046B, 0x046B, 0x046B, 0x046B, 0x046B,  /* 0xEFC0 */
  0x03E1, 0x03E1, 0x03E1, 0x03E1, 0x03E1, 0x03E1, 0x03E1, 0x03E1,  /* 0xEFC8 */
  0x046C, 0x046C, 0x046C, 0x046C, 0x046C, 0x046C, 0x046C, 0x046C,  /* 0xEFD0 */
  0x03E1, 0x03E1, 0x03E1, 0x03E1, 0x03E1, 0x03E1, 0x03E1, 0x03E1,  /* 0xEFD8 */
  0x03E1, 0x03E1, 0x03E1, 0x03E1, 0x03E1, 0x03E1, 0x03E1, 0x03E1,  /* 0xEFE0 */
  0x046C, 0x046C, 0x046C, 0x046C, 0x046C, 0x046C, 0x046C, 0x046C,  /* 0xEFE8 */
  0x046C, 0x046C, 0x046C, 0x046C, 0x046C, 0x046C, 0x046C, 0x046C,  /* 0xEFF0 */
  0x046C, 0x046C, 0x046C, 0x046C, 0x03E1, 0x03E1, 0x03E1, 0x03E1,  /* 0xEFF8 */
  0x06F1, 0x06F1, 0x06F1, 0x06F1, 0x06F1, 0x06F1, 0x06F1, 0x06F1,  /* 0xF000 */
  0x06F1, 0x06F1, 0x06F1, 0x06F1, 0x06F1, 0x06F1, 0x06F1, 0x06F1,  /* 0xF008 */
  0x06F1, 0x06F1, 0x06F1, 0x06F1, 0x06F1, 0x06F1, 0x06F1, 0x06F1,  /* 0xF010 */
  0x06F1, 0x06F1, 0x06F1, 0x06F1, 0x06F1, 0x06F1, 0x06F1, 0x06F1,  /* 0xF018 */
  0x06F1, 0x06F1, 0x06F1, 0x06F1, 0x06F1, 0x06F1, 0x06F1, 0x06F1,  /* 0xF020 */
  0x06F1, 0x06F1, 0x06F1, 0x06F1, 0x06F1, 0x06F1, 0x06F1, 0x06F1,  /* 0xF028 */
  0x06F1, 0x06F1, 0x06F1, 0x06F1, 0x06F1, 0x06F1, 0x06F1, 0x06F1,  /* 0xF030 */
  0x06F1, 0x06F1, 0x06F1, 0x06F1, 0x06F1, 0x06F1, 0x06F1, 0x06F1,  /* 0xF038 */
  0x06F1, 0x06F1, 0x06F1, 0x06F1, 0x06F1, 0x06F1, 0x06F1, 0x06F1,  /* 0xF040 */
  0x06F1, 0x06F1, 0x06F1, 0x06F1, 0x06F1, 0x06F1, 0x06F1, 0x06F1,  /* 0xF048 */
  0x06F1, 0x06F1, 0x06F1, 0x06F1, 0x06F1, 0x06F1, 0x06F1, 0x06F1,  /* 0xF050 */
  0x06F1, 0x06F1, 0x06F1, 0x06F1, 0x06F1, 0x06F1, 0x06F1, 0x06F1,  /* 0xF058 */
  0x06F1, 0x06F1, 0x06F1, 0x06F1, 0x06F1, 0x06F1, 0x06F1, 0x06F1,  /* 0xF060 */
  0x06F1, 0x06F1, 0x06F1, 0x06F1, 0x06F1, 0x06F1, 0x06F1, 0x06F1,  /* 0xF068 */
  0x06F1, 0x06F1, 0x06F1, 0x06F1, 0x06F1, 0x06F1, 0x06F1, 0x06F1,  /* 0xF070 */
  0x06F1, 0x06F1, 0x06F1, 0x06F1, 0x06F1, 0x06F1, 0x06F1, 0x06F1,  /* 0xF078 */
  0x06F1, 0x06F1, 0x06F1, 0x06F1, 0x06F1, 0x06F1, 0x06F1, 0x06F1,  /* 0xF080 */
  0x06F1, 0x06F1, 0x06F1, 0x06F1, 0x06F1, 0x06F1, 0x06F1, 0x06F1,  /* 0xF088 */
  0x06F1, 0x06F1, 0x06F1, 0x06F1, 0x06F1, 0x06F1, 0x06F1, 0x06F1,  /* 0xF090 */
  0x06F1, 0x06F1, 0x06F1, 0x06F1, 0x06F1, 0x06F1, 0x06F1, 0x06F1,  /* 0xF098 */
  0x06F1, 0x06F1, 0x06F1, 0x06F1, 0x06F1, 0x06F1, 0x06F1, 0x06F1,  /* 0xF0A0 */
  0x06F1, 0x06F1, 0x06F1, 0x06F1, 0x06F1, 0x06F1, 0x06F1, 0x06F1,  /* 0xF0A8 */
  0x06F1, 0x06F1, 0x06F1, 0x06F1, 0x06F1, 0x06F1, 0x06F1, 0x06F1,  /* 0xF0B0 */
  0x06F1, 0x06F1, 0x06F1, 0x06F1, 0x06F1, 0x06F1, 0x06F1, 0x06F1,  /* 0xF0B8 */
  0x06F1, 0x06F1, 0x06F1, 0x06F1, 0x06F1, 0x06F1, 0x06F1, 0x06F1,  /* 0xF0C0 */
  0x06F1, 0x06F1, 0x06F1, 0x06F1, 0x06F1, 0x06F1, 0x06F1, 0x06F1,  /* 0xF0C8 */
  0x06F1, 0x06F1, 0x06F1, 0x06F1, 0x06F1, 0x06F1, 0x06F1, 0x06F1,  /* 0xF0D0 */
  0x06F1, 0x06F1, 0x06F1, 0x06F1, 0x06F1, 0x06F1, 0x06F1, 0x06F1,  /* 0xF0D8 */
  0x06F1, 0x06F1, 0x06F1, 0x06F1, 0x06F1, 0x06F1, 0x06F1, 0x06F1,  /* 0xF0E0 */
  0x06F1, 0x06F1, 0x06F1, 0x06F1, 0x06F1, 0x06F1, 0x06F1, 0x06F1,  /* 0xF0E8 */
  0x06F1, 0x06F1, 0x06F1, 0x06F1, 0x06F1, 0x06F1, 0x06F1, 0x06F1,  /* 0xF0F0 */
  0x06F1, 0x06F1, 0x06F1, 0x06F1, 0x06F1, 0x06F1, 0x06F1, 0x06F1,  /* 0xF0F8 */
  0x06F1, 0x06F1, 0x06F1, 0x06F1, 0x06F1, 0x06F1, 0x06F1, 0x06F1,  /* 0xF100 */
  0x06F1, 0x06F1, 0x06F1, 0x06F1, 0x06F1, 0x06F1, 0x06F1, 0x06F1,  /* 0xF108 */
  0x06F1, 0x06F1, 0x06F1, 0x06F1, 0x06F1, 0x06F1, 0x06F1, 0x06F1,  /* 0xF110 */
  0x06F1, 0x06F1, 0x06F1, 0x06F1, 0x06F1, 0x06F1, 0x06F1, 0x06F1,  /* 0xF118 */
  0x06F1, 0x06F1, 0x06F1, 0x06F1, 0x06F1, 0x06F1, 0x06F1, 0x06F1,  /* 0xF120 */
  0x06F1, 0x06F1, 0x06F1, 0x06F1, 0x06F1, 0x06F1, 0x06F1, 0x06F1,  /* 0xF128 */
  0x06F1, 0x06F1, 0x06F1, 0x06F1, 0x06F1, 0x06F1, 0x06F1, 0x06F1,  /* 0xF130 */
  0x06F1, 0x06F1, 0x06F1, 0x06F1, 0x06F1, 0x06F1, 0x06F1, 0x06F1,  /* 0xF138 */
  0x06F1, 0x06F1, 0x06F1, 0x06F1, 0x06F1, 0x06F1, 0x06F1, 0x06F1,  /* 0xF140 */
  0x06F1, 0x06F1, 0x06F1, 0x06F1, 0x06F1, 0x06F1, 0x06F1, 0x06F1,  /* 0xF148 */
  0x06F1, 0x06F1, 0x06F1, 0x06F1, 0x06F1, 0x06F1, 0x06F1, 0x06F1,  /* 0xF150 */
  0x06F1, 0x06F1, 0x06F1, 0x06F1, 0x06F1, 0x06F1, 0x06F1, 0x06F1,  /* 0xF158 */
  0x06F1, 0x06F1, 0x06F1, 0x06F1, 0x06F1, 0x06F1, 0x06F1, 0x06F1,  /* 0xF160 */
  0x06F1, 0x06F1, 0x06F1, 0x06F1, 0x06F1, 0x06F1, 0x06F1, 0x06F1,  /* 0xF168 */
  0x06F1, 0x06F1, 0x06F1, 0x06F1, 0x06F1, 0x06F1, 0x06F1, 0x06F1,  /* 0xF170 */
  0x06F1, 0x06F1, 0x06F1, 0x06F1, 0x06F1, 0x06F1, 0x06F1, 0x06F1,  /* 0xF178 */
  0x06F1, 0x06F1, 0x06F1, 0x06F1, 0x06F1, 0x06F1, 0x06F1, 0x06F1,  /* 0xF180 */
  0x06F1, 0x06F1, 0x06F1, 0x06F1, 0x06F1, 0x06F1, 0x06F1, 0x06F1,  /* 0xF188 */
  0x06F1, 0x06F1, 0x06F1, 0x06F1, 0x06F1, 0x06F1, 0x06F1, 0x06F1,  /* 0xF190 */
  0x06F1, 0x06F1, 0x06F1, 0x06F1, 0x06F1, 0x06F1, 0x06F1, 0x06F1,  /* 0xF198 */
  0x06F1, 0x06F1, 0x06F1, 0x06F1, 0x06F1, 0x06F1, 0x06F1, 0x06F1,  /* 0xF1A0 */
  0x06F1, 0x06F1, 0x06F1, 0x06F1, 0x06F1, 0x06F1, 0x06F1, 0x06F1,  /* 0xF1A8 */
  0x06F1, 0x06F1, 0x06F1, 0x06F1, 0x06F1, 0x06F1, 0x06F1, 0x06F1,  /* 0xF1B0 */
  0x06F1, 0x06F1, 0x06F1, 0x06F1, 0x06F1, 0x06F1, 0x06F1, 0x06F1,  /* 0xF1B8 */
  0x06F1, 0x06F1, 0x06F1, 0x06F1, 0x06F1, 0x06F1, 0x06F1, 0x06F1,  /* 0xF1C0 */
  0x06F1, 0x06F1, 0x06F1, 0x06F1, 0x06F1, 0x06F1, 0x06F1, 0x06F1,  /* 0xF1C8 */
  0x06F1, 0x06F1, 0x06F1, 0x06F1, 0x06F1, 0x06F1, 0x06F1, 0x06F1,  /* 0xF1D0 */
  0x06F1, 0x06F1, 0x06F1, 0x06F1, 0x06F1, 0x06F1, 0x06F1, 0x06F1,  /* 0xF1D8 */
  0x06F1, 0x06F1, 0x06F1, 0x06F1, 0x06F1, 0x06F1, 0x06F1, 0x06F1,  /* 0xF1E0 */
  0x06F1, 0x06F1, 0x06F1, 0x06F1, 0x06F1, 0x06F1, 0x06F1, 0x06F1,  /* 0xF1E8 */
  0x06F1, 0x06F1, 0x06F1, 0x06F1, 0x06F1, 0x06F1, 0x06F1, 0x06F1,  /* 0xF1F0 */
  0x06F1, 0x06F1, 0x06F1, 0x06F1, 0x06F1, 0x06F1, 0x06F1, 0x06F1,  /* 0xF1F8 */
  0x06F1, 0x06F1, 0x06F1, 0x06F1, 0x06F1, 0x06F1, 0x06F1, 0x06F1,  /* 0xF200 */
  0x06F1, 0x06F1, 0x06F1, 0x06F1, 0x06F1, 0x06F1, 0x06F1, 0x06F1,  /* 0xF208 */
  0x06F1, 0x06F1, 0x06F1, 0x06F1, 0x06F1, 0x06F1, 0x06F1, 0x06F1,  /* 0xF210 */
  0x06F1, 0x06F1, 0x06F1, 0x06F1, 0x06F1, 0x06F1, 0x06F1, 0x06F1,  /* 0xF218 */
  0x06F1, 0x06F1, 0x06F1, 0x06F1, 0x06F1, 0x06F1, 0x06F1, 0x06F1,  /* 0xF220 */
  0x06F1, 0x06F1, 0x06F1, 0x06F1, 0x06F1, 0x06F1, 0x06F1, 0x06F1,  /* 0xF228 */
  0x06F1, 0x06F1, 0x06F1, 0x06F1, 0x06F1, 0x06F1, 0x06F1, 0x06F1,  /* 0xF230 */
  0x06F1, 0x06F1, 0x06F1, 0x06F1, 0x06F1, 0x06F1, 0x06F1, 0x06F1,  /* 0xF238 */
  0x06F1, 0x06F1, 0x06F1, 0x06F1, 0x06F1, 0x06F1, 0x06F1, 0x06F1,  /* 0xF240 */
  0x06F1, 0x06F1, 0x06F1, 0x06F1, 0x06F1, 0x06F1, 0x06F1, 0x06F1,  /* 0xF248 */
  0x06F1, 0x06F1, 0x06F1, 0x06F1, 0x06F1, 0x06F1, 0x06F1, 0x06F1,  /* 0xF250 */
  0x06F1, 0x06F1, 0x06F1, 0x06F1, 0x06F1, 0x06F1, 0x06F1, 0x06F1,  /* 0xF258 */
  0x06F1, 0x06F1, 0x06F1, 0x06F1, 0x06F1, 0x06F1, 0x06F1, 0x06F1,  /* 0xF260 */
  0x06F1, 0x06F1, 0x06F1, 0x06F1, 0x06F1, 0x06F1, 0x06F1, 0x06F1,  /* 0xF268 */
  0x06F1, 0x06F1, 0x06F1, 0x06F1, 0x06F1, 0x06F1, 0x06F1, 0x06F1,  /* 0xF270 */
  0x06F1, 0x06F1, 0x06F1, 0x06F1, 0x06F1, 0x06F1, 0x06F1, 0x06F1,  /* 0xF278 */
  0x06F1, 0x06F1, 0x06F1, 0x06F1, 0x06F1, 0x06F1, 0x06F1, 0x06F1,  /* 0xF280 */
  0x06F1, 0x06F1, 0x06F1, 0x06F1, 0x06F1, 0x06F1, 0x06F1, 0x06F1,  /* 0xF288 */
  0x06F1, 0x06F1, 0x06F1, 0x06F1, 0x06F1, 0x06F1, 0x06F1, 0x06F1,  /* 0xF290 */
  0x06F1, 0x06F1, 0x06F1, 0x06F1, 0x06F1, 0x06F1, 0x06F1, 0x06F1,  /* 0xF298 */
  0x06F1, 0x06F1, 0x06F1, 0x06F1, 0x06F1, 0x06F1, 0x06F1, 0x06F1,  /* 0xF2A0 */
  0x06F1, 0x06F1, 0x06F1, 0x06F1, 0x06F1, 0x06F1, 0x06F1, 0x06F1,  /* 0xF2A8 */
  0x06F1, 0x06F1, 0x06F1, 0x06F1, 0x06F1, 0x06F1, 0x06F1, 0x06F1,  /* 0xF2B0 */
  0x06F1, 0x06F1, 0x06F1, 0x06F1, 0x06F1, 0x06F1, 0x06F1, 0x06F1,  /* 0xF2B8 */
  0x06F1, 0x06F1, 0x06F1, 0x06F1, 0x06F1, 0x06F1, 0x06F1, 0x06F1,  /* 0xF2C0 */
  0x06F1, 0x06F1, 0x06F1, 0x06F1, 0x06F1, 0x06F1, 0x06F1, 0x06F1,  /* 0xF2C8 */
  0x06F1, 0x06F1, 0x06F1, 0x06F1, 0x06F1, 0x06F1, 0x06F1, 0x06F1,  /* 0xF2D0 */
  0x06F1, 0x06F1, 0x06F1, 0x06F1, 0x06F1, 0x06F1, 0x06F1, 0x06F1,  /* 0xF2D8 */
  0x06F1, 0x06F1, 0x06F1, 0x06F1, 0x06F1, 0x06F1, 0x06F1, 0x06F1,  /* 0xF2E0 */
  0x06F1, 0x06F1, 0x06F1, 0x06F1, 0x06F1, 0x06F1, 0x06F1, 0x06F1,  /* 0xF2E8 */
  0x06F1, 0x06F1, 0x06F1, 0x06F1, 0x06F1, 0x06F1, 0x06F1, 0x06F1,  /* 0xF2F0 */
  0x06F1, 0x06F1, 0x06F1, 0x06F1, 0x06F1, 0x06F1, 0x06F1, 0x06F1,  /* 0xF2F8 */
  0x06F1, 0x06F1, 0x06F1, 0x06F1, 0x06F1, 0x06F1, 0x06F1, 0x06F1,  /* 0xF300 */
  0x06F1, 0x06F1, 0x06F1, 0x06F1, 0x06F1, 0x06F1, 0x06F1, 0x06F1,  /* 0xF308 */
  0x06F1, 0x06F1, 0x06F1, 0x06F1, 0x06F1, 0x06F1, 0x06F1, 0x06F1,  /* 0xF310 */
  0x06F1, 0x06F1, 0x06F1, 0x06F1, 0x06F1, 0x06F1, 0x06F1, 0x06F1,  /* 0xF318 */
  0x06F1, 0x06F1, 0x06F1, 0x06F1, 0x06F1, 0x06F1, 0x06F1, 0x06F1,  /* 0xF320 */
  0x06F1, 0x06F1, 0x06F1, 0x06F1, 0x06F1, 0x06F1, 0x06F1, 0x06F1,  /* 0xF328 */
  0x06F1, 0x06F1, 0x06F1, 0x06F1, 0x06F1, 0x06F1, 0x06F1, 0x06F1,  /* 0xF330 */
  0x06F1, 0x06F1, 0x06F1, 0x06F1, 0x06F1, 0x06F1, 0x06F1, 0x06F1,  /* 0xF338 */
  0x06F1, 0x06F1, 0x06F1, 0x06F1, 0x06F1, 0x06F1, 0x06F1, 0x06F1,  /* 0xF340 */
  0x06F1, 0x06F1, 0x06F1, 0x06F1, 0x06F1, 0x06F1, 0x06F1, 0x06F1,  /* 0xF348 */
  0x06F1, 0x06F1, 0x06F1, 0x06F1, 0x06F1, 0x06F1, 0x06F1, 0x06F1,  /* 0xF350 */
  0x06F1, 0x06F1, 0x06F1, 0x06F1, 0x06F1, 0x06F1, 0x06F1, 0x06F1,  /* 0xF358 */
  0x06F1, 0x06F1, 0x06F1, 0x06F1, 0x06F1, 0x06F1, 0x06F1, 0x06F1,  /* 0xF360 */
  0x06F1, 0x06F1, 0x06F1, 0x06F1, 0x06F1, 0x06F1, 0x06F1, 0x06F1,  /* 0xF368 */
  0x06F1, 0x06F1, 0x06F1, 0x06F1, 0x06F1, 0x06F1, 0x06F1, 0x06F1,  /* 0xF370 */
  0x06F1, 0x06F1, 0x06F1, 0x06F1, 0x06F1, 0x06F1, 0x06F1, 0x06F1,  /* 0xF378 */
  0x06F1, 0x06F1, 0x06F1, 0x06F1, 0x06F1, 0x06F1, 0x06F1, 0x06F1,  /* 0xF380 */
  0x06F1, 0x06F1, 0x06F1, 0x06F1, 0x06F1, 0x06F1, 0x06F1, 0x06F1,  /* 0xF388 */
  0x06F1, 0x06F1, 0x06F1, 0x06F1, 0x06F1, 0x06F1, 0x06F1, 0x06F1,  /* 0xF390 */
  0x06F1, 0x06F1, 0x06F1, 0x06F1, 0x06F1, 0x06F1, 0x06F1, 0x06F1,  /* 0xF398 */
  0x06F1, 0x06F1, 0x06F1, 0x06F1, 0x06F1, 0x06F1, 0x06F1, 0x06F1,  /* 0xF3A0 */
  0x06F1, 0x06F1, 0x06F1, 0x06F1, 0x06F1, 0x06F1, 0x06F1, 0x06F1,  /* 0xF3A8 */
  0x06F1, 0x06F1, 0x06F1, 0x06F1, 0x06F1, 0x06F1, 0x06F1, 0x06F1,  /* 0xF3B0 */
  0x06F1, 0x06F1, 0x06F1, 0x06F1, 0x06F1, 0x06F1, 0x06F1, 0x06F1,  /* 0xF3B8 */
  0x06F1, 0x06F1, 0x06F1, 0x06F1, 0x06F1, 0x06F1, 0x06F1, 0x06F1,  /* 0xF3C0 */
  0x06F1, 0x06F1, 0x06F1, 0x06F1, 0x06F1, 0x06F1, 0x06F1, 0x06F1,  /* 0xF3C8 */
  0x06F1, 0x06F1, 0x06F1, 0x06F1, 0x06F1, 0x06F1, 0x06F1, 0x06F1,  /* 0xF3D0 */
  0x06F1, 0x06F1, 0x06F1, 0x06F1, 0x06F1, 0x06F1, 0x06F1, 0x06F1,  /* 0xF3D8 */
  0x06F1, 0x06F1, 0x06F1, 0x06F1, 0x06F1, 0x06F1, 0x06F1, 0x06F1,  /* 0xF3E0 */
  0x06F1, 0x06F1, 0x06F1, 0x06F1, 0x06F1, 0x06F1, 0x06F1, 0x06F1,  /* 0xF3E8 */
  0x06F1, 0x06F1, 0x06F1, 0x06F1, 0x06F1, 0x06F1, 0x06F1, 0x06F1,  /* 0xF3F0 */
  0x06F1, 0x06F1, 0x06F1, 0x06F1, 0x06F1, 0x06F1, 0x06F1, 0x06F1,  /* 0xF3F8 */
  0x06F1, 0x06F1, 0x06F1, 0x06F1, 0x06F1, 0x06F1, 0x06F1, 0x06F1,  /* 0xF400 */
  0x06F1, 0x06F1, 0x06F1, 0x06F1, 0x06F1, 0x06F1, 0x06F1, 0x06F1,  /* 0xF408 */
  0x06F1, 0x06F1, 0x06F1, 0x06F1, 0x06F1, 0x06F1, 0x06F1, 0x06F1,  /* 0xF410 */
  0x06F1, 0x06F1, 0x06F1, 0x06F1, 0x06F1, 0x06F1, 0x06F1, 0x06F1,  /* 0xF418 */
  0x06F1, 0x06F1, 0x06F1, 0x06F1, 0x06F1, 0x06F1, 0x06F1, 0x06F1,  /* 0xF420 */
  0x06F0, 0x06F0, 0x06F0, 0x06F0, 0x06F0, 0x06F0, 0x06F0, 0x06F0,  /* 0xF428 */
  0x06F0, 0x06F0, 0x06F0, 0x06F0, 0x06F0, 0x06F0, 0x06F0, 0x06F0,  /* 0xF430 */
  0x06F0, 0x06F0, 0x06F0, 0x06F0, 0x06F0, 0x06F0, 0x06F0, 0x06F0,  /* 0xF438 */
  0x06F1, 0x06F1, 0x06F1, 0x06F1, 0x06F1, 0x06F1, 0x06F1, 0x06F1,  /* 0xF440 */
  0x06F1, 0x06F1, 0x06F1, 0x06F1, 0x06F1, 0x06F1, 0x06F1, 0x06F1,  /* 0xF448 */
  0x06F1, 0x06F1, 0x06F1, 0x06F1, 0x06F1, 0x06F1, 0x06F1, 0x06F1,  /* 0xF450 */
  0x06F1, 0x06F1, 0x06F1, 0x06F1, 0x06F1, 0x06F1, 0x06F1, 0x06F1,  /* 0xF458 */
  0x06F1, 0x06F1, 0x06F1, 0x06F1, 0x06F1, 0x06F1, 0x06F1, 0x06F1,  /* 0xF460 */
  0x06F0, 0x06F0, 0x06F0, 0x06F0, 0x06F0, 0x06F0, 0x06F0, 0x06F0,  /* 0xF468 */
  0x06F0, 0x06F0, 0x06F0, 0x06F0, 0x06F0, 0x06F0, 0x06F0, 0x06F0,  /* 0xF470 */
  0x06F0, 0x06F0, 0x06F0, 0x06F0, 0x06F0, 0x06F0, 0x06F0, 0x06F0,  /* 0xF478 */
  0x06F1, 0x06F1, 0x06F1, 0x06F1, 0x06F1, 0x06F1, 0x06F1, 0x06F1,  /* 0xF480 */
  0x06F1, 0x06F1, 0x06F1, 0x06F1, 0x06F1, 0x06F1, 0x06F1, 0x06F1,  /* 0xF488 */
  0x06F1, 0x06F1, 0x06F1, 0x06F1, 0x06F1, 0x06F1, 0x06F1, 0x06F1,  /* 0xF490 */
  0x06F1, 0x06F1, 0x06F1, 0x06F1, 0x06F1, 0x06F1, 0x06F1, 0x06F1,  /* 0xF498 */
  0x06F1, 0x06F1, 0x06F1, 0x06F1, 0x06F1, 0x06F1, 0x06F1, 0x06F1,  /* 0xF4A0 */
  0x06F0, 0x06F0, 0x06F0, 0x06F0, 0x06F0, 0x06F0, 0x06F0, 0x06F0,  /* 0xF4A8 */
  0x06F0, 0x06F0, 0x06F0, 0x06F0, 0x06F0, 0x06F0, 0x06F0, 0x06F0,  /* 0xF4B0 */
  0x06F0, 0x06F0, 0x06F0, 0x06F0, 0x06F0, 0x06F0, 0x06F0, 0x06F0,  /* 0xF4B8 */
  0x06F1, 0x06F1, 0x06F1, 0x06F1, 0x06F1, 0x06F1, 0x06F1, 0x06F1,  /* 0xF4C0 */
  0x06F1, 0x06F1, 0x06F1, 0x06F1, 0x06F1, 0x06F1, 0x06F1, 0x06F1,  /* 0xF4C8 */
  0x06F1, 0x06F1, 0x06F1, 0x06F1, 0x06F1, 0x06F1, 0x06F1, 0x06F1,  /* 0xF4D0 */
  0x06F1, 0x06F1, 0x06F1, 0x06F1, 0x06F1, 0x06F1, 0x06F1, 0x06F1,  /* 0xF4D8 */
  0x06F1, 0x06F1, 0x06F1, 0x06F1, 0x06F1, 0x06F1, 0x06F1, 0x06F1,  /* 0xF4E0 */
  0x06F0, 0x06F0, 0x06F0, 0x06F0, 0x06F0, 0x06F0, 0x06F0, 0x06F0,  /* 0xF4E8 */
  0x06F0, 0x06F0, 0x06F0, 0x06F0, 0x06F0, 0x06F0, 0x06F0, 0x06F0,  /* 0xF4F0 */
  0x06F0, 0x06F0, 0x06F0, 0x06F0, 0x06F0, 0x06F0, 0x06F0, 0x06F0,  /* 0xF4F8 */
  0x06F1, 0x06F1, 0x06F1, 0x06F1, 0x06F1, 0x06F1, 0x06F1, 0x06F1,  /* 0xF500 */
  0x06F1, 0x06F1, 0x06F1, 0x06F1, 0x06F1, 0x06F1, 0x06F1, 0x06F1,  /* 0xF508 */
  0x06F1, 0x06F1, 0x06F1, 0x06F1, 0x06F1, 0x06F1, 0x06F1, 0x06F1,  /* 0xF510 */
  0x06F1, 0x06F1, 0x06F1, 0x06F1, 0x06F1, 0x06F1, 0x06F1, 0x06F1,  /* 0xF518 */
  0x06F1, 0x06F1, 0x06F1, 0x06F1, 0x06F1, 0x06F1, 0x06F1, 0x06F1,  /* 0xF520 */
  0x06F1, 0x06F1, 0x06F1, 0x06F1, 0x06F1, 0x06F1, 0x06F1, 0x06F1,  /* 0xF528 */
  0x06F1, 0x06F1, 0x06F1, 0x06F1, 0x06F1, 0x06F1, 0x06F1, 0x06F1,  /* 0xF530 */
  0x06F1, 0x06F1, 0x06F1, 0x06F1, 0x06F1, 0x06F1, 0x06F1, 0x06F1,  /* 0xF538 */
  0x06F1, 0x06F1, 0x06F1, 0x06F1, 0x06F1, 0x06F1, 0x06F1, 0x06F1,  /* 0xF540 */
  0x06F1, 0x06F1, 0x06F1, 0x06F1, 0x06F1, 0x06F1, 0x06F1, 0x06F1,  /* 0xF548 */
  0x06F1, 0x06F1, 0x06F1, 0x06F1, 0x06F1, 0x06F1, 0x06F1, 0x06F1,  /* 0xF550 */
  0x06F1, 0x06F1, 0x06F1, 0x06F1, 0x06F1, 0x06F1, 0x06F1, 0x06F1,  /* 0xF558 */
  0x06F1, 0x06F1, 0x06F1, 0x06F1, 0x06F1, 0x06F1, 0x06F1, 0x06F1,  /* 0xF560 */
  0x06F1, 0x06F1, 0x06F1, 0x06F1, 0x06F1, 0x06F1, 0x06F1, 0x06F1,  /* 0xF568 */
  0x06F1, 0x06F1, 0x06F1, 0x06F1, 0x06F1, 0x06F1, 0x06F1, 0x06F1,  /* 0xF570 */
  0x06F1, 0x06F1, 0x06F1, 0x06F1, 0x06F1, 0x06F1, 0x06F1, 0x06F1,  /* 0xF578 */
  0x06F1, 0x06F1, 0x06F1, 0x06F1, 0x06F1, 0x06F1, 0x06F1, 0x06F1,  /* 0xF580 */
  0x06F1, 0x06F1, 0x06F1, 0x06F1, 0x06F1, 0x06F1, 0x06F1, 0x06F1,  /* 0xF588 */
  0x06F1, 0x06F1, 0x06F1, 0x06F1, 0x06F1, 0x06F1, 0x06F1, 0x06F1,  /* 0xF590 */
  0x06F1, 0x06F1, 0x06F1, 0x06F1, 0x06F1, 0x06F1, 0x06F1, 0x06F1,  /* 0xF598 */
  0x06F1, 0x06F1, 0x06F1, 0x06F1, 0x06F1, 0x06F1, 0x06F1, 0x06F1,  /* 0xF5A0 */
  0x06F1, 0x06F1, 0x06F1, 0x06F1, 0x06F1, 0x06F1, 0x06F1, 0x06F1,  /* 0xF5A8 */
  0x06F1, 0x06F1, 0x06F1, 0x06F1, 0x06F1, 0x06F1, 0x06F1, 0x06F1,  /* 0xF5B0 */
  0x06F1, 0x06F1, 0x06F1, 0x06F1, 0x06F1, 0x06F1, 0x06F1, 0x06F1,  /* 0xF5B8 */
  0x06F1, 0x06F1, 0x06F1, 0x06F1, 0x06F1, 0x06F1, 0x06F1, 0x06F1,  /* 0xF5C0 */
  0x06F1, 0x06F1, 0x06F1, 0x06F1, 0x06F1, 0x06F1, 0x06F1, 0x06F1,  /* 0xF5C8 */
  0x06F1, 0x06F1, 0x06F1, 0x06F1, 0x06F1, 0x06F1, 0x06F1, 0x06F1,  /* 0xF5D0 */
  0x06F1, 0x06F1, 0x06F1, 0x06F1, 0x06F1, 0x06F1, 0x06F1, 0x06F1,  /* 0xF5D8 */
  0x06F1, 0x06F1, 0x06F1, 0x06F1, 0x06F1, 0x06F1, 0x06F1, 0x06F1,  /* 0xF5E0 */
  0x06F1, 0x06F1, 0x06F1, 0x06F1, 0x06F1, 0x06F1, 0x06F1, 0x06F1,  /* 0xF5E8 */
  0x06F1, 0x06F1, 0x06F1, 0x06F1, 0x06F1, 0x06F1, 0x06F1, 0x06F1,  /* 0xF5F0 */
  0x06F1, 0x06F1, 0x06F1, 0x06F1, 0x06F1, 0x06F1, 0x06F1, 0x06F1,  /* 0xF5F8 */
  0x04D9, 0x04D9, 0x04D9, 0x04D9, 0x04D9, 0x04D9, 0x04D9, 0x04D9,  /* 0xF600 */
  0x04DA, 0x04DA, 0x04DA, 0x04DA, 0x04DA, 0x04DA, 0x04DA, 0x04DA,  /* 0xF608 */
  0x04DB, 0x04DB, 0x04DB, 0x04DB, 0x04DB, 0x04DB, 0x04DB, 0x04DB,  /* 0xF610 */
  0x04DC, 0x04DC, 0x04DC, 0x04DC, 0x04DC, 0x04DC, 0x04DC, 0x04DC,  /* 0xF618 */
  0x04D8, 0x04D8, 0x04D8, 0x04D8, 0x04D8, 0x04D8, 0x04D8, 0x04D8,  /* 0xF620 */
  0x06F1, 0x06F1, 0x06F1, 0x06F1, 0x06F1, 0x06F1, 0x06F1, 0x06F1,  /* 0xF628 */
  0x06F1, 0x06F1, 0x06F1, 0x06F1, 0x06F1, 0x06F1, 0x06F1, 0x06F1,  /* 0xF630 */
  0x06F1, 0x06F1, 0x06F1, 0x06F1, 0x06F1, 0x06F1, 0x06F1, 0x06F1,  /* 0xF638 */
  0x06F1, 0x06F1, 0x06F1, 0x06F1, 0x06F1, 0x06F1, 0x06F1, 0x06F1,  /* 0xF640 */
  0x06F1, 0x06F1, 0x06F1, 0x06F1, 0x06F1, 0x06F1, 0x06F1, 0x06F1,  /* 0xF648 */
  0x06F1, 0x06F1, 0x06F1, 0x06F1, 0x06F1, 0x06F1, 0x06F1, 0x06F1,  /* 0xF650 */
  0x06F1, 0x06F1, 0x06F1, 0x06F1, 0x06F1, 0x06F1, 0x06F1, 0x06F1,  /* 0xF658 */
  0x06F1, 0x06F1, 0x06F1, 0x06F1, 0x06F1, 0x06F1, 0x06F1, 0x06F1,  /* 0xF660 */
  0x06F1, 0x06F1, 0x06F1, 0x06F1, 0x06F1, 0x06F1, 0x06F1, 0x06F1,  /* 0xF668 */
  0x06F1, 0x06F1, 0x06F1, 0x06F1, 0x06F1, 0x06F1, 0x06F1, 0x06F1,  /* 0xF670 */
  0x06F1, 0x06F1, 0x06F1, 0x06F1, 0x06F1, 0x06F1, 0x06F1, 0x06F1,  /* 0xF678 */
  0x06F1, 0x06F1, 0x06F1, 0x06F1, 0x06F1, 0x06F1, 0x06F1, 0x06F1,  /* 0xF680 */
  0x06F1, 0x06F1, 0x06F1, 0x06F1, 0x06F1, 0x06F1, 0x06F1, 0x06F1,  /* 0xF688 */
  0x06F1, 0x06F1, 0x06F1, 0x06F1, 0x06F1, 0x06F1, 0x06F1, 0x06F1,  /* 0xF690 */
  0x06F1, 0x06F1, 0x06F1, 0x06F1, 0x06F1, 0x06F1, 0x06F1, 0x06F1,  /* 0xF698 */
  0x06F1, 0x06F1, 0x06F1, 0x06F1, 0x06F1, 0x06F1, 0x06F1, 0x06F1,  /* 0xF6A0 */
  0x06F1, 0x06F1, 0x06F1, 0x06F1, 0x06F1, 0x06F1, 0x06F1, 0x06F1,  /* 0xF6A8 */
  0x06F1, 0x06F1, 0x06F1, 0x06F1, 0x06F1, 0x06F1, 0x06F1, 0x06F1,  /* 0xF6B0 */
  0x06F1, 0x06F1, 0x06F1, 0x06F1, 0x06F1, 0x06F1, 0x06F1, 0x06F1,  /* 0xF6B8 */
  0x06F1, 0x06F1, 0x06F1, 0x06F1, 0x06F1, 0x06F1, 0x06F1, 0x06F1,  /* 0xF6C0 */
  0x06F1, 0x06F1, 0x06F1, 0x06F1, 0x06F1, 0x06F1, 0x06F1, 0x06F1,  /* 0xF6C8 */
  0x06F1, 0x06F1, 0x06F1, 0x06F1, 0x06F1, 0x06F1, 0x06F1, 0x06F1,  /* 0xF6D0 */
  0x06F1, 0x06F1, 0x06F1, 0x06F1, 0x06F1, 0x06F1, 0x06F1, 0x06F1,  /* 0xF6D8 */
  0x06F1, 0x06F1, 0x06F1, 0x06F1, 0x06F1, 0x06F1, 0x06F1, 0x06F1,  /* 0xF6E0 */
  0x06F1, 0x06F1, 0x06F1, 0x06F1, 0x06F1, 0x06F1, 0x06F1, 0x06F1,  /* 0xF6E8 */
  0x06F1, 0x06F1, 0x06F1, 0x06F1, 0x06F1, 0x06F1, 0x06F1, 0x06F1,  /* 0xF6F0 */
  0x06F1, 0x06F1, 0x06F1, 0x06F1, 0x06F1, 0x06F1, 0x06F1, 0x06F1,  /* 0xF6F8 */
  0x06F1, 0x06F1, 0x06F1, 0x06F1, 0x06F1, 0x06F1, 0x06F1, 0x06F1,  /* 0xF700 */
  0x06F1, 0x06F1, 0x06F1, 0x06F1, 0x06F1, 0x06F1, 0x06F1, 0x06F1,  /* 0xF708 */
  0x06F1, 0x06F1, 0x06F1, 0x06F1, 0x06F1, 0x06F1, 0x06F1, 0x06F1,  /* 0xF710 */
  0x06F1, 0x06F1, 0x06F1, 0x06F1, 0x06F1, 0x06F1, 0x06F1, 0x06F1,  /* 0xF718 */
  0x06F1, 0x06F1, 0x06F1, 0x06F1, 0x06F1, 0x06F1, 0x06F1, 0x06F1,  /* 0xF720 */
  0x06F1, 0x06F1, 0x06F1, 0x06F1, 0x06F1, 0x06F1, 0x06F1, 0x06F1,  /* 0xF728 */
  0x06F1, 0x06F1, 0x06F1, 0x06F1, 0x06F1, 0x06F1, 0x06F1, 0x06F1,  /* 0xF730 */
  0x06F1, 0x06F1, 0x06F1, 0x06F1, 0x06F1, 0x06F1, 0x06F1, 0x06F1,  /* 0xF738 */
  0x06F1, 0x06F1, 0x06F1, 0x06F1, 0x06F1, 0x06F1, 0x06F1, 0x06F1,  /* 0xF740 */
  0x06F1, 0x06F1, 0x06F1, 0x06F1, 0x06F1, 0x06F1, 0x06F1, 0x06F1,  /* 0xF748 */
  0x06F1, 0x06F1, 0x06F1, 0x06F1, 0x06F1, 0x06F1, 0x06F1, 0x06F1,  /* 0xF750 */
  0x06F1, 0x06F1, 0x06F1, 0x06F1, 0x06F1, 0x06F1, 0x06F1, 0x06F1,  /* 0xF758 */
  0x06F1, 0x06F1, 0x06F1, 0x06F1, 0x06F1, 0x06F1, 0x06F1, 0x06F1,  /* 0xF760 */
  0x06F1, 0x06F1, 0x06F1, 0x06F1, 0x06F1, 0x06F1, 0x06F1, 0x06F1,  /* 0xF768 */
  0x06F1, 0x06F1, 0x06F1, 0x06F1, 0x06F1, 0x06F1, 0x06F1, 0x06F1,  /* 0xF770 */
  0x06F1, 0x06F1, 0x06F1, 0x06F1, 0x06F1, 0x06F1, 0x06F1, 0x06F1,  /* 0xF778 */
  0x06F1, 0x06F1, 0x06F1, 0x06F1, 0x06F1, 0x06F1, 0x06F1, 0x06F1,  /* 0xF780 */
  0x06F1, 0x06F1, 0x06F1, 0x06F1, 0x06F1, 0x06F1, 0x06F1, 0x06F1,  /* 0xF788 */
  0x06F1, 0x06F1, 0x06F1, 0x06F1, 0x06F1, 0x06F1, 0x06F1, 0x06F1,  /* 0xF790 */
  0x06F1, 0x06F1, 0x06F1, 0x06F1, 0x06F1, 0x06F1, 0x06F1, 0x06F1,  /* 0xF798 */
  0x06F1, 0x06F1, 0x06F1, 0x06F1, 0x06F1, 0x06F1, 0x06F1, 0x06F1,  /* 0xF7A0 */
  0x06F1, 0x06F1, 0x06F1, 0x06F1, 0x06F1, 0x06F1, 0x06F1, 0x06F1,  /* 0xF7A8 */
  0x06F1, 0x06F1, 0x06F1, 0x06F1, 0x06F1, 0x06F1, 0x06F1, 0x06F1,  /* 0xF7B0 */
  0x06F1, 0x06F1, 0x06F1, 0x06F1, 0x06F1, 0x06F1, 0x06F1, 0x06F1,  /* 0xF7B8 */
  0x06F1, 0x06F1, 0x06F1, 0x06F1, 0x06F1, 0x06F1, 0x06F1, 0x06F1,  /* 0xF7C0 */
  0x06F1, 0x06F1, 0x06F1, 0x06F1, 0x06F1, 0x06F1, 0x06F1, 0x06F1,  /* 0xF7C8 */
  0x06F1, 0x06F1, 0x06F1, 0x06F1, 0x06F1, 0x06F1, 0x06F1, 0x06F1,  /* 0xF7D0 */
  0x06F1, 0x06F1, 0x06F1, 0x06F1, 0x06F1, 0x06F1, 0x06F1, 0x06F1,  /* 0xF7D8 */
  0x06F1, 0x06F1, 0x06F1, 0x06F1, 0x06F1, 0x06F1, 0x06F1, 0x06F1,  /* 0xF7E0 */
  0x06F1, 0x06F1, 0x06F1, 0x06F1, 0x06F1, 0x06F1, 0x06F1, 0x06F1,  /* 0xF7E8 */
  0x06F1, 0x06F1, 0x06F1, 0x06F1, 0x06F1, 0x06F1, 0x06F1, 0x06F1,  /* 0xF7F0 */
  0x06F1, 0x06F1, 0x06F1, 0x06F1, 0x06F1, 0x06F1, 0x06F1, 0x06F1,  /* 0xF7F8 */
  0x06F1, 0x06F1, 0x06F1, 0x06F1, 0x06F1, 0x06F1, 0x06F1, 0x06F1,  /* 0xF800 */
  0x06F1, 0x06F1, 0x06F1, 0x06F1, 0x06F1, 0x06F1, 0x06F1, 0x06F1,  /* 0xF808 */
  0x06F1, 0x06F1, 0x06F1, 0x06F1, 0x06F1, 0x06F1, 0x06F1, 0x06F1,  /* 0xF810 */
  0x06F1, 0x06F1, 0x06F1, 0x06F1, 0x06F1, 0x06F1, 0x06F1, 0x06F1,  /* 0xF818 */
  0x06F1, 0x06F1, 0x06F1, 0x06F1, 0x06F1, 0x06F1, 0x06F1, 0x06F1,  /* 0xF820 */
  0x06F1, 0x06F1, 0x06F1, 0x06F1, 0x06F1, 0x06F1, 0x06F1, 0x06F1,  /* 0xF828 */
  0x06F1, 0x06F1, 0x06F1, 0x06F1, 0x06F1, 0x06F1, 0x06F1, 0x06F1,  /* 0xF830 */
  0x06F1, 0x06F1, 0x06F1, 0x06F1, 0x06F1, 0x06F1, 0x06F1, 0x06F1,  /* 0xF838 */
  0x06F1, 0x06F1, 0x06F1, 0x06F1, 0x06F1, 0x06F1, 0x06F1, 0x06F1,  /* 0xF840 */
  0x06F1, 0x06F1, 0x06F1, 0x06F1, 0x06F1, 0x06F1, 0x06F1, 0x06F1,  /* 0xF848 */
  0x06F1, 0x06F1, 0x06F1, 0x06F1, 0x06F1, 0x06F1, 0x06F1, 0x06F1,  /* 0xF850 */
  0x06F1, 0x06F1, 0x06F1, 0x06F1, 0x06F1, 0x06F1, 0x06F1, 0x06F1,  /* 0xF858 */
  0x06F1, 0x06F1, 0x06F1, 0x06F1, 0x06F1, 0x06F1, 0x06F1, 0x06F1,  /* 0xF860 */
  0x06F1, 0x06F1, 0x06F1, 0x06F1, 0x06F1, 0x06F1, 0x06F1, 0x06F1,  /* 0xF868 */
  0x06F1, 0x06F1, 0x06F1, 0x06F1, 0x06F1, 0x06F1, 0x06F1, 0x06F1,  /* 0xF870 */
  0x06F1, 0x06F1, 0x06F1, 0x06F1, 0x06F1, 0x06F1, 0x06F1, 0x06F1,  /* 0xF878 */
  0x06F1, 0x06F1, 0x06F1, 0x06F1, 0x06F1, 0x06F1, 0x06F1, 0x06F1,  /* 0xF880 */
  0x06F1, 0x06F1, 0x06F1, 0x06F1, 0x06F1, 0x06F1, 0x06F1, 0x06F1,  /* 0xF888 */
  0x06F1, 0x06F1, 0x06F1, 0x06F1, 0x06F1, 0x06F1, 0x06F1, 0x06F1,  /* 0xF890 */
  0x06F1, 0x06F1, 0x06F1, 0x06F1, 0x06F1, 0x06F1, 0x06F1, 0x06F1,  /* 0xF898 */
  0x06F1, 0x06F1, 0x06F1, 0x06F1, 0x06F1, 0x06F1, 0x06F1, 0x06F1,  /* 0xF8A0 */
  0x06F1, 0x06F1, 0x06F1, 0x06F1, 0x06F1, 0x06F1, 0x06F1, 0x06F1,  /* 0xF8A8 */
  0x06F1, 0x06F1, 0x06F1, 0x06F1, 0x06F1, 0x06F1, 0x06F1, 0x06F1,  /* 0xF8B0 */
  0x06F1, 0x06F1, 0x06F1, 0x06F1, 0x06F1, 0x06F1, 0x06F1, 0x06F1,  /* 0xF8B8 */
  0x06F1, 0x06F1, 0x06F1, 0x06F1, 0x06F1, 0x06F1, 0x06F1, 0x06F1,  /* 0xF8C0 */
  0x06F1, 0x06F1, 0x06F1, 0x06F1, 0x06F1, 0x06F1, 0x06F1, 0x06F1,  /* 0xF8C8 */
  0x06F1, 0x06F1, 0x06F1, 0x06F1, 0x06F1, 0x06F1, 0x06F1, 0x06F1,  /* 0xF8D0 */
  0x06F1, 0x06F1, 0x06F1, 0x06F1, 0x06F1, 0x06F1, 0x06F1, 0x06F1,  /* 0xF8D8 */
  0x06F1, 0x06F1, 0x06F1, 0x06F1, 0x06F1, 0x06F1, 0x06F1, 0x06F1,  /* 0xF8E0 */
  0x06F1, 0x06F1, 0x06F1, 0x06F1, 0x06F1, 0x06F1, 0x06F1, 0x06F1,  /* 0xF8E8 */
  0x06F1, 0x06F1, 0x06F1, 0x06F1, 0x06F1, 0x06F1, 0x06F1, 0x06F1,  /* 0xF8F0 */
  0x06F1, 0x06F1, 0x06F1, 0x06F1, 0x06F1, 0x06F1, 0x06F1, 0x06F1,  /* 0xF8F8 */
  0x06F1, 0x06F1, 0x06F1, 0x06F1, 0x06F1, 0x06F1, 0x06F1, 0x06F1,  /* 0xF900 */
  0x06F1, 0x06F1, 0x06F1, 0x06F1, 0x06F1, 0x06F1, 0x06F1, 0x06F1,  /* 0xF908 */
  0x06F1, 0x06F1, 0x06F1, 0x06F1, 0x06F1, 0x06F1, 0x06F1, 0x06F1,  /* 0xF910 */
  0x06F1, 0x06F1, 0x06F1, 0x06F1, 0x06F1, 0x06F1, 0x06F1, 0x06F1,  /* 0xF918 */
  0x06F1, 0x06F1, 0x06F1, 0x06F1, 0x06F1, 0x06F1, 0x06F1, 0x06F1,  /* 0xF920 */
  0x06F1, 0x06F1, 0x06F1, 0x06F1, 0x06F1, 0x06F1, 0x06F1, 0x06F1,  /* 0xF928 */
  0x06F1, 0x06F1, 0x06F1, 0x06F1, 0x06F1, 0x06F1, 0x06F1, 0x06F1,  /* 0xF930 */
  0x06F1, 0x06F1, 0x06F1, 0x06F1, 0x06F1, 0x06F1, 0x06F1, 0x06F1,  /* 0xF938 */
  0x06F1, 0x06F1, 0x06F1, 0x06F1, 0x06F1, 0x06F1, 0x06F1, 0x06F1,  /* 0xF940 */
  0x06F1, 0x06F1, 0x06F1, 0x06F1, 0x06F1, 0x06F1, 0x06F1, 0x06F1,  /* 0xF948 */
  0x06F1, 0x06F1, 0x06F1, 0x06F1, 0x06F1, 0x06F1, 0x06F1, 0x06F1,  /* 0xF950 */
  0x06F1, 0x06F1, 0x06F1, 0x06F1, 0x06F1, 0x06F1, 0x06F1, 0x06F1,  /* 0xF958 */
  0x06F1, 0x06F1, 0x06F1, 0x06F1, 0x06F1, 0x06F1, 0x06F1, 0x06F1,  /* 0xF960 */
  0x06F1, 0x06F1, 0x06F1, 0x06F1, 0x06F1, 0x06F1, 0x06F1, 0x06F1,  /* 0xF968 */
  0x06F1, 0x06F1, 0x06F1, 0x06F1, 0x06F1, 0x06F1, 0x06F1, 0x06F1,  /* 0xF970 */
  0x06F1, 0x06F1, 0x06F1, 0x06F1, 0x06F1, 0x06F1, 0x06F1, 0x06F1,  /* 0xF978 */
  0x06F1, 0x06F1, 0x06F1, 0x06F1, 0x06F1, 0x06F1, 0x06F1, 0x06F1,  /* 0xF980 */
  0x06F1, 0x06F1, 0x06F1, 0x06F1, 0x06F1, 0x06F1, 0x06F1, 0x06F1,  /* 0xF988 */
  0x06F1, 0x06F1, 0x06F1, 0x06F1, 0x06F1, 0x06F1, 0x06F1, 0x06F1,  /* 0xF990 */
  0x06F1, 0x06F1, 0x06F1, 0x06F1, 0x06F1, 0x06F1, 0x06F1, 0x06F1,  /* 0xF998 */
  0x06F1, 0x06F1, 0x06F1, 0x06F1, 0x06F1, 0x06F1, 0x06F1, 0x06F1,  /* 0xF9A0 */
  0x06F1, 0x06F1, 0x06F1, 0x06F1, 0x06F1, 0x06F1, 0x06F1, 0x06F1,  /* 0xF9A8 */
  0x06F1, 0x06F1, 0x06F1, 0x06F1, 0x06F1, 0x06F1, 0x06F1, 0x06F1,  /* 0xF9B0 */
  0x06F1, 0x06F1, 0x06F1, 0x06F1, 0x06F1, 0x06F1, 0x06F1, 0x06F1,  /* 0xF9B8 */
  0x06F1, 0x06F1, 0x06F1, 0x06F1, 0x06F1, 0x06F1, 0x06F1, 0x06F1,  /* 0xF9C0 */
  0x06F1, 0x06F1, 0x06F1, 0x06F1, 0x06F1, 0x06F1, 0x06F1, 0x06F1,  /* 0xF9C8 */
  0x06F1, 0x06F1, 0x06F1, 0x06F1, 0x06F1, 0x06F1, 0x06F1, 0x06F1,  /* 0xF9D0 */
  0x06F1, 0x06F1, 0x06F1, 0x06F1, 0x06F1, 0x06F1, 0x06F1, 0x06F1,  /* 0xF9D8 */
  0x06F1, 0x06F1, 0x06F1, 0x06F1, 0x06F1, 0x06F1, 0x06F1, 0x06F1,  /* 0xF9E0 */
  0x06F1, 0x06F1, 0x06F1, 0x06F1, 0x06F1, 0x06F1, 0x06F1, 0x06F1,  /* 0xF9E8 */
  0x06F1, 0x06F1, 0x06F1, 0x06F1, 0x06F1, 0x06F1, 0x06F1, 0x06F1,  /* 0xF9F0 */
  0x06F1, 0x06F1, 0x06F1, 0x06F1, 0x06F1, 0x06F1, 0x06F1, 0x06F1,  /* 0xF9F8 */
  0x06F1, 0x06F1, 0x06F1, 0x06F1, 0x06F1, 0x06F1, 0x06F1, 0x06F1,  /* 0xFA00 */
  0x06F1, 0x06F1, 0x06F1, 0x06F1, 0x06F1, 0x06F1, 0x06F1, 0x06F1,  /* 0xFA08 */
  0x06F1, 0x06F1, 0x06F1, 0x06F1, 0x06F1, 0x06F1, 0x06F1, 0x06F1,  /* 0xFA10 */
  0x06F1, 0x06F1, 0x06F1, 0x06F1, 0x06F1, 0x06F1, 0x06F1, 0x06F1,  /* 0xFA18 */
  0x06F1, 0x06F1, 0x06F1, 0x06F1, 0x06F1, 0x06F1, 0x06F1, 0x06F1,  /* 0xFA20 */
  0x06F1, 0x06F1, 0x06F1, 0x06F1, 0x06F1, 0x06F1, 0x06F1, 0x06F1,  /* 0xFA28 */
  0x06F1, 0x06F1, 0x06F1, 0x06F1, 0x06F1, 0x06F1, 0x06F1, 0x06F1,  /* 0xFA30 */
  0x06F1, 0x06F1, 0x06F1, 0x06F1, 0x06F1, 0x06F1, 0x06F1, 0x06F1,  /* 0xFA38 */
  0x06F1, 0x06F1, 0x06F1, 0x06F1, 0x06F1, 0x06F1, 0x06F1, 0x06F1,  /* 0xFA40 */
  0x06F1, 0x06F1, 0x06F1, 0x06F1, 0x06F1, 0x06F1, 0x06F1, 0x06F1,  /* 0xFA48 */
  0x06F1, 0x06F1, 0x06F1, 0x06F1, 0x06F1, 0x06F1, 0x06F1, 0x06F1,  /* 0xFA50 */
  0x06F1, 0x06F1, 0x06F1, 0x06F1, 0x06F1, 0x06F1, 0x06F1, 0x06F1,  /* 0xFA58 */
  0x06F1, 0x06F1, 0x06F1, 0x06F1, 0x06F1, 0x06F1, 0x06F1, 0x06F1,  /* 0xFA60 */
  0x06F1, 0x06F1, 0x06F1, 0x06F1, 0x06F1, 0x06F1, 0x06F1, 0x06F1,  /* 0xFA68 */
  0x06F1, 0x06F1, 0x06F1, 0x06F1, 0x06F1, 0x06F1, 0x06F1, 0x06F1,  /* 0xFA70 */
  0x06F1, 0x06F1, 0x06F1, 0x06F1, 0x06F1, 0x06F1, 0x06F1, 0x06F1,  /* 0xFA78 */
  0x06F1, 0x06F1, 0x06F1, 0x06F1, 0x06F1, 0x06F1, 0x06F1, 0x06F1,  /* 0xFA80 */
  0x06F1, 0x06F1, 0x06F1, 0x06F1, 0x06F1, 0x06F1, 0x06F1, 0x06F1,  /* 0xFA88 */
  0x06F1, 0x06F1, 0x06F1, 0x06F1, 0x06F1, 0x06F1, 0x06F1, 0x06F1,  /* 0xFA90 */
  0x06F1, 0x06F1, 0x06F1, 0x06F1, 0x06F1, 0x06F1, 0x06F1, 0x06F1,  /* 0xFA98 */
  0x06F1, 0x06F1, 0x06F1, 0x06F1, 0x06F1, 0x06F1, 0x06F1, 0x06F1,  /* 0xFAA0 */
  0x06F1, 0x06F1, 0x06F1, 0x06F1, 0x06F1, 0x06F1, 0x06F1, 0x06F1,  /* 0xFAA8 */
  0x06F1, 0x06F1, 0x06F1, 0x06F1, 0x06F1, 0x06F1, 0x06F1, 0x06F1,  /* 0xFAB0 */
  0x06F1, 0x06F1, 0x06F1, 0x06F1, 0x06F1, 0x06F1, 0x06F1, 0x06F1,  /* 0xFAB8 */
  0x06F1, 0x06F1, 0x06F1, 0x06F1, 0x06F1, 0x06F1, 0x06F1, 0x06F1,  /* 0xFAC0 */
  0x06F1, 0x06F1, 0x06F1, 0x06F1, 0x06F1, 0x06F1, 0x06F1, 0x06F1,  /* 0xFAC8 */
  0x06F1, 0x06F1, 0x06F1, 0x06F1, 0x06F1, 0x06F1, 0x06F1, 0x06F1,  /* 0xFAD0 */
  0x06F1, 0x06F1, 0x06F1, 0x06F1, 0x06F1, 0x06F1, 0x06F1, 0x06F1,  /* 0xFAD8 */
  0x06F1, 0x06F1, 0x06F1, 0x06F1, 0x06F1, 0x06F1, 0x06F1, 0x06F1,  /* 0xFAE0 */
  0x06F1, 0x06F1, 0x06F1, 0x06F1, 0x06F1, 0x06F1, 0x06F1, 0x06F1,  /* 0xFAE8 */
  0x06F1, 0x06F1, 0x06F1, 0x06F1, 0x06F1, 0x06F1, 0x06F1, 0x06F1,  /* 0xFAF0 */
  0x06F1, 0x06F1, 0x06F1, 0x06F1, 0x06F1, 0x06F1, 0x06F1, 0x06F1,  /* 0xFAF8 */
  0x06F1, 0x06F1, 0x06F1, 0x06F1, 0x06F1, 0x06F1, 0x06F1, 0x06F1,  /* 0xFB00 */
  0x06F1, 0x06F1, 0x06F1, 0x06F1, 0x06F1, 0x06F1, 0x06F1, 0x06F1,  /* 0xFB08 */
  0x06F1, 0x06F1, 0x06F1, 0x06F1, 0x06F1, 0x06F1, 0x06F1, 0x06F1,  /* 0xFB10 */
  0x06F1, 0x06F1, 0x06F1, 0x06F1, 0x06F1, 0x06F1, 0x06F1, 0x06F1,  /* 0xFB18 */
  0x06F1, 0x06F1, 0x06F1, 0x06F1, 0x06F1, 0x06F1, 0x06F1, 0x06F1,  /* 0xFB20 */
  0x06F1, 0x06F1, 0x06F1, 0x06F1, 0x06F1, 0x06F1, 0x06F1, 0x06F1,  /* 0xFB28 */
  0x06F1, 0x06F1, 0x06F1, 0x06F1, 0x06F1, 0x06F1, 0x06F1, 0x06F1,  /* 0xFB30 */
  0x06F1, 0x06F1, 0x06F1, 0x06F1, 0x06F1, 0x06F1, 0x06F1, 0x06F1,  /* 0xFB38 */
  0x06F1, 0x06F1, 0x06F1, 0x06F1, 0x06F1, 0x06F1, 0x06F1, 0x06F1,  /* 0xFB40 */
  0x06F1, 0x06F1, 0x06F1, 0x06F1, 0x06F1, 0x06F1, 0x06F1, 0x06F1,  /* 0xFB48 */
  0x06F1, 0x06F1, 0x06F1, 0x06F1, 0x06F1, 0x06F1, 0x06F1, 0x06F1,  /* 0xFB50 */
  0x06F1, 0x06F1, 0x06F1, 0x06F1, 0x06F1, 0x06F1, 0x06F1, 0x06F1,  /* 0xFB58 */
  0x06F1, 0x06F1, 0x06F1, 0x06F1, 0x06F1, 0x06F1, 0x06F1, 0x06F1,  /* 0xFB60 */
  0x06F1, 0x06F1, 0x06F1, 0x06F1, 0x06F1, 0x06F1, 0x06F1, 0x06F1,  /* 0xFB68 */
  0x06F1, 0x06F1, 0x06F1, 0x06F1, 0x06F1, 0x06F1, 0x06F1, 0x06F1,  /* 0xFB70 */
  0x06F1, 0x06F1, 0x06F1, 0x06F1, 0x06F1, 0x06F1, 0x06F1, 0x06F1,  /* 0xFB78 */
  0x06F1, 0x06F1, 0x06F1, 0x06F1, 0x06F1, 0x06F1, 0x06F1, 0x06F1,  /* 0xFB80 */
  0x06F1, 0x06F1, 0x06F1, 0x06F1, 0x06F1, 0x06F1, 0x06F1, 0x06F1,  /* 0xFB88 */
  0x06F1, 0x06F1, 0x06F1, 0x06F1, 0x06F1, 0x06F1, 0x06F1, 0x06F1,  /* 0xFB90 */
  0x06F1, 0x06F1, 0x06F1, 0x06F1, 0x06F1, 0x06F1, 0x06F1, 0x06F1,  /* 0xFB98 */
  0x06F1, 0x06F1, 0x06F1, 0x06F1, 0x06F1, 0x06F1, 0x06F1, 0x06F1,  /* 0xFBA0 */
  0x06F1, 0x06F1, 0x06F1, 0x06F1, 0x06F1, 0x06F1, 0x06F1, 0x06F1,  /* 0xFBA8 */
  0x06F1, 0x06F1, 0x06F1, 0x06F1, 0x06F1, 0x06F1, 0x06F1, 0x06F1,  /* 0xFBB0 */
  0x06F1, 0x06F1, 0x06F1, 0x06F1, 0x06F1, 0x06F1, 0x06F1, 0x06F1,  /* 0xFBB8 */
  0x06F1, 0x06F1, 0x06F1, 0x06F1, 0x06F1, 0x06F1, 0x06F1, 0x06F1,  /* 0xFBC0 */
  0x06F1, 0x06F1, 0x06F1, 0x06F1, 0x06F1, 0x06F1, 0x06F1, 0x06F1,  /* 0xFBC8 */
  0x06F1, 0x06F1, 0x06F1, 0x06F1, 0x06F1, 0x06F1, 0x06F1, 0x06F1,  /* 0xFBD0 */
  0x06F1, 0x06F1, 0x06F1, 0x06F1, 0x06F1, 0x06F1, 0x06F1, 0x06F1,  /* 0xFBD8 */
  0x06F1, 0x06F1, 0x06F1, 0x06F1, 0x06F1, 0x06F1, 0x06F1, 0x06F1,  /* 0xFBE0 */
  0x06F1, 0x06F1, 0x06F1, 0x06F1, 0x06F1, 0x06F1, 0x06F1, 0x06F1,  /* 0xFBE8 */
  0x06F1, 0x06F1, 0x06F1, 0x06F1, 0x06F1, 0x06F1, 0x06F1, 0x06F1,  /* 0xFBF0 */
  0x06F1, 0x06F1, 0x06F1, 0x06F1, 0x06F1, 0x06F1, 0x06F1, 0x06F1,  /* 0xFBF8 */
  0x06F1, 0x06F1, 0x06F1, 0x06F1, 0x06F1, 0x06F1, 0x06F1, 0x06F1,  /* 0xFC00 */
  0x06F1, 0x06F1, 0x06F1, 0x06F1, 0x06F1, 0x06F1, 0x06F1, 0x06F1,  /* 0xFC08 */
  0x06F1, 0x06F1, 0x06F1, 0x06F1, 0x06F1, 0x06F1, 0x06F1, 0x06F1,  /* 0xFC10 */
  0x06F1, 0x06F1, 0x06F1, 0x06F1, 0x06F1, 0x06F1, 0x06F1, 0x06F1,  /* 0xFC18 */
  0x06F1, 0x06F1, 0x06F1, 0x06F1, 0x06F1, 0x06F1, 0x06F1, 0x06F1,  /* 0xFC20 */
  0x06F1, 0x06F1, 0x06F1, 0x06F1, 0x06F1, 0x06F1, 0x06F1, 0x06F1,  /* 0xFC28 */
  0x06F1, 0x06F1, 0x06F1, 0x06F1, 0x06F1, 0x06F1, 0x06F1, 0x06F1,  /* 0xFC30 */
  0x06F1, 0x06F1, 0x06F1, 0x06F1, 0x06F1, 0x06F1, 0x06F1, 0x06F1,  /* 0xFC38 */
  0x06F1, 0x06F1, 0x06F1, 0x06F1, 0x06F1, 0x06F1, 0x06F1, 0x06F1,  /* 0xFC40 */
  0x06F1, 0x06F1, 0x06F1, 0x06F1, 0x06F1, 0x06F1, 0x06F1, 0x06F1,  /* 0xFC48 */
  0x06F1, 0x06F1, 0x06F1, 0x06F1, 0x06F1, 0x06F1, 0x06F1, 0x06F1,  /* 0xFC50 */
  0x06F1, 0x06F1, 0x06F1, 0x06F1, 0x06F1, 0x06F1, 0x06F1, 0x06F1,  /* 0xFC58 */
  0x06F1, 0x06F1, 0x06F1, 0x06F1, 0x06F1, 0x06F1, 0x06F1, 0x06F1,  /* 0xFC60 */
  0x06F1, 0x06F1, 0x06F1, 0x06F1, 0x06F1, 0x06F1, 0x06F1, 0x06F1,  /* 0xFC68 */
  0x06F1, 0x06F1, 0x06F1, 0x06F1, 0x06F1, 0x06F1, 0x06F1, 0x06F1,  /* 0xFC70 */
  0x06F1, 0x06F1, 0x06F1, 0x06F1, 0x06F1, 0x06F1, 0x06F1, 0x06F1,  /* 0xFC78 */
  0x06F1, 0x06F1, 0x06F1, 0x06F1, 0x06F1, 0x06F1, 0x06F1, 0x06F1,  /* 0xFC80 */
  0x06F1, 0x06F1, 0x06F1, 0x06F1, 0x06F1, 0x06F1, 0x06F1, 0x06F1,  /* 0xFC88 */
  0x06F1, 0x06F1, 0x06F1, 0x06F1, 0x06F1, 0x06F1, 0x06F1, 0x06F1,  /* 0xFC90 */
  0x06F1, 0x06F1, 0x06F1, 0x06F1, 0x06F1, 0x06F1, 0x06F1, 0x06F1,  /* 0xFC98 */
  0x06F1, 0x06F1, 0x06F1, 0x06F1, 0x06F1, 0x06F1, 0x06F1, 0x06F1,  /* 0xFCA0 */
  0x06F1, 0x06F1, 0x06F1, 0x06F1, 0x06F1, 0x06F1, 0x06F1, 0x06F1,  /* 0xFCA8 */
  0x06F1, 0x06F1, 0x06F1, 0x06F1, 0x06F1, 0x06F1, 0x06F1, 0x06F1,  /* 0xFCB0 */
  0x06F1, 0x06F1, 0x06F1, 0x06F1, 0x06F1, 0x06F1, 0x06F1, 0x06F1,  /* 0xFCB8 */
  0x06F1, 0x06F1, 0x06F1, 0x06F1, 0x06F1, 0x06F1, 0x06F1, 0x06F1,  /* 0xFCC0 */
  0x06F1, 0x06F1, 0x06F1, 0x06F1, 0x06F1, 0x06F1, 0x06F1, 0x06F1,  /* 0xFCC8 */
  0x06F1, 0x06F1, 0x06F1, 0x06F1, 0x06F1, 0x06F1, 0x06F1, 0x06F1,  /* 0xFCD0 */
  0x06F1, 0x06F1, 0x06F1, 0x06F1, 0x06F1, 0x06F1, 0x06F1, 0x06F1,  /* 0xFCD8 */
  0x06F1, 0x06F1, 0x06F1, 0x06F1, 0x06F1, 0x06F1, 0x06F1, 0x06F1,  /* 0xFCE0 */
  0x06F1, 0x06F1, 0x06F1, 0x06F1, 0x06F1, 0x06F1, 0x06F1, 0x06F1,  /* 0xFCE8 */
  0x06F1, 0x06F1, 0x06F1, 0x06F1, 0x06F1, 0x06F1, 0x06F1, 0x06F1,  /* 0xFCF0 */
  0x06F1, 0x06F1, 0x06F1, 0x06F1, 0x06F1, 0x06F1, 0x06F1, 0x06F1,  /* 0xFCF8 */
  0x06F1, 0x06F1, 0x06F1, 0x06F1, 0x06F1, 0x06F1, 0x06F1, 0x06F1,  /* 0xFD00 */
  0x06F1, 0x06F1, 0x06F1, 0x06F1, 0x06F1, 0x06F1, 0x06F1, 0x06F1,  /* 0xFD08 */
  0x06F1, 0x06F1, 0x06F1, 0x06F1, 0x06F1, 0x06F1, 0x06F1, 0x06F1,  /* 0xFD10 */
  0x06F1, 0x06F1, 0x06F1, 0x06F1, 0x06F1, 0x06F1, 0x06F1, 0x06F1,  /* 0xFD18 */
  0x06F1, 0x06F1, 0x06F1, 0x06F1, 0x06F1, 0x06F1, 0x06F1, 0x06F1,  /* 0xFD20 */
  0x06F1, 0x06F1, 0x06F1, 0x06F1, 0x06F1, 0x06F1, 0x06F1, 0x06F1,  /* 0xFD28 */
  0x06F1, 0x06F1, 0x06F1, 0x06F1, 0x06F1, 0x06F1, 0x06F1, 0x06F1,  /* 0xFD30 */
  0x06F1, 0x06F1, 0x06F1, 0x06F1, 0x06F1, 0x06F1, 0x06F1, 0x06F1,  /* 0xFD38 */
  0x06F1, 0x06F1, 0x06F1, 0x06F1, 0x06F1, 0x06F1, 0x06F1, 0x06F1,  /* 0xFD40 */
  0x06F1, 0x06F1, 0x06F1, 0x06F1, 0x06F1, 0x06F1, 0x06F1, 0x06F1,  /* 0xFD48 */
  0x06F1, 0x06F1, 0x06F1, 0x06F1, 0x06F1, 0x06F1, 0x06F1, 0x06F1,  /* 0xFD50 */
  0x06F1, 0x06F1, 0x06F1, 0x06F1, 0x06F1, 0x06F1, 0x06F1, 0x06F1,  /* 0xFD58 */
  0x06F1, 0x06F1, 0x06F1, 0x06F1, 0x06F1, 0x06F1, 0x06F1, 0x06F1,  /* 0xFD60 */
  0x06F1, 0x06F1, 0x06F1, 0x06F1, 0x06F1, 0x06F1, 0x06F1, 0x06F1,  /* 0xFD68 */
  0x06F1, 0x06F1, 0x06F1, 0x06F1, 0x06F1, 0x06F1, 0x06F1, 0x06F1,  /* 0xFD70 */
  0x06F1, 0x06F1, 0x06F1, 0x06F1, 0x06F1, 0x06F1, 0x06F1, 0x06F1,  /* 0xFD78 */
  0x06F1, 0x06F1, 0x06F1, 0x06F1, 0x06F1, 0x06F1, 0x06F1, 0x06F1,  /* 0xFD80 */
  0x06F1, 0x06F1, 0x06F1, 0x06F1, 0x06F1, 0x06F1, 0x06F1, 0x06F1,  /* 0xFD88 */
  0x06F1, 0x06F1, 0x06F1, 0x06F1, 0x06F1, 0x06F1, 0x06F1, 0x06F1,  /* 0xFD90 */
  0x06F1, 0x06F1, 0x06F1, 0x06F1, 0x06F1, 0x06F1, 0x06F1, 0x06F1,  /* 0xFD98 */
  0x06F1, 0x06F1, 0x06F1, 0x06F1, 0x06F1, 0x06F1, 0x06F1, 0x06F1,  /* 0xFDA0 */
  0x06F1, 0x06F1, 0x06F1, 0x06F1, 0x06F1, 0x06F1, 0x06F1, 0x06F1,  /* 0xFDA8 */
  0x06F1, 0x06F1, 0x06F1, 0x06F1, 0x06F1, 0x06F1, 0x06F1, 0x06F1,  /* 0xFDB0 */
  0x06F1, 0x06F1, 0x06F1, 0x06F1, 0x06F1, 0x06F1, 0x06F1, 0x06F1,  /* 0xFDB8 */
  0x06F1, 0x06F1, 0x06F1, 0x06F1, 0x06F1, 0x06F1, 0x06F1, 0x06F1,  /* 0xFDC0 */
  0x06F1, 0x06F1, 0x06F1, 0x06F1, 0x06F1, 0x06F1, 0x06F1, 0x06F1,  /* 0xFDC8 */
  0x06F1, 0x06F1, 0x06F1, 0x06F1, 0x06F1, 0x06F1, 0x06F1, 0x06F1,  /* 0xFDD0 */
  0x06F1, 0x06F1, 0x06F1, 0x06F1, 0x06F1, 0x06F1, 0x06F1, 0x06F1,  /* 0xFDD8 */
  0x06F1, 0x06F1, 0x06F1, 0x06F1, 0x06F1, 0x06F1, 0x06F1, 0x06F1,  /* 0xFDE0 */
  0x06F1, 0x06F1, 0x06F1, 0x06F1, 0x06F1, 0x06F1, 0x06F1, 0x06F1,  /* 0xFDE8 */
  0x06F1, 0x06F1, 0x06F1, 0x06F1, 0x06F1, 0x06F1, 0x06F1, 0x06F1,  /* 0xFDF0 */
  0x06F1, 0x06F1, 0x06F1, 0x06F1, 0x06F1, 0x06F1, 0x06F1, 0x06F1,  /* 0xFDF8 */
  0x06F1, 0x06F1, 0x06F1, 0x06F1, 0x06F1, 0x06F1, 0x06F1, 0x06F1,  /* 0xFE00 */
  0x06F1, 0x06F1, 0x06F1, 0x06F1, 0x06F1, 0x06F1, 0x06F1, 0x06F1,  /* 0xFE08 */
  0x06F1, 0x06F1, 0x06F1, 0x06F1, 0x06F1, 0x06F1, 0x06F1, 0x06F1,  /* 0xFE10 */
  0x06F1, 0x06F1, 0x06F1, 0x06F1, 0x06F1, 0x06F1, 0x06F1, 0x06F1,  /* 0xFE18 */
  0x06F1, 0x06F1, 0x06F1, 0x06F1, 0x06F1, 0x06F1, 0x06F1, 0x06F1,  /* 0xFE20 */
  0x06F1, 0x06F1, 0x06F1, 0x06F1, 0x06F1, 0x06F1, 0x06F1, 0x06F1,  /* 0xFE28 */
  0x06F1, 0x06F1, 0x06F1, 0x06F1, 0x06F1, 0x06F1, 0x06F1, 0x06F1,  /* 0xFE30 */
  0x06F1, 0x06F1, 0x06F1, 0x06F1, 0x06F1, 0x06F1, 0x06F1, 0x06F1,  /* 0xFE38 */
  0x06F1, 0x06F1, 0x06F1, 0x06F1, 0x06F1, 0x06F1, 0x06F1, 0x06F1,  /* 0xFE40 */
  0x06F1, 0x06F1, 0x06F1, 0x06F1, 0x06F1, 0x06F1, 0x06F1, 0x06F1,  /* 0xFE48 */
  0x06F1, 0x06F1, 0x06F1, 0x06F1, 0x06F1, 0x06F1, 0x06F1, 0x06F1,  /* 0xFE50 */
  0x06F1, 0x06F1, 0x06F1, 0x06F1, 0x06F1, 0x06F1, 0x06F1, 0x06F1,  /* 0xFE58 */
  0x06F1, 0x06F1, 0x06F1, 0x06F1, 0x06F1, 0x06F1, 0x06F1, 0x06F1,  /* 0xFE60 */
  0x06F1, 0x06F1, 0x06F1, 0x06F1, 0x06F1, 0x06F1, 0x06F1, 0x06F1,  /* 0xFE68 */
  0x06F1, 0x06F1, 0x06F1, 0x06F1, 0x06F1, 0x06F1, 0x06F1, 0x06F1,  /* 0xFE70 */
  0x06F1, 0x06F1, 0x06F1, 0x06F1, 0x06F1, 0x06F1, 0x06F1, 0x06F1,  /* 0xFE78 */
  0x06F1, 0x06F1, 0x06F1, 0x06F1, 0x06F1, 0x06F1, 0x06F1, 0x06F1,  /* 0xFE80 */
  0x06F1, 0x06F1, 0x06F1, 0x06F1, 0x06F1, 0x06F1, 0x06F1, 0x06F1,  /* 0xFE88 */
  0x06F1, 0x06F1, 0x06F1, 0x06F1, 0x06F1, 0x06F1, 0x06F1, 0x06F1,  /* 0xFE90 */
  0x06F1, 0x06F1, 0x06F1, 0x06F1, 0x06F1, 0x06F1, 0x06F1, 0x06F1,  /* 0xFE98 */
  0x06F1, 0x06F1, 0x06F1, 0x06F1, 0x06F1, 0x06F1, 0x06F1, 0x06F1,  /* 0xFEA0 */
  0x06F1, 0x06F1, 0x06F1, 0x06F1, 0x06F1, 0x06F1, 0x06F1, 0x06F1,  /* 0xFEA8 */
  0x06F1, 0x06F1, 0x06F1, 0x06F1, 0x06F1, 0x06F1, 0x06F1, 0x06F1,  /* 0xFEB0 */
  0x06F1, 0x06F1, 0x06F1, 0x06F1, 0x06F1, 0x06F1, 0x06F1, 0x06F1,  /* 0xFEB8 */
  0x06F1, 0x06F1, 0x06F1, 0x06F1, 0x06F1, 0x06F1, 0x06F1, 0x06F1,  /* 0xFEC0 */
  0x06F1, 0x06F1, 0x06F1, 0x06F1, 0x06F1, 0x06F1, 0x06F1, 0x06F1,  /* 0xFEC8 */
  0x06F1, 0x06F1, 0x06F1, 0x06F1, 0x06F1, 0x06F1, 0x06F1, 0x06F1,  /* 0xFED0 */
  0x06F1, 0x06F1, 0x06F1, 0x06F1, 0x06F1, 0x06F1, 0x06F1, 0x06F1,  /* 0xFED8 */
  0x06F1, 0x06F1, 0x06F1, 0x06F1, 0x06F1, 0x06F1, 0x06F1, 0x06F1,  /* 0xFEE0 */
  0x06F1, 0x06F1, 0x06F1, 0x06F1, 0x06F1, 0x06F1, 0x06F1, 0x06F1,  /* 0xFEE8 */
  0x06F1, 0x06F1, 0x06F1, 0x06F1, 0x06F1, 0x06F1, 0x06F1, 0x06F1,  /* 0xFEF0 */
  0x06F1, 0x06F1, 0x06F1, 0x06F1, 0x06F1, 0x06F1, 0x06F1, 0x06F1,  /* 0xFEF8 */
  0x06F1, 0x06F1, 0x06F1, 0x06F1, 0x06F1, 0x06F1, 0x06F1, 0x06F1,  /* 0xFF00 */
  0x06F1, 0x06F1, 0x06F1, 0x06F1, 0x06F1, 0x06F1, 0x06F1, 0x06F1,  /* 0xFF08 */
  0x06F1, 0x06F1, 0x06F1, 0x06F1, 0x06F1, 0x06F1, 0x06F1, 0x06F1,  /* 0xFF10 */
  0x06F1, 0x06F1, 0x06F1, 0x06F1, 0x06F1, 0x06F1, 0x06F1, 0x06F1,  /* 0xFF18 */
  0x06F1, 0x06F1, 0x06F1, 0x06F1, 0x06F1, 0x06F1, 0x06F1, 0x06F1,  /* 0xFF20 */
  0x06F1, 0x06F1, 0x06F1, 0x06F1, 0x06F1, 0x06F1, 0x06F1, 0x06F1,  /* 0xFF28 */
  0x06F1, 0x06F1, 0x06F1, 0x06F1, 0x06F1, 0x06F1, 0x06F1, 0x06F1,  /* 0xFF30 */
  0x06F1, 0x06F1, 0x06F1, 0x06F1, 0x06F1, 0x06F1, 0x06F1, 0x06F1,  /* 0xFF38 */
  0x06F1, 0x06F1, 0x06F1, 0x06F1, 0x06F1, 0x06F1, 0x06F1, 0x06F1,  /* 0xFF40 */
  0x06F1, 0x06F1, 0x06F1, 0x06F1, 0x06F1, 0x06F1, 0x06F1, 0x06F1,  /* 0xFF48 */
  0x06F1, 0x06F1, 0x06F1, 0x06F1, 0x06F1, 0x06F1, 0x06F1, 0x06F1,  /* 0xFF50 */
  0x06F1, 0x06F1, 0x06F1, 0x06F1, 0x06F1, 0x06F1, 0x06F1, 0x06F1,  /* 0xFF58 */
  0x06F1, 0x06F1, 0x06F1, 0x06F1, 0x06F1, 0x06F1, 0x06F1, 0x06F1,  /* 0xFF60 */
  0x06F1, 0x06F1, 0x06F1, 0x06F1, 0x06F1, 0x06F1, 0x06F1, 0x06F1,  /* 0xFF68 */
  0x06F1, 0x06F1, 0x06F1, 0x06F1, 0x06F1, 0x06F1, 0x06F1, 0x06F1,  /* 0xFF70 */
  0x06F1, 0x06F1, 0x06F1, 0x06F1, 0x06F1, 0x06F1, 0x06F1, 0x06F1,  /* 0xFF78 */
  0x06F1, 0x06F1, 0x06F1, 0x06F1, 0x06F1, 0x06F1, 0x06F1, 0x06F1,  /* 0xFF80 */
  0x06F1, 0x06F1, 0x06F1, 0x06F1, 0x06F1, 0x06F1, 0x06F1, 0x06F1,  /* 0xFF88 */
  0x06F1, 0x06F1, 0x06F1, 0x06F1, 0x06F1, 0x06F1, 0x06F1, 0x06F1,  /* 0xFF90 */
  0x06F1, 0x06F1, 0x06F1, 0x06F1, 0x06F1, 0x06F1, 0x06F1, 0x06F1,  /* 0xFF98 */
  0x06F1, 0x06F1, 0x06F1, 0x06F1, 0x06F1, 0x06F1, 0x06F1, 0x06F1,  /* 0xFFA0 */
  0x06F1, 0x06F1, 0x06F1, 0x06F1, 0x06F1, 0x06F1, 0x06F1, 0x06F1,  /* 0xFFA8 */
  0x06F1, 0x06F1, 0x06F1, 0x06F1, 0x06F1, 0x06F1, 0x06F1, 0x06F1,  /* 0xFFB0 */
  0x06F1, 0x06F1, 0x06F1, 0x06F1, 0x06F1, 0x06F1, 0x06F1, 0x06F1,  /* 0xFFB8 */
  0x06F1, 0x06F1, 0x06F1, 0x06F1, 0x06F1, 0x06F1, 0x06F1, 0x06F1,  /* 0xFFC0 */
  0x06F1, 0x06F1, 0x06F1, 0x06F1, 0x06F1, 0x06F1, 0x06F1, 0x06F1,  /* 0xFFC8 */
  0x06F1, 0x06F1, 0x06F1, 0x06F1, 0x06F1, 0x06F1, 0x06F1, 0x06F1,  /* 0xFFD0 */
  0x06F1, 0x06F1, 0x06F1, 0x06F1, 0x06F1, 0x06F1, 0x06F1, 0x06F1,  /* 0xFFD8 */
  0x06F1, 0x06F1, 0x06F1, 0x06F1, 0x06F1, 0x06F1, 0x06F1, 0x06F1,  /* 0xFFE0 */
  0x06F1, 0x06F1, 0x06F1, 0x06F1, 0x06F1, 0x06F1, 0x06F1, 0x06F1,  /* 0xFFE8 */
  0x06F1, 0x06F1, 0x06F1, 0x06F1, 0x06F1, 0x06F1, 0x06F1, 0x06F1,  /* 0xFFF0 */
  0x06F1, 0x06F1, 0x06F1, 0x06F1, 0x06F1, 0x06F1, 0x06F1, 0x06F1,  /* 0xFFF8 */
};
